Category,Name,Net weight,Price
"Snacks","M.Y. San SkyFlakes Crackers | 25g 10pcs","25",64.5
"Snacks","Rebisco Sandwich Cracker Choco | 32g 10pcs","32",69.95
"Snacks","Regent Cheese Ring | 60g","60",18.5
"Snacks","Goldilocks Polvoron Pinipig | 300g 12pcs","300",199.5
"Snacks","Fibisco Choco Mallows | 100g","100",43.5
"Snacks","Oishi Pillows Chocolate | 38g","38",10.5
"Snacks","Nissin Wafer Choco | 12g 20pcs","12",50.5
"Snacks","Growers Salted Pistachio Nuts | 80g","80",144.5
"Snacks","Presto Creams Choco Peanut Butter | 30g 10pcs","30",68.5
"Snacks","Wl Muncher Nuts Orig Green Peas | 70g","70",16.95
"Snacks","BOY BAWANG MIXED NUTS GARLIC 100G","100",40.75
"Snacks","Goldilocks Polvoron Classic | 300g 12pcs","300",189.75
"Snacks","Nissin Butter Coconut | 14g 12pcs","14",44.5
"Snacks","Sunflower Crackers Plain | 10pcs","10",71.5
"Snacks","Mentos Fruit Mix | 135g 50pcs","135",46.5
"Snacks","Frutos Doublicious Candy | 50pcs","50",43.5
"Snacks","SM Bonus Marshmallows | 200g","200",51.5
"Snacks","Oishi Sponge Crunch Choco Soaked Snack | 30g","30",10.5
"Snacks","Martys Crackling Vegetable Chicharon Salt Vinegar | 26g","26",7.95
"Snacks","Jack & Jill Maxx Candy Honey Lemon | 50pcs","50",47.5
"Snacks","Frooty Twin Lollipop | 20pcs","20",28.5
"Snacks","Oishi Prawn Crackers Spicy | 90g","90",27.5
"Snacks","Presto Creams Choco | 30g 10pcs","30",68.5
"Snacks","Stick-O Wafer Stick Choco | 850g","850",169
"Snacks","Goldilocks Classic Polvoron | 600g 24pcs","600",374.5
"Snacks","Lemon Square Milkie Chocolate Biscuit | 127g 10pcs","127",67.5
"Snacks","WL Tattoos Corn Chips Spicy Pizza | 58g","58",8.5
"Snacks","Danish Strawberry Sandwich | 25g 10pcs","25",66.5
"Snacks","Oreo Chocolate | 29.4g 9pcs","29.4",77.95
"Snacks","Jack&Jill Nips Choco Malt | 40g","40",21.5
"Snacks","Ricoa Curly Tops | 24pcs","24",52.5
"Snacks","Phil Brand Mango Chocolate | 120g","120",389.5
"Snacks","Cocoa Monster Chocolate Mango Cubes | 170g","170",274.5
"Snacks","Chocovron Bitseize Crisped Rice | 80g","80",75
"Snacks","Nutella B Ready T6 | 132g","132",189.5
"Snacks","M.Y. San Fita Crackers | 30g","30",64.5
"Snacks","Nissin Bread Stix | 20g 10pcs","20",69.5
"Snacks","Oishi Bread Pan Cheese and Onion | 24g","24",7.95
"Snacks","Jack & Jill Nova Country Cheddar | 38g","38",19.25
"Snacks","Jack & Jill Piattos Sour Cream and Onion | 40g","40",17.95
"Snacks","Nissin Egg Nog Cookies | 18g 10pcs","18",69.5
"Snacks","Ricoa Flat Tops | 100pcs","100",194.5
"Snacks","Jack & Jill Mr. Chips Nacho Cheese | 98g","98",20.95
"Snacks","Jack & Jill VCut Potato Chips Spicy BBQ | 25g","25",19.5
"Snacks","Oishi Cracklings Salt & Vinegar | 50g","50",16.95
"Snacks","Jack & Jill Vcut Potato Chips Spicy Barbecue | 60g","60",34.5
"Snacks","Cream-O Chocolate Sandwich Cookes Choco | 30g 10pcs","30",74.5
"Snacks","Oishi Bread Pan Cheese and Onion | 42g","42",13.95
"Snacks","Oreo Vanilla | 29.4g 9pcs","29.4",77.95
"Snacks","Jack & Jill Piattos Cheese | 85g","85",35.95
"Snacks","Jack & Jill Mr. Chips Nacho Cheese | 24g","24",6.95
"Snacks","Gardenia Toasties | 30g 10pcs","30",75
"Snacks","Rebisco Hansel Plain | 32g 10pcs","32",69.95
"Snacks","Jack & Jill Nova Country Cheddar | 78g","78",34.5
"Snacks","Oishi Bread Pan Buttered Toast | 24g","24",7.95
"Snacks","Tomi Super Sweet Corn | 110g","110",27.95
"Snacks","Rebisco Dingdong Mixed Nut | 100g","100",24.5
"Snacks","Regent Snacku Vegetable Crackers | 60g","60",18.5
"Snacks","Jack & Jill Dewberry Strawberry N Cream | 33g 10pcs","33",85
"Snacks","Choc Nut Peanut Milk Chocolate | 24pcs","24",54.5
"Snacks","Oreo Strawberry | 29.4g 9pcs","29.4",77.95
"Snacks","Leslie Cheezy Cheezy | 70g","70",32.5
"Snacks","Rebisco Sandwich Cracker Strawberry | 10pcs","10",69.95
"Snacks","Cream-O Crinkles | 30g 10pcs","30",79.5
"Snacks","Hello Wafer Chocolate | 15g 10pcs","15",60
"Snacks","Chiz Curls | 18g","18",7.95
"Snacks","Fibisco The Ultimate Chocolate Chip Cookies | 600g Tin","600",259.95
"Snacks","Ricoa Flat Tops | 30pcs","30",59.5
"Snacks","Pinnacle Crisscross Creamy Cheese | 20g","20",6.95
"Snacks","M.Y. San SkyFlakes Crackers Condensada | 30g 10pcs","30",72.5
"Snacks","Rebisco Happy Nuts Garlic | 100g","100",36.5
"Snacks","Clover Chips Cheese | 55g","55",28.5
"Snacks","Rebisco Combi Triple Choco | 30g 10pcs","30",71.5
"Snacks","Dewberry Blueberrie 'N Cream | 33g 10pcs","33",85
"Snacks","Choco Crunchies Chocolate Covered Biscuits | 200g","200",81.5
"Snacks","Jack & Jill Cloud 9 Classic | 7g 36pcs","7",87.5
"Snacks","Jack & JIll Chippy BBQ | 108g","108",26.5
"Snacks","Crispy Patata Baked Potato | 24g","24",7.95
"Snacks","Rebisco Sandwich Flavor Bunch | 31g 10pcs","31",69.95
"Snacks","Milo Champ Bites | 15g","15",8.95
"Snacks","Oishi Kirei Yummy Flakes Shrimp Flavor | 45g","45",19.5
"Snacks","M.Y. San SkyFlakes Crackers | 900g","900",214.5
"Snacks","Tortillos BBQ | 100g","100",27.5
"Snacks","Smartfood Popcorn White Cheddar | 155.9g","155.9",109.95
"Snacks","Honey Butter Potato Chips | 60g","60",47.5
"Snacks","Moby Caramel Puffs | 60g","60",15.25
"Snacks","M.Y. San Skyflakes Fit Oat Fiber | 25g 10pcs","25",77.5
"Snacks","Oishi Onion Rings | 16g","16",7.95
"Snacks","Roller Coaster Cheddar Cheese | 85g","85",26.5
"Snacks","Pic A Ultimate Cheddar | 90g","90",38.95
"Snacks","Jack & Jill Piattos Roadhouse BBQ | 40g","40",19.5
"Snacks","Lotte Foods Lucheon Meat Chicken | 340g","340",147.5
"Snacks","Oishi Bread Pan White Cheddar Cheese | 24g","24",7.95
"Snacks","Jack & Jill Dewberry Blueberry Cheesecake | 33g 10pcs","33",85
"Snacks","M.Y. San Butter Cookies | 800g","800",339.5
"Snacks","Happy Nuts Salted | 5g 20pcs","5",24.5
"Snacks","M.Y. San Fita Crackers | 600g","600",214.5
"Snacks","Rebisco Bravo Biscuit | 10pcs","10",69.95
"Snacks","Loaded Choco Filled | 32g","32",9.5
"Snacks","Boy Bawang Garlic Garlic | 100g","100",18
"Snacks","Sumo Mini Sandwich Cookies Cream | 20g 10pcs","20",69.5
"Snacks","Potchi Gummikendi Strawberry Cream | 50pcs","50",43.5
"Snacks","Kit Kat Wafer | 17g 6pcs","17",90
"Snacks","Oishi Prawn Crackers Spicy | 60g","60",18.5
"Snacks","Quaker Mini Oaties Honey Nuts | 28g","28",14.5
"Snacks","Oishi Bread Pan Buttered Toast Flavor | 42g","42",13.95
"Snacks","Pringles Original | 107g can","107",92.5
"Snacks","Mentos Mint Candy | 135g 50pcs","135",46.5
"Snacks","MAGIC FLAKES FLAVORED CRACKER CHEESE 28.G (10 PCS)","10",65
"Snacks","Jack & Jill Berry Knots | 25g","25",8.95
"Snacks","Tortillos Cheese | 100g","100",27.5
"Snacks","Oishi Pillows Ube Filled Crackers | 38g","38",10.5
"Snacks","M.Y. San Happy Time Assorted | 1.5kg","1.5",449.5
"Snacks","M.Y. San Graham Crackers Honey | 210g","210",49.5
"Snacks","Oishi Fishda Kropek | 22g","22",7.95
"Snacks","Nagaraya Cracker Nuts Garlic | 80g","80",23.5
"Snacks","M.Y San Graham | 10pcs","10",76.5
"Snacks","Pinnacle Crisscross Cheesy Sour Cream and Onion | 20g","20",6.95
"Snacks","Chicharon ni Mang Juan Sukang Paombong | 90g","90",26.5
"Snacks","Oishi Fishda Kropek | 80g","80",26.5
"Snacks","Chicharon Ni Mang Juan Sukang Paombong | 26g","26",7.95
"Snacks","Nissin Bread Stix Cheese | 20g 10pcs","20",69.5
"Snacks","Oishi Crispy Patata | 85g","85",27.5
"Snacks","Chips Delight Chocolate Chip Cookies Chips | 35g","35",14.5
"Snacks","Hana Seaweed Laver | 7g 3pcs","7",124.5
"Snacks","Moby Crunchy Chocolate | 60g","60",18.5
"Snacks","Oishi Kirei Yummy Flakes | 60g","60",27.5
"Snacks","Jack & Jill Potato Chips Classic Barbeque | 60g","60",42.5
"Snacks","Rebisco Wafer Time Rich Creamy | 27g 10pcs","27",82.5
"Snacks","Lauras Egg Cracklet | 20g 10pcs","20",80
"Snacks","Rebisco Marie Biscuit Gold Plain | 40g 10pcs","40",64.95
"Snacks","Nagaraya Cracker Nuts Butter | 80g","80",23.5
"Snacks","Pic-A Ultimate Cheddar | 180g","180",59.95
"Snacks","Leslie Clover Chips Cheese | 145g","145",64.95
"Snacks","Gardenia Butter Toasted Bread | 125g","125",42.5
"Snacks","Oishi Rinbee Cheese Sticks | 85g","85",27.5
"Snacks","Quaker Mini Oaties Chocolate Chip | 26g","26",16.5
"Snacks","Khong Guan Iced Gem Biscuit | 30g 12pcs","30",91.5
"Snacks","TROLLI HOTDOG 9G (5 PCS)","9",34.5
"Snacks","Trolli Gummi World Assorted | 198g","198",111.5
"Snacks","Trolli Gummi Pizza | 124g","124",91.5
"Snacks","TROLLI GUMMY CANDY NEON SQUIGGLES 100G","100",69.5
"Snacks","Trolli Gummi Neon Squiggles | 500g","500",279.5
"Snacks","Trolli Gummi Sour Glow Worms | 500g","500",279.5
"Snacks","Trolli Gummi Classic Bear | 500g","500",279.5
"Snacks","Chupa Chups Sour Bites | 20g","20",15.5
"Snacks","4D GUMMY FRUITS 96G","96",54.5
"Snacks","4D Gummy Blocks |100g","100",54.5
"Snacks","O Puff Greentea Filled Marshmallow | 24pcs","24",30
"Snacks","Markenburg Camper Marshmallows Regular | 130g","130",35.95
"Snacks","Markenburg Marshmallow Large White | 283g","283",94.5
"Snacks","Markenburg Marshmallow Regular Assorted | 250g","250",69.95
"Snacks","Toblerone Bitter Sweet | 100g","100",164.5
"Snacks","Toblerone Milk Chocolate | 50g 6pcs","50",494.5
"Snacks","Ferrero Rocher | 200g 16pcs","200",464.5
"Snacks","Cadbury Dairy Milk Chocolate | 85g","85",106.5
"Snacks","Cadbury Dairy Milk Fruit & Nut | 80g","80",104.5
"Snacks","Cadbury Dairy Milk Fruit & Nut | 165g","165",164.5
"Snacks","Skittles Original Fruit | 45g","45",46.5
"Snacks","Mentos Strawberry Mix | 135g 50pcs","135",46.5
"Snacks","Sunmaid Raisins | 250g","250",142.5
"Snacks","Goldilocks Caramel Popcorn | 85g","85",56.5
"Snacks","Act II Popcorn Butter 3CT | 85g","85",199.5
"Snacks","JOVY BANANA CHIPS 100G","100",69.5
"Snacks","JOVY BANANA CHIPS 400G","400",214.5
"Snacks","HOP Polvoron Crisprice Zerosugar | 18pcs","18",214.5
"Snacks","HOP Polvoron Choco Covered | 192g 12pcs","192",182.5
"Snacks","HOP Polvoron Cookies & Cream | 234g 18pcs","234",182.5
"Snacks","HOP Polvoron Pinipig | 234g 18pcs","234",182.5
"Snacks","HOP Polvoron Purpleyam | 234g 18pcs","234",182.5
"Snacks","HOP Polvoron Cashew | 234g 18pcs","234",182.5
"Snacks","Hop Polvoron Classic | 234g 18pcs","234",182.5
"Snacks","HOP Polvoron Assorted | 260g 20pcs","260",194.5
"Snacks","Frabelle Salted Egg Potato Chips | 100g","100",219.5
"Snacks","Frabelle Foods Fish Skin Chips Regular Salted Egg | 100g","100",219.5
"Snacks","Tostas Thin Crispy BBQ Cheese | 49g","49",16.95
"Snacks","Stips Salted Egg Potato Chips Spicy | 200g","200",356.5
"Snacks","Stips Salted Egg Potato Original | 200g","200",356.5
"Snacks","Stips Salted Egg Fish Skin Spicy | 150g","150",356.5
"Snacks","Stips Salted Egg Fish Skin Original | 150g","150",356.5
"Snacks","Oh So Healthy Kimchi | 50g","50",116.5
"Snacks","Oh So Healthy Guava Papaya Banana | 40g","40",104.5
"Snacks","Oh So Healthy Mango Sweet Potato | 40g","40",104.5
"Snacks","FritoLay Doritos Tortilla Chips Smokin BBQ | 198.4g","198.4",169.95
"Snacks","Doritos Tortillas Chips Taco | 190g","190",169.95
"Snacks","Bambi Nacho Chips | 150g","150",69.5
"Snacks","GARDENIA BUTTER TOAST 60G (10 PCS)","60",192.5
"Snacks","Meiji Hello Panda Milk | 43g","43",47.5
"Snacks","Meiji Hello Panda Strawberry | 40g","40",47.5
"Snacks","Meiji Hello Panda Double Choco | 40g","40",47.5
"Snacks","Meiji Hello Panda Chocolate | 40g","40",47.5
"Snacks","Meiji Plain Crackers With Oat | 104g","104",99.5
"Snacks","Meiji Plain Crackers | 104g","104",99.5
"Snacks","Glico Pocky Strawberry | 38g","38",49.5
"Snacks","Glico Pocky Cookies & Cream | 40g","40",49.5
"Snacks","Glico Pocky Chocolate | 40g","40",49.5
"Snacks","Butter Cream Choco Crackers With Rainbow G | 25g 10pcs","25",74.5
"Snacks","Mrs. Goodman Chunkee Cookie Creampie | 20g 10pcs","20",109.95
"Snacks","Mrs. Goodman Chunkee Soft Cookies | 35g 10pcs","35",109.95
"Snacks","Lotus Biscoff Cookies | 250g","250",181.5
"Snacks","Oreo Mini Chocolate | 20.4g","20.4",15.5
"Snacks","Chips Delight Cookies Brownies | 200g","200",74.5
"Snacks","Richoco White Wafer | 24g 10pcs","24",66.5
"Snacks","Richoco Chocolate Wafer | 24g 10pcs","24",66.5
"Snacks","Nissin Wafer Double Chocolate | 55g","55",14.5
"Snacks","Nissin Wafer Cheese | 50g","50",14.5
"Snacks","Loacker Quadratini Dark Chocolate | 125g","125",134.5
"Snacks","Loacker Quadratini Wafer Biscuit Kakao | 125g","125",134.5
"Snacks","Loacker Quadratini Wafer Biscuit Napolitaner | 125g","125",134.5
"Snacks","Cal Cheese | 48g","48",15
"Snacks","SM Bonus Raisins | 200g","200",86.5
"Snacks","SM Bonus Mixed Biscuits | 2.5kg","2.5",342.5
"Snacks","Scotts Chewy Vit C Mixed Berries | 30pcs","30",176.75
"Snacks","Konu Mini Krunch Rainbow Jar | 160g","160",100
"Snacks","Konu Mini Krunch Chocolate Jar | 160g","160",100
"Snacks","Moniegold Sweet Tamarind | 190g","190",59.5
"Snacks","Moniegold Sweet Spicy Tamarind | 190g","190",59.5
"Snacks","Ram Raisins | 225g","225",119.5
"Snacks","Growers Mix Nuts | 80g","80",78.5
"Snacks","Growers Glazes Pili Nuts Family Size | 80g","80",124.5
"Snacks","Nagaraya Cracker Nuts Adobo | 80g","80",23.5
"Snacks","Tobi Mexican Peanuts Super Hot | 120g","120",74.5
"Snacks","Tobi Garlic Peanuts | 120g","120",69.5
"Snacks","Boy Bawang Lechon Manok Flavor | 90g","90",21.5
"Snacks","Hello Kitty Surprise Egg | 10g","10",54.5
"Snacks","Push Pop Jumbo Candy | 30g","30",54.5
"Snacks","Porky Best Chicharon Regular | 60g","60",51.5
"Snacks","Porky Best Chicharon Hot | 60g","60",51.5
"Snacks","Lauras Butter Cookies Tins | 250g","250",184.5
"Snacks","Lauras Broas Tubs Lady Finger Biscuits | 350g","350",319.5
"Snacks","Nissin Butter Coconut | 90g","90",26.5
"Snacks","Lotte Pepero Choco Cookie | 32g","32",59.5
"Snacks","Fibisco Soda Crackers Plain | 25g 10pcs","25",69.5
"Snacks","Fibisco Chocolate Crunchies | 60g","60",28.5
"Snacks","Mondelez Oreo Choco Cookies | 220.80g","220.80",81.5
"Snacks","Oreo Small Crushed Cookie Pieces | 454g","454",199.5
"Snacks","Richoco Choco Big Rolls | 300g","300",144.5
"Snacks","Nissin Wafer Cheese Kingsize | 22g 10pcs","22",67.5
"Snacks","Goya Dark Almond | 90g","90",84.5
"Snacks","Goya Cookies & Cream | 30g","30",26.5
"Snacks","Goya Raisins Covered With Milk Choco | 33g","33",26.5
"Snacks","Goya Chocolate Coins Big Pack | 280g","280",209.5
"Snacks","Choco Mucho Cookies & Cream | 30g","30",9.5
"Snacks","Cadbury Dairy Milk Chocolate bar | 165g","165",154.5
"Snacks","Cadbury Dairy Milk Lickables | 20g","20",59.5
"Snacks","Regent King Crab Crackers | 85g","85",26.5
"Snacks","Oishi Fish Crackers | 90g","90",27.5
"Snacks","Lays Swiss Cheese | 50g","50",55.5
"Snacks","Jack & Jill Piattos Supersized Cheese Flavored Potato Chips Party Pack | 170g","170",71.5
"Snacks","Hersheys Kisses Cookies & Cream | 36g","36",59.5
"Snacks","Hershey S Cookies N Cream Chocolate | 40g","40",54.5
"Snacks","Hersheys Dark Chocolate | 40g","40",54.5
"Snacks","Cadbury Pop Out Heart | 150g","150",159.5
"Snacks","SM Bonus California Raisins Seedless | 100g","100",44.5
"Snacks","SM Bonus Dried Mango | 200g","200",239.5
"Snacks","SM Bonus Marshmallows Mini | 200g","200",54.5
"Snacks","SM Bonus Marshmallows | 80g","80",21
"Snacks","Sunmaid Raisins | 100g","100",59.5
"Snacks","Ram Raisins | 200g","200",104.5
"Snacks","Ram Raisins | 100g","100",52.5
"Snacks","Philippine Brand Dried Mango Sliced | 200g","200",275
"Snacks","Philippine Brand Dried Mango | 100g","100",139.5
"Snacks","Moniegold Tamarind Chewy Candy | 80g","80",46.5
"Snacks","Moniegold Chewey Tamarind Candy | 50g","50",22.5
"Snacks","Moniegold Tamarind Chewy Candy | 150g","150",82.5
"Snacks","Chivalry Cow Label | 10pcs","10",294.5
"Snacks","Chivalry Pusit Medium | 10pcs","10",226.5
"Snacks","Cebu Dried Mango | 100g","100",139.5
"Snacks","Cebu Dried Mango | 200g","200",275
"Snacks","7D Dried Mango | 200g","200",276.5
"Snacks","7D Dried Mango | 100g","100",138.5
"Snacks","Wl Muncher Coated Greenpeas | 70g","70",16.95
"Snacks","WL Super Bawang | 100g","100",24.5
"Snacks","WL Muncher Coated Greenpeas Beef Spicy | 200g","200",48.5
"Snacks","WL Corn Bits Nuts Special Bbq | 70g","70",16.95
"Snacks","Wl Corn Bits Nuts Special Mix | 70g","70",18.5
"Snacks","Wl Corn Bits Nuts Special Original | 70g","70",16.95
"Snacks","WL Corn Bits Supreme Bbq | 200g","200",48.5
"Snacks","Wl Corn Bits Supreme Mix | 200g","200",51.5
"Snacks","Tobi Squash Seeds | 100g","100",69.5
"Snacks","Tobi Toasted Cashew Nuts | 100g","100",164.5
"Snacks","Sugo Greaseless Hot & Spicy Peanuts | 50g","50",14.5
"Snacks","Sugo Greaseless Salted Peanuts | 50g","50",14.5
"Snacks","Sugo Grease Less Hot and Spicy Peanuts | 100g","100",36.5
"Snacks","Sugo Grease Less Salted Peanuts | 100g","100",36.5
"Snacks","Oishi Mobster Caramel Cheese Popcorn | 60g","60",19.5
"Snacks","Oishi Chocolate Popcorn | 60g","60",19.5
"Snacks","Oishi Popcorn Caramel | 60g","60",19.5
"Snacks","Nut N Else Wow Casoy Garlic | 300g","300",409.5
"Snacks","Nut N Else Wow Mani Garlic Peanut | 400g","400",251.5
"Snacks","Nagaraya Cracker Nuts BBQ | 80g","80",23.5
"Snacks","Nagaraya Cracker Nuts Hot Spicy | 80g","80",23.5
"Snacks","Nagaraya Cracker Nuts Adobo | 160g","160",46.5
"Snacks","Nagaraya Cracker Nuts BBQ | 160g","160",46.5
"Snacks","Nagaraya Cracker Nuts Garlic | 160g","160",46.5
"Snacks","Nagaraya Cracker Nuts Hot & Spicy | 160g","160",46.5
"Snacks","Nagaraya Cracker Nuts Butter | 160g","160",46.5
"Snacks","Boy Bawang Adobo | 90g","90",21.5
"Snacks","Boy Bawang Hot Garlic | 90g","90",21.5
"Snacks","Boy Bawang Chili Cheese | 80g","80",21.5
"Snacks","Boy Bawang Chichacorn Garlic | 100g","100",32.5
"Snacks","Kettle Korn Butter Licious | 120g","120",54.5
"Snacks","Kettle Korn Whole Grain Glazed Popcorn Salted Caramel | 120g","120",54.5
"Snacks","Kettle Korn Whole Grain Glazed Popcorn Sweet & Salty | 120g","120",54.5
"Snacks","Kettle Korn Whole Grain Glazed Popcorn Cheese | 120g","120",54.5
"Snacks","JBC Hi Ho Bbq Coated Nuts | 5g 20pcs","5",24.5
"Snacks","Happy Classic Adobong Mani | 100g","100",36.5
"Snacks","Happy Peanut Sweet Chili | 100g","100",36.5
"Snacks","Dingdong Sweet & Spicy | 95g","95",24.5
"Snacks","Dingdong Mixed Nuts | 5g 20pcs","5",24.5
"Snacks","Dingdong Hot & Spicy | 100g","100",24.5
"Snacks","Rebisco Dingdong Real Garlic | 100g","100",24.5
"Snacks","Growers Peanut Garlic Party Pack | 280g","280",126.5
"Snacks","Growers Peanut Savour Hot Party Pack | 280g","280",136.5
"Snacks","Growers Toasted Cashew Nuts | 80g","80",89
"Snacks","Growers Cashew Nuts Salted | 80g","80",114.5
"Snacks","Growers Savoury Hot Peanut | 80g","80",46.5
"Snacks","Growers Peanut Garlic S | 8g 20pcs","8",48.5
"Snacks","Growers Peanut Garlic | 80g","80",34.5
"Snacks","Porkybest Chicharon | 100g","100",79.5
"Snacks","Porkybest Chicharon Hot Family Size | 100g","100",79.5
"Snacks","Goldilocks Ube Polvoron | 300g 12pcs","300",199.5
"Snacks","Goldilocks Polvoron Cashew | 300g 12pcs","300",199.5
"Snacks","Goldilocks Cookies & Cream Polvoron | 300g 12pcs","300",199.5
"Snacks","Fry & Pop Lobster Crackers | 200g","200",47.5
"Snacks","Fry & Pop Vegetable Crackers | 200g","200",47.5
"Snacks","Fry & Pop Shimp Crackers | 200g","200",47.5
"Snacks","Fry & Pop Onion & Garlic | 200g","200",47.5
"Snacks","Fry & Pop Squid Flakes | 200g","200",47.5
"Snacks","Chocovron Choco Coated Cookies & Cream | 240g","240",189.5
"Snacks","WL Cheepee Corn Chips | 120g","120",24.5
"Snacks","WL Cheez Zum | 60g","60",17.5
"Snacks","WL Cheez Zum Cheese Ring Snacks | 88g","88",26.5
"Snacks","WL Cheez Zum Corn Puffed Snacks | 88g","88",26.5
"Snacks","Wl Tattoos Corn Tube Bbq Flavor | 60g","60",12.5
"Snacks","Wl Tattoos Corn Chips | 120g","120",24.5
"Snacks","WL Tattoos Corn Tube Spicy Cheese | 60g","60",12.5
"Snacks","Humpy Dumpy Chili & Garlic | 110g","110",27.95
"Snacks","Humpy Dumpy Buttered Cheese | 110g","110",27.95
"Snacks","Mexicorn BBQ | 110g","110",27.95
"Snacks","Mexicorn Viva Cheese | 110g","110",27.95
"Snacks","Regent Cheese Ball | 60g","60",18.5
"Snacks","Regent Sweet Corn | 60g","60",18.5
"Snacks","Regent King Crab Crackers | 160g","160",45
"Snacks","Regent Tempura Shrimp | 100g","100",24.5
"Snacks","Pringles Original Can | 149g","149",119.5
"Snacks","Pringles Cheddar Cheese Can | 158g","158",119.5
"Snacks","Pringles Can Sour Cream and Onion | 42g","42",46.5
"Snacks","Pringles Can Original | 42g","42",46.5
"Snacks","Pringles Cheese | 110g can","110",104.5
"Snacks","Pringles Sour Cream and Onion | 110g can","110",92.5
"Snacks","Choco Sponge Crunch Party Size | 120g","120",47.5
"Snacks","Oishi Ridges Cheese Garlic | 60g","60",36.5
"Snacks","Oishi Ridges Bbq | 60g","60",36.5
"Snacks","Oishi Ridges Cheese | 60g","60",36.5
"Snacks","Oishi Ridges Onion and Garlic | 60g","60",36.5
"Snacks","Oishi Prawn Crackers Sweet & Extra Hot | 60g","60",18.5
"Snacks","Oishi Prawn Crackers Regular | 60g","60",18.5
"Snacks","Oishi Prawn Crackers Sweet Extra Hot | 90g","90",27.5
"Snacks","Oishi Prawn Crackers Classic | 90g","90",27.5
"Snacks","Baked Porky Popps Classic Vinegar | 34g","34",36.5
"Snacks","Baked Porky Popps Hot & Spicy | 34g","34",36.5
"Snacks","Oishi Panchos Taco Flavor | 85g","85",27.5
"Snacks","Oishi Panchos Nacho Cheese Flavor | 85g","85",27.5
"Snacks","Oishi Panchos Barbecue Flavor | 85g","85",27.5
"Snacks","Oishi Natural Potato Chips Sweet Spicy | 60g","60",36.5
"Snacks","Oishi Gourmet Picks Salted Egg | 60g","60",47.5
"Snacks","Oishi Potato Fries Barbeque | 50g","50",16.95
"Snacks","Oishi Potato Fries Plain Salted | 50g","50",16.95
"Snacks","Oishi Potato Fries Cheese | 50g","50",16.95
"Snacks","Oishi Potato Crisps Cheese | 18g","18",7.95
"Snacks","Oishi Potato Crisps Beef N Chili | 50g","50",19.5
"Snacks","Oishi Potato Crisps Creamy Garlic | 50g","50",19.5
"Snacks","Oishi Potato Crisps Cheese | 50g","50",19.5
"Snacks","Nutri Star Chicken Bbq Flavor | 60g","60",18.5
"Snacks","Okeji Tempura | 100g","100",27.95
"Snacks","Peewee Flavor Snack Pizza Supreme | 95g","95",27.95
"Snacks","Peewee Sizzling BBQ Flavor Snack Supreme | 95g","95",27.95
"Snacks","Peewee Sizzling BBQ Flavor Snack Supreme | 60g","60",18.5
"Snacks","Peewee Pizza Flavor Snack Supreme | 60g","60",18.5
"Snacks","Moby Crunchy Chocolate | 25g","25",7.95
"Snacks","Moby Caramel Puffs | 25g","25",7.95
"Snacks","Moby Crunchy Chocolate | 90g","90",27.95
"Snacks","Moby Caramel Puffs | 90g","90",27.95
"Snacks","Richee Milk | 60g","60",18.5
"Snacks","Cheez It Cheese & Ham | 95g","95",27.95
"Snacks","Cheez It Cheese | 95g","95",27.95
"Snacks","Cheez It Cheese & Ham | 60g","60",18.5
"Snacks","Cheez It Cheese | 60g","60",18.5
"Snacks","Mega Mexicana Taco Shells | 130g","130",78.5
"Snacks","MEGA MEXICANA NACHOS 180G","180",76.5
"Snacks","Martys Baconette Strips Bacon | 90g","90",29.5
"Snacks","Martys Crackling Vegetable Chicharon Plain | 90g","90",23.5
"Snacks","Martys Crackling Vegetable Chicharon Salt Vinegar | 90g","90",23.5
"Snacks","Martys Crackling Vegetable Chicharon Spicy Vinegar | 90g","90",23.5
"Snacks","Leslie Nacho Corn Cheese | 100g","100",28.95
"Snacks","Leslie Nacho Corn BBQ | 100g","100",28.95
"Snacks","Leslie Cheeze Red Hot | 150g","150",61.5
"Snacks","Leslie Cheezy | 150g","150",61.5
"Snacks","Leslie Cheezy O | 60g","60",25
"Snacks","Leslie Cheezy Buffalo Wings | 70g","70",32.5
"Snacks","Leslie Cheeze Red Hot | 70g","70",32.5
"Snacks","Leslie Clover Chips Ham&Cheese | 85g","85",38.95
"Snacks","Leslie Clover Chips Chili & Cheese | 85g","85",38.95
"Snacks","Lays Stax Original | 100g","100",75
"Snacks","Lays Stax Cheese | 100g","100",75
"Snacks","Lays Stax Thailand Sour Cream and Onion | 100g","100",75
"Snacks","Lays Kyushu Seaweed | 50g","50",54.95
"Snacks","Lay's Potato Chips Sour Cream and Onion | 170g","170",169.95
"Snacks","La La Tempura Shrimp Flavoured Snack | 100g","100",34.5
"Snacks","Lala Fish Cracker | 100g","100",34.5
"Snacks","Jack & Jill Chiz Curls | 55g","55",22.5
"Snacks","Jack & Jill Vcut Onion & Garlic | 60g","60",42.5
"Snacks","Jack & Jill Vcut Potato Chips Cheese | 60g","60",42.5
"Snacks","Jack & Jill Potato Chips Classic Sour Cream & Onion | 60g","60",42.5
"Snacks","Jack & Jill Potato Chips Plain Salted Flavor | 60g","60",42.5
"Snacks","Pic A BBQ Overload | 90g","90",38.95
"Snacks","Pic A Sweet Chili Snack Mix | 170g","170",64.5
"Snacks","Pic-A BBQ Overload | 180g","180",64.5
"Snacks","Jack & Jill Piattos Roast Beef | 85g","85",38.95
"Snacks","Jack & Jill Piattos Nacho Pizza | 85g","85",38.95
"Snacks","Piattos Roadhouse BBQ | 85g","85",38.95
"Snacks","Jack & Jill Chippy Mild & Tasty | 108g","108",26.5
"Snacks","Chippy Garlic & Vinegar | 110g","110",26.5
"Snacks","Jack & Jill Chippy Chili & Chiz | 108g","108",26.5
"Snacks","Calbee Potato Chips Cheddar & Sourcream | 28g","28",23.5
"Snacks","Calbee Potato Chips Classic Salted | 28g","28",23.5
"Snacks","Calbee Potato Chips Classic Salted | 170g","170",134.5
"Snacks","CALBEE POTATO CHIPS CHEDDAR & SOURCREAM 170G","170",134.5
"Snacks","Honey Butter Potato Chips | 170g","170",134.5
"Snacks","Granny Goose Tortillos Cheese | 160g","160",42.5
"Snacks","Granny Goose Tortillos Chili | 100g","100",27.5
"Snacks","Granny Goose Tortillos Chili | 160g","160",42.5
"Snacks","Granny Goose Tortillos BBQ | 160g","160",42.5
"Snacks","Chicharon ni Mang Juan Espesyal Sukat Sili | 90g","90",26.5
"Snacks","Cheetos Crunchy Cheese | 215g","215",147.5
"Snacks","Oishi Bread Pan Toasted Garlic Flavor | 42g","42",13.95
"Snacks","Oishi Bread Pan White Cheddar Cheese | 42g","42",13.95
"Snacks","Nissin Egg Nog Cookies Regular | 130g","130",39.5
"Snacks","Nissin Egg Nog Cookies | 32g","32",13.5
"Snacks","Nissin Bread Stix | 35g","35",13.5
"Snacks","Lauras Puto Seko | 100g","100",34.5
"Snacks","Lauras Breadstick Small | 100g","100",34.5
"Snacks","Laurias Otap in Can | 600g","600",277.5
"Snacks","Lauras Otap Special | 210g","210",79.5
"Snacks","Laurias Egg Cracklet | 150g","150",59.5
"Snacks","Rebisco Maxi Mix | 1.5kg","1.5",424.5
"Snacks","Rebisco Partymix Biscuits | 1.68kg","1.68",379.5
"Snacks","Rebisco Extreme Choco Coated Sandwich | 25g 10pcs","25",69.95
"Snacks","Rebisco Hansel Premium Cheese Sandwich | 127g","127",69.95
"Snacks","Rebisco Sandwich Butter | 10pcs","10",69.95
"Snacks","Rebisco Sandwich Cream | 10pcs","10",69.95
"Snacks","Rebisco Sandwich Fiesta Pastillas | 10pcs","10",69.95
"Snacks","Rebisco Honey Butter Crackers | 32g 10pcs","32",69.95
"Snacks","Rebisco Whole Wheat Crackers | 32g 10pcs","32",69.95
"Snacks","Rebisco Crackers Plain | 35g 10pcs","35",69.95
"Snacks","Rebisco Super Thins Choco Cracker | 26g 10pcs","26",69.95
"Snacks","Rebisco Super Thin Crackers Milk | 26g 10pcs","26",69.95
"Snacks","Oishi Pillows Chocolate Crackers | 24g 10pcs","24",74.5
"Snacks","Oishi Pillows Chocolate | 150g","150",47.5
"Snacks","Monde Nissin Butter Coconut Bites | 30g","30",10.5
"Snacks","M.Y. San Skyflakes Cracker Onion Chives | 25g 10pcs","25",72.5
"Snacks","M.Y. San Skyflakes Cheese | 25g 10pcs","25",72.5
"Snacks","M.Y San Skyflakes Fit Flaxseed | 25g 10pcs","25",77.5
"Snacks","M.Y. San Skyflakes Garlic | 25g 10pcs","25",72.5
"Snacks","Skyflakes Sandwich Sweet Mantikilya | 30g 10pcs","30",72.5
"Snacks","M.Y. San SkyFlakes Sandwich Cracker Tsokolate | 30g 10pcs","30",72.5
"Snacks","M.Y. San Skyflakes Crackers | 200g","200",49.5
"Snacks","M.Y. San Fita Spreadz Spicy Tuna | 25g 10pcs","25",79.5
"Snacks","Fita Spreadz Bacon | 25g 10pcs","25",79.5
"Snacks","M.Y. San Graham Crackers Honey | 700g","700",219.5
"Snacks","Milky Marie Biscuits | 10pcs","10",54.5
"Snacks","Meiji Hello Panda Milk | 32g","32",30
"Snacks","Meiji Hello Panda Double Choco | 32g","32",30
"Snacks","Meiji Hello Panda Strawberry | 32g","32",30
"Snacks","Meiji Hello Panda Choco Foil | 35g","35",30
"Snacks","Meiji Yan Yan Vanilla | 50g","50",56.5
"Snacks","Meiji Yan Yan Creamy Choco Hazelnut | 44g","44",56.5
"Snacks","Meiji Yanyan Strawberry | 50g","50",56.5
"Snacks","Meiji Yan Yan Double Creme | 44g","44",56.5
"Snacks","Meiji Yanyan Chocolate | 50g","50",56.5
"Snacks","Magic Flakes Butter Cream | 28g 10pcs","28",65
"Snacks","Magic Flakes Chocolate Cream | 28g 10pcs","28",65
"Snacks","Magic Flavors Onion Chives Crackers | 28g 10pcs","28",65
"Snacks","Magic Flakes Crackers Junior Premium | 16g 10pcs","16",34.5
"Snacks","Magic Flakes Crackers Premium | 28g 10pcs","28",65
"Snacks","Magic Creams Junior Choco Cream | 16g 10pcs","16",34.5
"Snacks","Magic Creams Jr Butter & Berry | 16g 10pcs","16",34.5
"Snacks","Magic Creams Junior Condensada | 16g 10pcs","16",34.5
"Snacks","Lotte Pepero Stick Chocolate | 47g","47",54.5
"Snacks","Lotte Pepero Stick White Choco | 32g","32",59.5
"Snacks","Lotte Peppero Stick Almond | 32g","32",59.5
"Snacks","Tiger Energy Biscuits Choco | 21g 10pcs","21",76.5
"Snacks","Tiger Energy Biscuits Vanilla | 25.2g 10pcs","25.2",76.5
"Snacks","Delfi Knick Knacks Chocolate | 21g","21",8.95
"Snacks","Delfi Knick Knacks Milk | 21g","21",8.95
"Snacks","Delfi Knick Knack Strawberry | 21g","21",9.5
"Snacks","Delfi Knick Knacks Strawberry Coated Biscuits | 50g","50",15.95
"Snacks","Knick Knacks Milk | 50g","50",15.5
"Snacks","Knick Knacks Chocolate | 50g","50",15.5
"Snacks","Juju Disney Number Biscuits | 95g","95",34.5
"Snacks","Jack & Jill Milky Knots | 25g","25",8.95
"Snacks","Magic Chips Bbq | 28g","28",8.5
"Snacks","Goya Pretzel Twist Cream White Chocolate | 21g","21",9.5
"Snacks","Goya Pretzel Twist Dark Chocolate | 21g","21",9.75
"Snacks","Goya Pretzel Twist Milk Chocolate | 21g","21",9.5
"Snacks","Fibisco Biscuit Jolly | 10pcs","10",72.5
"Snacks","Sunflower Mango Sandwich | 27g 10pcs","27",74.5
"Snacks","Sunflower Strawberry Sandwich | 27g 10pcs","27",74.5
"Snacks","Croley Cracker Buttercream Lecheflan | 25g 10pcs","25",74.5
"Snacks","Croley Buttercream Cracker Ube | 25g 10pcs","25",74.5
"Snacks","Croley Buttercream Cracker Choco | 25g 10pcs","25",74.5
"Snacks","Croley Cracker Buttercream Macaroons | 25g 10pcs","25",74.5
"Snacks","Croley Buttercreams Cracker Ensaymada | 25g 10pcs","25",74.5
"Snacks","Juju Choco Snack Biscuits With Chocolate Cream | 45g","45",34.5
"Snacks","Juju Choco Snack Biscuit | 45g","45",34.5
"Snacks","Choco Mucho Chocolate Sandwich | 33g 10pcs","33",84.5
"Snacks","Choco Mucho White Filing Sandwich | 33g 10pcs","33",84.5
"Snacks","Rebisco Frooties Strawberry | 30g 10pcs","30",69.95
"Snacks","Rebisco Hansel Sandwich Flavor Bunch | 32g 10pcs","32",69.95
"Snacks","Rebisco Hansel Milk Sandwich | 10pcs","10",69.95
"Snacks","Rebisco Hansel Choco | 10pcs","10",69.95
"Snacks","Quaker Mini Oaties Apple & Cinnamon | 28g","28",14.5
"Snacks","Quaker Mini Oaties Cookie Raisins | 26g","26",14.5
"Snacks","Presto Creams Sandwich Cookies Choco Vanilla | 30g 10pcs","30",68.5
"Snacks","Ovaltine Chocolate Malt Cookies | 130g","130",51.5
"Snacks","Nissin Bingo Choco Vanilla Sandwich | 28g 10pcs","28",69.5
"Snacks","Nissin Bingo Choco Orange Sandwich | 28g 10pcs","28",69.5
"Snacks","Nissin Bingo Double Choco Sandwich | 10pcs","10",69.5
"Snacks","Mondelez Oreo Double Stuff | 119.1g","119.1",52.5
"Snacks","Mondelez Oreo Cookies | 110.4g","110.4",40
"Snacks","Mondelez Oreo Mini Chocolate Cookies | 58.4g","58.4",44.5
"Snacks","Mondelez Oreo Mini Vanilla Cookies | 58.4g","58.4",44.5
"Snacks","Mondelez Chips Ahoy Cookies | 85.5g","85.5",62.5
"Snacks","Mondelez Chips Ahoy | 38g","38",27.5
"Snacks","Cream O Deluxe Choco | 33g 10pcs","33",79.5
"Snacks","Cream-O Chocolate Chip Cookies | 36g 10pcs","36",104.5
"Snacks","Fibisco Biscuit Hi-ro | 10pcs","10",73.5
"Snacks","Chips Delight Choco Stripped | 70g","70",34.5
"Snacks","Chips Delight Choco Stripped | 175g","175",87.5
"Snacks","Chips Delight Cookies Rainbow Candy | 80g","80",32.5
"Snacks","Chips Delight Chocolate Chip Cookies | 80g","80",32.5
"Snacks","Chips Delight Chocolate Chip Cookies | 200g","200",74.5
"Snacks","Super Stix Jr Choco | 330g","330",69.75
"Snacks","Super Stix Jr Milk | 330g","330",85
"Snacks","Super Stix Jr Pandan | 330g","330",85
"Snacks","Super Stix Jr Mocha | 330g","330",85
"Snacks","Stick O Wafer Stick Jr Strawberry | 380g","380",84.5
"Snacks","Stick O Wafer Stick Jr Ube | 380g","380",84.5
"Snacks","Choco Chum Choco Burst | 32g","32",9.5
"Snacks","Choco Chum White Choco Burst | 32g","32",9.5
"Snacks","Choco Chum Choco Burst | 65g","65",18.5
"Snacks","Loaded Nutty Filled | 32g","32",9.5
"Snacks","Loaded Cheese Filled | 32g","32",9.5
"Snacks","Loaded White Choco Filled | 32g","32",9.5
"Snacks","Richeese Wafer Cheese | 48g","48",11.95
"Snacks","Richeese Wafer Cheese | 20g 10pcs","20",66.5
"Snacks","Rebisco Wafertime Strawberry | 11g 20pcs","11",56.5
"Snacks","Rebisco Wafertime Milk | 11g 20pcs","11",56.5
"Snacks","Rebisco Wafertime Crispy Chocofilled | 13g 20pcs","13",56.5
"Snacks","Nissin Cubee Choco N Cream | 25g","25",12.5
"Snacks","Nissin Cubee Vanilla Fudge | 25g","25",12.5
"Snacks","Nissin Stick Wafer Strawberry G | 22g 10pcs","22",69.95
"Snacks","Nissin Stick Wafer Choco | 22g 10pcs","22",69.95
"Snacks","Monde Nissin Waffle Deluxe Choco | 23g 12pcs","23",164.5
"Snacks","Nissin Wafer Choco King Size | 22g 10pcs","22",67.5
"Snacks","Nissin Wafer Yummy Butter | 12g 20pcs","12",61.5
"Snacks","Nissin Vanilla Wafer | 12g 20pcs","12",61.5
"Snacks","Wafrets Brix Choco Vanilla | 24g 10pcs","24",71.5
"Snacks","Wafrets Brix Cheese | 24g 10pcs","24",71.5
"Snacks","Wafrets Brix Choco | 24g 10pcs","24",71.5
"Snacks","Hello Wafer Vanilla | 15g 10pcs","15",60
"Snacks","Goya Quadros Crispy Wafers White Choco | 60g","60",39.5
"Snacks","Goya Quadros Crispy Wafers Chocolate | 60g","60",39.5
"Snacks","Fairys Cone Cup | 18pcs","18",43.5
"Snacks","Fairys Cone Sugar | 12pcs","12",49.5
"Snacks","Meiji Black Chocolate | 120g","120",176.5
"Snacks","Meiji White Chocolate | 40g","40",79.5
"Snacks","Meiji Milk Chocolate | 120g","120",176.5
"Snacks","Meiji Strawberry Chocolate | 120g","120",176.5
"Snacks","Meiji Kouka Cacao 86% | 60g","60",159.5
"Snacks","Meiji Kouka Cacao 72% | 65g","65",159.5
"Snacks","Konu Mini Crunch Choco Jar | 360g","360",164.5
"Snacks","Konu Mini Crunch Macha Jar | 360g","360",164.5
"Snacks","JS Crispy Chicken Isaw Salted Egg | 100g","100",174.5
"Snacks","JS Crispy Chicken Isaw Spicy | 100g","100",174.5
"Snacks","JS Crispy Chicken Isaw Plain With Suka | 100g","100",174.5
"Snacks","JS Crispy Chicken Isaw Classic | 100g","100",174.5
"Snacks","Hersheys Cookies And Cream Salted Caramel | 38g","38",52.5
"Snacks","Hersheys Cookies And Cream Rich And Coffee | 38g","38",52.5
"Snacks","Cravewell Mixedveg Wasabi | 35g","35",84.5
"Snacks","Cravewell Mixedveg Kimchi | 35g","35",84.5
"Snacks","Cravewell Mixedveg Crab Curry | 35g","35",84.5
"Snacks","Founding Farmers String Bean Crisps Seasalt | 65g","65",194.5
"Snacks","Founding Farmers Pumpkin Crisps Sea Salt | 120g","120",219.5
"Snacks","Founding Farmers Shiitake Mushroom Crisp Wasabi | 100g","100",219.5
"Snacks","Cravewell Peach Apple and Blueberry | 20g","20",134.5
"Snacks","Cravewell Papple and Straw Spheres | 20g","20",134.5
"Snacks","Cravewell Apple and Straw Spheres | 20g","20",134.5
"Snacks","Cravewell Straw and Bberry Spheres | 20g","20",134.5
"Snacks","Cravewell Purple Roots Sourcream | 105g","105",174.5
"Snacks","Cravewell Purple Roots Sweet and Salty | 105g","105",174.5
"Snacks","Maxi Tropical Roots Chips | 100g","100",107.5
"Snacks","Maxi Sweet Potato Seasalt | 70g","70",164.5
"Snacks","Amos Peelerz Banana Flavor | 65g","65",56.5
"Snacks","Amos Peelerz Orange Flavor | 65g","65",56.5
"Snacks","WL Panda Wafer Stick Chocolate | 45g","45",17.5
"Snacks","WL Panda Wafer Roll Chocolate | 325g","325",75
"Snacks","Danish Choco Cream Filled | 43g 10pcs","43",72.5
"Snacks","Danish Strawberry Cream Filled | 43g 10pcs","43",72.5
"Snacks","Danish Choco Cookies Sandwich | 47g 10pcs","47",109.5
"Snacks","Super Crunch Chip Pinoy Bawang | 32g","32",10
"Snacks","Super Crunch Chip Lechon Kawali | 32g","32",10
"Snacks","Super Crunch Chip Sukat Sili | 32g","32",10
"Snacks","Push Pop Assorted | 14g","14",34.5
"Snacks","Push Pop Triple Power Candy | 34g","34",67.5
"Snacks","Oishi Hexi Crisps Cheese Flavor | 28g","28",7.95
"Snacks","Oishi Taters Thins Cucumber | 18g","18",7.95
"Snacks","Oishi Taters Thins Cucumber | 75g","75",27.5
"Snacks","Mik Mik Powder | 24pcs","24",16.5
"Snacks","Rebisco Hansel Crackers Cheese | 29g 10pcs","29",69.95
"Snacks","Regent Classic Cookies Ube | 360g","360",159.5
"Snacks","Regent Classic Cookies Mix Nuts | 360g","360",159.5
"Snacks","Mik Mik Milk Powder | 20pcs","20",16.5
"Snacks","Juju Lollipop On A Ring | 15g","15",24.5
"Snacks","Juju Wrist Band With Candy | 8g","8",51.5
"Snacks","Oishi Crack O Zuna Barbeque Flavor | 24g","24",7.95
"Snacks","Juju Cotton Candy Strawberry | 15g","15",22.5
"Snacks","Thai Coco Coconut Original Roll | 140g","140",169.5
"Snacks","Thai Coco Coconut Chocolate Roll | 140g","140",169.5
"Snacks","H&Y Yogurt Fruit Sticks | 180g 100pcs","180",37.5
"Snacks","Trolli Gummi Pizza Candy | 15.5g","15.5",13.5
"Snacks","Trolli Gummi Party Burger Minis | 90g","90",69.5
"Snacks","Trolli Gummi Big Burger | 50g","50",62.5
"Snacks","Trolli Gummi Lunch | 77g","77",69.5
"Snacks","Regent Cheesy Jalapeno Ring | 60g","60",23.5
"Snacks","Trolli Gummy Neon Squiggles | 45g","45",30
"Snacks","Lemon Square Inipit Buko Pandan | 21g 10pcs","21",64.5
"Snacks","Trolli Gummi Sour Gloworms | 45g","45",30
"Snacks","Trolli Gummi Classic Bear | 45g","45",30
"Snacks","Trolli Gummi Sour Gloworms | 100g","100",69.5
"Snacks","Trolli Gummi Classic Bear | 100g","100",69.5
"Snacks","Snowtime Berry Ice Assorted | 90ml 10pcs","90",91.5
"Snacks","Snowtime Ice Pops Assorted | 90ml 8pcs","90",27.5
"Snacks","Rainbow Magic Jelly | 288g 18pcs","288",27.95
"Snacks","Rainbow Magic Mango Pudding | 192g 12pcs","192",23.5
"Snacks","Jelliyum Fruit Flavored Jelly | 12pcs","12",21.5
"Snacks","Jelliyum Lychee Flavour | 12pcs","12",22.5
"Snacks","Jelliyum Lychee Conjac With Nata De Coco | 18pcs","18",42.5
"Snacks","Jellyum Icepop | 8pcs","8",27.95
"Snacks","H&Y Conjac Mango Pudding | 500g","500",46.5
"Snacks","H&Y Jelly Conjac Taro Ube | 300g","300",46.5
"Snacks","H&Y Conjac Jelly | 300g","300",46.5
"Snacks","ABC Jelly | 12pcs","12",21.5
"Snacks","O Puff Mango Cream Filled Marshmallow | 24pcs","24",30
"Snacks","O Puff Choco Cream Filled Marshmallow | 24pcs","24",30
"Snacks","Mentos Pure Fresh Mint Sugarfree Chwing Gum | 26g","26",44.5
"Snacks","Mentos Gum Juice Blast Berry Lime Sugarfree | 26g","26",44.5
"Snacks","Mentos Pure Fresh Wintergreen Sugarfree Gum | 26g","26",44.5
"Snacks","Ya Yammy Chicharon Medium | 150g","150",89.5
"Snacks","Wrigley's Doublemint Gum | 40pcs","40",84.5
"Snacks","Ya Yammy Chicharon Big | 215g","215",107.5
"Snacks","Ya Yammy Roasted Cashew | 370g","370",471.5
"Snacks","Wrigley's Resealable Doublemint Gum | 25pcs","25",49.5
"Snacks","Twix Caramel | 50g","50",59.5
"Snacks","Toblerone Milkchocolate | 35g","35",56.5
"Snacks","Toblerone Milk Choco | 50g","50",84.5
"Snacks","Toblerone Milk with Crunchy Almonds | 100g","100",164.5
"Snacks","Toblerone White | 100g","100",164.5
"Snacks","Toblerone Milk Choco | 100g","100",164.5
"Snacks","Snickers Classic | 51g","51",47.5
"Snacks","Ricoa Curly Tops | 10pcs","10",20
"Snacks","Ricoa Curly Tops | 30pcs","30",59.5
"Snacks","Ovaltine Tablet | 8g 12pcs","8",109.5
"Snacks","Nips White Chocolate Candy Coated Creamy White Chocolate | 40g","40",19.5
"Snacks","Wiggles Chocolate Coated Marshmallow | 28g","28",8.5
"Snacks","Nips Candy Coated Chocolate With Peanut Center | 43g","43",19.5
"Snacks","Nips Minis Milk Chocolate Candy Coated Chocolate | 24pcs","24",33.5
"Snacks","Nips Minis White Chocolate Candy Coated Creamy White Chocolate | 24pcs","24",33.5
"Snacks","Nips Milk Chocolate | 40g","40",19.5
"Snacks","Nips Peanut Deluxe | 90g","90",34.5
"Snacks","Meiji Choco Baby Chocolate | 32g","32",59.5
"Snacks","Mayfair Swirl Mini Tops | 10pcs","10",16.5
"Snacks","Mayfair Eggheads Choco Balls | 25pcs","25",30
"Snacks","Mayfair Blockbuster | 45pcs","45",34.5
"Snacks","Mars Choco Nougat | 47g","47",62.5
"Snacks","Maltesers | 37g","37",64.5
"Snacks","Maltesers Chocolate | 150g","150",206.5
"Snacks","M&M's Chocolate Milk | 180g","180",199.5
"Snacks","M&M's Chocolate Peanut | 37g","37",49.5
"Snacks","M&Ms Milk | 40g","40",49.5
"Snacks","Nestle Kitkat | 35g","35",35
"Snacks","Valmer Chocolate Sandwich | 36g 10pcs","36",79.5
"Snacks","Kinder Joy Chocolate For Girls | 20g","20",50.75
"Snacks","Kinder Joy Chocolate For Boys | 20g","20",50.75
"Snacks","Delfi Goya Malt Crunch Maltitos | 30g","30",37.5
"Snacks","Goya Chocolate Coins | 35g","35",25.95
"Snacks","Goya Chacha Bits Chocolate Minis Tube | 30g","30",45.5
"Snacks","Goya Take It 4Fingers Dark | 35g","35",51.5
"Snacks","Goya Take It 2 Fingers Milk Choco | 16g","16",18.5
"Snacks","Goya Take it | 37g","37",31.5
"Snacks","Trolli Sour Gecko | 19g 8pcs","19",91.5
"Snacks","Goya Almonds And Raisin With Milk Choco | 33g","33",28.95
"Snacks","Trolli Gummi Candy Assorted | 77g","77",62.95
"Snacks","Goya White Almonds | 33g","33",36.5
"Snacks","Goya Dark Almond | 35g","35",36.5
"Snacks","Goya Raisin | 30g","30",26.5
"Snacks","Goya Chocolate Almond | 30g","30",26.5
"Snacks","Goya Chocolate Cream | 35g","35",26.5
"Snacks","Goya Chocolate Milk | 30g","30",26.5
"Snacks","Goya Chocolate Dark | 35g","35",26.5
"Snacks","Ferrero Rocher T5s | 60g","60",129.25
"Snacks","Delfi Treasures Cookies & Cream | 36g","36",33.5
"Snacks","Delfi Treasures Golden Almond | 36g","36",38.5
"Snacks","Jack & Jill Cloud 9 White | 28g","28",9.5
"Snacks","Titay's Rosquillos Snack Pack | 35g","35",21.5
"Snacks","Cloud Chocolate Fudge | 28g","28",1
"Snacks","Titay's Hojaldres | 180g","180",89.5
"Snacks","Jack & Jill Cloud 9 Overload | 45g","45",17.95
"Snacks","Cloud 9 Bar Classic | 28g","28",7.75
"Snacks","Choco Mucho Minis White Chocolate | 8g 20pcs","8",52.5
"Snacks","Choco Mucho Minis Milk Choco | 8g 20pcs","8",52.5
"Snacks","Choco Mucho White Choco Caramel | 30g","30",9.5
"Snacks","Choco Mucho Dark Chocolate | 30g","30",9.5
"Snacks","Choco Mucho Milk Choco Caramel | 30g","30",9.5
"Snacks","Choc Nut Milk Chocolate King SP | 16pcs","16",62.5
"Snacks","Cadbury Dairy Milk Chocolate Bar | 12.50g","12.50",18.5
"Snacks","Cadbury Dairy Milk Fruit & Nut Bar | 25g","25",34.5
"Snacks","Cadbury Dairy Milk Chocolate Bar | 25g","25",32.5
"Snacks","Cadbury Dairy Milk Fruit & Nut | 57g","57",74.5
"Snacks","Cadbury Chocolate Dairy Milk Bar | 57g","57",69.5
"Snacks","Annies Choco Hany Special | 260g 16pcs","260",54.5
"Snacks","Hany Milk Chocolate King | 200g 24pcs","200",48.5
"Snacks","XO Candy Choco Shake | 175g 50pcs","175",47.5
"Snacks","X.O. Candy Coffee | 50pcs","50",47.5
"Snacks","X.O. Candy Butter Caramel | 50pcs","50",47.5
"Snacks","Snow Bear Menthol Candy | 50pcs","50",71.5
"Snacks","Mentos Candy Extreme Spearmint | 135g 50pcs","135",46.5
"Snacks","Mentos Air Action | 135g 50pcs","135",46.5
"Snacks","Mentos Candy Mixed Frut I | 37g","37",30
"Snacks","Mentos Candy Mint Rolls | 37g","37",30
"Snacks","Mentos Pure Fresh Spearmint | 35g","35",72.5
"Snacks","Mentos Pure Fresh Peppermint | 35g","35",72.5
"Snacks","Halls Candy Fresh Lime | 3g 50pcs","3",49.5
"Snacks","Halls Candy Mentholyptus | 3g 50pcs","3",49.5
"Snacks","Jack & Jill Maxx Candy Cherry | 50pcs","50",47.5
"Snacks","Super Stix Ube Jr | 330g","330",85
"Snacks","Sunshine Green Peas |50g","50",12.5
"Snacks","Sunshine Green Peas | 100g","100",39.5
"Snacks","Sunshine Green Peas | 10g 20pcs","10",30
"Snacks","Lush Candy | 50pcs","50",47.5
"Snacks","Hawhaw Milk Candy | 40pcs","40",39.5
"Snacks","Hawhaw Chocolate Candy | 40pcs","40",39.5
"Snacks","Fruitella Candy Orange | 32.4g","32.4",30
"Snacks","Fruitella Strawberry | 36g","36",30
"Snacks","Frutos Tropical Chewy Candy | 50pcs","50",43.5
"Snacks","Frutos Soft Chewy Candy | 50pcs","50",43.5
"Snacks","Frooty Pintoora Lollipops | 20pcs","20",28.5
"Snacks","Fisherman S Friend Sugarfree Cherry | 25g","25",59.5
"Snacks","Fisherman S Friend Original Extrastrong | 25g","25",59.5
"Snacks","Fisherman S Friend Sugarfree Mint | 25g","25",59.5
"Snacks","Chupa Chups Classic Lollipop | 12g","12",10
"Snacks","Snowtime Cola Ice Pops | 90ml 10pcs","90",77.5
"Snacks","Skittles Fruit Sour | 40g","40",46.5
"Snacks","RPM Honey Glazed Pilinuts | 80g","80",241.5
"Snacks","RPM Glazed Pilinuts With Sesame Seeds | 80g","80",241.5
"Snacks","RPM Garlic Pilinuts | 80g","80",241.5
"Snacks","Ring Pop | 10g","10",24.5
"Snacks","Regent Egg Roll Original | 320g","320",299.5
"Snacks","Pringles Snack Hot and Spicy | 102g","102",104.5
"Snacks","Pringles Cheese | 42g","42",49.5
"Snacks","Presto Nutty Bites Peanut Butter | 32g","32",9.5
"Snacks","Presto Nutty Bites Choco Butter | 32g","32",9.5
"Snacks","Phil Brand Dried Mango Gift Box | 200g","200",304.5
"Snacks","Phil Brand Dried Green Mangoes | 200g","200",269.5
"Snacks","Phil Brand Dried Green Mangoes | 100g","100",134.5
"Snacks","Ok Lumpia Shanghai Roll Sweet Corn | 65g","65",18.5
"Snacks","Ok Lumpia Shanghai Cream Cheese | 65g","65",18.5
"Snacks","Oishi Miggos Sweet Corn | 105g","105",27.5
"Snacks","Oishi Miggos Nacho Cheese | 105g","105",27.5
"Snacks","O Puff Ube Cream Filled Marshmallow | 24pcs","24",30
"Snacks","Markenburg Mallows Bombs Taro Ube | 100g","100",33.95
"Snacks","Mondelez Oreo Vanilla | 27.6g 6pcs","27.6",64.5
"Snacks","Monde Genji Strawberry Pie | 10.5g 9pcs","10.5",99.5
"Snacks","Monde Genji Lemon Pie | 10.5g 9pcs","10.5",99.5
"Snacks","Mmas Marshmallow Strawberry | 100g","100",47.5
"Snacks","Mmas Marshmallow Grape | 100g","100",47.5
"Snacks","Miramar Peanut Bar | 10pcs","10",45
"Snacks","Miramar Nougat Candy | 25pcs","25",26.5
"Snacks","Miramar Nougat Candy | 40pcs (170g)","40",39.95
"Snacks","Mentos Soda Kick | 135g","135",46.5
"Snacks","Mentos Mini Mint | 10g 20pcs","10",67.5
"Snacks","Meiji Apollo Chocolate Bag | 100.8g 12pcs","100.8",239.5
"Snacks","M&M'S Milk Links | 14.5g 10pcs","14.5",134.5
"Snacks","Loaded White Chocolate Filled | 65g","65",18.5
"Snacks","Loaded Chocolate Filled | 65g","65",18.5
"Snacks","Loacker Wafer Biscuit Quadratini Kakao | 250g","250",216.5
"Snacks","Loacker Wafer Biscuit Quadratini Napolitaner | 250g","250",216.5
"Snacks","Loacker Wafer Quadratini Vanille | 125g","125",134.5
"Snacks","Loacker Wafer Napoli | 45g","45",44.5
"Snacks","Loacker Wafer Biscuits Cream Kakao | 45g","45",44.5
"Snacks","Lindt Lindor Heart Mini | 37g","37",214.5
"Snacks","Lindt Lindor Irresistibly Smooth Assorted | 200g","200",649.5
"Snacks","Lay's Potato Chips Salt and Vinegar | 170g","170",169.95
"Snacks","Laura's Egg Cracklet | 250g","250",94.5
"Snacks","Kimnori Crispy Seaweed Curry | 4g 3pcs","4",106.5
"Snacks","Khong Guan Fiesta Assorted Biscuit | 1500g","1500",399.5
"Snacks","Khong Guan Biscuit Star Gem | 25g 10pcs","25",79.5
"Snacks","Kat Leines Roasted Cashew | 350g","350",474.5
"Snacks","Juju Popping Lollipop Cherry | 13.8g","13.8",14.5
"Snacks","Juju Candy Lipstick | 6g","6",61.5
"Snacks","Jovy Crispy Pili Nuts | 325g","325",388.5
"Snacks","JBC Hiho Crunchy Cracker Nuts BBQ | 160g","160",37.5
"Snacks","Jack & Jill Wafretz Brix Mocha | 24g 10pcs","24",71.5
"Snacks","Jack & Jill Nova Greens Sweet Corn | 78g","78",37.5
"Snacks","Jack & Jill Nova Greens Sweet Corn | 40g","40",19.5
"Snacks","J&J Potato Chips Plain Salted Mega Pack | 130g","130",92.5
"Snacks","Ice Breakers Mints Spearmint | 42g","42",109.5
"Snacks","Hi Chew Strawberry | 57g","57",38.5
"Snacks","Hi Chew Green Apple | 57g","57",38.5
"Snacks","Hi Chew Grapes | 57g","57",38.5
"Snacks","Goldilocks Pinipig Polvoron | 600g 24pcs","600",374.5
"Snacks","Frutos Strawberry Milkshake Chewy Candy | 50pcs","50",43.5
"Snacks","Frutos Soft Chewy Milk Candy | 50pcs","50",43.5
"Snacks","Frooty Milky Pop | 9g 20pcs 2pcs","9",44.5
"Snacks","Fisherman's Friend Suger Free Spearmint | 25g","25",59.5
"Snacks","Expo Spicy Hot Greaseless Peanut | 50g","50",11.5
"Snacks","Expo Greaseless Peanuts | 50g","50",11.5
"Snacks","Expo Coated Peanuts | 50g","50",11.5
"Snacks","Expo Coated Peanuts | 12pcs 8g","12",15.95
"Snacks","Edelyn's Greaseless Peanuts | 500g","500",379.5
"Snacks","Edelyn's Greaseless Peanuts | 250g","250",224.5
"Snacks","Dutche Dark Chocolate With Stevia | 100g","100",75
"Snacks","Dailyfix Tm Nutty and Nice | 100g","100",149.5
"Snacks","Dailyfix Tm Cranberry Yogurt | 100g","100",149.5
"Snacks","Dailyfix Tm Almond Dark Choco | 100g","100",149.5
"Snacks","Daesang O'Food Olive Oil Seaweed | 2pcs 4g","2",52.5
"Snacks","Daesang O'Food Cheese Seaweed | 2pcs 4g","2",58.5
"Snacks","Daesang O'Food Spicy Seaweed | 2pcs 4g","2",58.5
"Snacks","Daesang O'Food BBQ Seaweed | 2pcs 4g","2",58.5
"Snacks","Croley Lobo Trio Pouch | 110g","110",34.5
"Snacks","Croley Biscuits Assorted Green | 2.5kg","2.5",399.5
"Snacks","Columbia Frooty Chocolicious | 23pcs 19.5g","23",28.5
"Snacks","Cocoa Monsters Chocolate Mango | 70g","70",324.5
"Snacks","Cocoa Monsters Chocolate Mango | 140g","140",630
"Snacks","Choco Mani Sakto Bars | 24pcs","24",41.5
"Snacks","Chew C Milk Tea Chewy Candy | 75g","75",29.5
"Snacks","Chew C Matcha Chewy Candy | 75g","75",29.5
"Snacks","Cebu Dried Mangoes Chips | 200g","200",191.5
"Snacks","Cebu Dried Mango Giftbox | 200g","200",304.5
"Snacks","Cebu Dried Mango Chips | 50g","50",50
"Snacks","Carls Pork Chicharon Plate Big | 120g","120",87.5
"Snacks","Cal Cheese | 10pcs 20g","10",72.5
"Snacks","Bawang Na Bawang Crunchy Cornick | 100g","100",24.5
"Snacks","7D Mangorind | 90g","90",53.5
"Snacks","7D Mangorind | 175g","175",102.5
"Snacks","7D Dried Mango Pineapple Mix | 80g","80",91.5
"Snacks","7D Dried Mango Chocolate Coated | 80g","80",133.5
"Snacks","Fibisco Butter Cookies English Quality | 400g","400",224.5
"Snacks","Lays Truffle | 170g","170",189.5
"Snacks","Ruffles Potato Chips Regular | 170g","170",169.95
"Snacks","Ruffles Sour Cream & Onion | 170g","170",169.95
"Snacks","Lays BBQ | 170g","170",169.95
"Snacks","Goldilocks Classic Polvoron | 27g 10pcs","27",162.5
"Snacks","Lays Potato Chips Regular | 170g","170",164.5
"Snacks","W.L Cornbits Mix Jar | 450g","450",142.5
"Snacks","Jack & Jill Calbee Ripples Nori | 170g","170",134.5
"Snacks","Jack & Jill Calbee Potato Chips Wasabi | 170g","170",134.5
"Snacks","Pringles Snack Smoky BBQ | 134g","134",119.5
"Snacks","Jack & Jill Potato Chips Barbecue Megapack | 130g","130",92.5
"Snacks","Chips Ahoy Chocolate Cookies Original | 142.5g","142.5",94.5
"Snacks","Wrigley Pellets Doublemint | 30pcs","30",84.5
"Snacks","Choco Vron Bite Size Cookies & Cream | 80g","80",75
"Snacks","Mentos Mini Rainbow | 10g 20pcs","10",67.5
"Snacks","Doritos Tortila Chips Nacho Cheesier | 65g","65",62.5
"Snacks","Lays Sour Cream & Onion | 50g","50",54.95
"Snacks","Lays Original | 50g","50",54.95
"Snacks","Nagaraya Cracker Nuts Butter | 20g 10pcs","20",61.5
"Snacks","W.L Muncher Green Peas Original Flavor | 200g","200",48.5
"Snacks","Jack & Jill Piattos Spicy Cheese | 85g","85",38.95
"Snacks","Columbias Icool Mentholated Gum | 50pcs","50",43.5
"Snacks","Jack & Jill Nova Greens Nacho Cheese | 78g","78",37.5
"Snacks","Leslie Clover Chips BBQ | 85g","85",38.95
"Snacks","Columbia's Yakee Super Asim | 25+2pcs","2",27.5
"Snacks","Oishi Oheya Multigrain Snacks | 100g","100",27.5
"Snacks","Goya Winter Chill | 30g","30",28.5
"Snacks","Jack & Jill Mr. Chips Manamis Mais | 110g","110",19.5
"Snacks","Jack & Jill Potato Chips V Cut Cheese | 25g","25",19.5
"Snacks","Jack & Jill Tostillas Nacho Cheese | 32g","32",17.5
"Snacks","Jack & Jill Choco Knots | 50g","50",14.95
"Snacks","Trolli Gummi Sidewinder | 19g","19",13.5
"Snacks","Regent Tempura Shrimp Flavored Snacks | 35g","35",9.95
"Snacks","Snacku Vegetable Crackers | 25g","25",8.95
"Snacks","Golden Sweet Corn | 25g","25",8.95
"Snacks","Chicken Skin Mang Juan | 16g","16",7.95
"Snacks","Chicharon Ni Mang Juan Sukat Sili | 26g","26",7.95
"Snacks","Hersheys Kisses Cookies N Cream | 150g","150",204.5
"Snacks","Hersheys Kisses Cookies N Cream | 226g","226",299.5
"Snacks","Babble Joe Tutti Frutt | 25pcs","25",24.5
"Snacks","Babble Joe Orange | 25pcs","25",24.5
"Snacks","Pavias Mushroom Chicharon | 100g","100",109.5
"Snacks","Pavias Mushroom Chili Cheese | 100g","100",109.5
"Snacks","Pavias Mushroom Chicharon Cheese | 100g","100",109.5
"Snacks","Pavias Mushroom Salted Egg | 100g","100",109.5
"Snacks","Pavias Mushroom Chili Garlic | 100g","100",109.5
"Snacks","Kangkong King Chips Salted Egg | 60g","60",199.5
"Snacks","Kangkong King Chips Cheese | 60g","60",164.5
"Snacks","Kangkong King Chips Sour And Cream | 60g","60",164.5
"Snacks","Kangkong King Chips Spicy | 60g","60",164.5
"Snacks","Kangkong King Chips Original | 60g","60",164.5
"Snacks","Danish Milk Sandwich | 25g 10pcs","25",66.5
"Snacks","Danish Chocolate Sandwich | 25g 10pcs","25",66.5
"Snacks","Danish Cheese Sandwich | 25g 10pcs","25",66.5
"Snacks","Jack & Jill Cream O Brownie Cookie | 25g 12pcs","25",169.5
"Snacks","Sweet Dart Swerte White Balls | 50g","50",20.5
"Snacks","Sweet Dart I Like Choco Balls | 50g","50",21.95
"Snacks","Van Houten Dark Milk Assortment Drages | 40g","40",54.5
"Snacks","Van Houten Dark Milk Raisins Dragees | 40g","40",54.5
"Snacks","Van Houten Dark Milk Almond Dragees | 40g","40",54.5
"Snacks","Van Houten 52% Cocoa Almond Dragees | 40g","40",54.5
"Snacks","Van Houten Dark Milk Hazelnut | 140g","140",159.5
"Snacks","Van Houten Dark 52 Cocoa Almond | 140g","140",159.5
"Snacks","Van Houten Dark 52 Cocoa Almond | 40g","40",52.5
"Snacks","Van Houten Dark Milk Fruit & Nut | 140g","140",159.5
"Snacks","Van Houten Dark Milk Almonds | 140g","140",159.5
"Snacks","Van Houten Dark Milk Chocolate | 140g","140",159.5
"Snacks","Van Houten Dark Milk Fruit & Nut | 40g","40",52.5
"Snacks","Van Houten Dark Milk Almonds | 40g","40",52.5
"Snacks","Van Houten Dark Milk Chocolate | 40g","40",52.5
"Snacks","Orion O Rice Seaweed | 95g","95",89.5
"Snacks","Orion O Rice Natural Snow | 129g","129",89.5
"Snacks","Cadbury Dairymilk Sharebag | 125g","125",169.5
"Snacks","Dutche Christmas Plastic Gift | 81g","81",50
"Snacks","Nissin Butter Coconut | 28g 10pcs","28",68.5
"Snacks","WL Dip Dip Choco Strawberry | 30g","30",14.75
"Snacks","WL Dip Dip Strawberry | 30g","30",14.75
"Snacks","WL Panda Danish Choco Wafer | 52.68g","52.68",15
"Snacks","WL Panda Danish Vanilla Wafer | 52.68g","52.68",15
"Snacks","El Marios Chicharon Master | 110g","110",169.5
"Snacks","Memer Fish Cracker | 200g","200",69.5
"Snacks","Fairys Cone Belgian Waffle | 6pcs","6",66.5
"Snacks","Rebisco Frootees Combo | 32g 10pcs","32",69.95
"Snacks","Jack & Jill X.O Strawberry Cheesecake | 50pcs","50",47.5
"Snacks","Hersheys Kisses Cnc Creamy Almond | 81g","81",109.5
"Snacks","Hersheys Kisses Cnc Creamy Almond | 180g","180",229.5
"Snacks","Peanut Kisses | 200g","200",184.5
"Snacks","Peanut Kisses | 100g","100",104.5
"Snacks","Halloween Bears Fruit Gummies | 91g","91",52.5
"Snacks","Jelly Belly Assorted | 28g 10pcs","28",59.5
"Snacks","Hersheys Choco Cookies Cream | 40g 6pcs","40",277
"Snacks","Chupachups The Best Bag | 12g 8pcs","12",74.5
"Snacks","Regent Rice & Corn Cheese | 96g","96",86.5
"Snacks","4D Gummy Fast Food | 75g","75",69.5
"Snacks","Dutche Valentine Day Heart Dish | 156g","156",75
"Snacks","Tictac Mint Mono Jar | 152g","152",234.5
"Snacks","Tictac Orange Mono Jar | 152g","152",234.5
"Snacks","Jack & Jill Stick Snacks Cheddar | 28g","28",9.5
"Snacks","Jack & Jill Stick Snacks BBQ | 28g","28",9.5
"Snacks","Oatbedient Oat Milk Chocolate |1L","1",179.5
"Snacks","Oatbedient Oat Milk Barista |1L","1",179.5
"Snacks","Lays Garlic Butter Scallop |150g","150",169.95
"Snacks","Lays Wagyu Steak |150g","150",169.95
"Snacks","Lays Shrimp Roe |150g","150",169.95
"Snacks","Tiffany Digestive Biscuit Wheat |400g","400",134.5
"Snacks","Oishi Onion Rings |75g","75",27.5
"Snacks","Kitkat Salted Caramel Bar |99g","99",159.5
"Snacks","Kitkat Chunky White |160g","160",189.5
"Snacks","Kitkat Chunky Milk 4S |128g","128",199.5
"Snacks","Kitkat Double Chocolate |99g","99",159.5
"Snacks","Kitkat Hazelnut Bar |99g","99",159.5
"Snacks","Nabisco Toasted Chips Garlic |229g","229",269.5
"Snacks","Nabisco Toasted Chips Ranch |229g","229",269.5
"Snacks","Nabisco Toasted Chips Veggie |229g","229",269.5
"Snacks","Nabisco Toasted Chips Sweet Habanero |229g","229",269.5
"Snacks","Kokola Favorrico Chocolate Chip Cookie |400g","400",114.5
"Snacks","Sweet Station Mallow Stripes |100g","100",29.5
"Snacks","Sweet Station Mallow Cake |100g","100",29.5
"Snacks","Bounty Fresh Pork Chicharon |35g","35",40
"Snacks","Cadbury Crisp It |32g","32",44.5
"Snacks","Philppines Brand Chocolated Dried Mango | 65g","65",126.5
"Snacks","SM Bonus Clifornia Seedless Raisins | 200g","200",86.5
"Snacks","Cebu Dried Mango Chips | 100g","100",95
"Snacks","SM Bonus California Seedless Raisins | 100g","100",44.5
"Snacks","Granny Goose Krrrrunch Cheese | 60g","60",40.5
"Snacks","J&J Kropek Ni Mang Juan Spicy Pusit 80G","80",24.95
"Snacks","Orion Turtle Chips Corn Butter | 60g","60",43.5
"Snacks","Orion Corn Chip Spicy | 35g","35",43.5
"Snacks","Orion Corn Chip Butter | 35g","35",62.5
"Snacks","The Golden Duck Himalayan Salt | 125g","125",119.5
"Snacks","The Golden Duck Himalayan Salt | 45g","45",59.5
"Snacks","Kimnori Seaweed Butter Cheese | 4g 3pcs","4",106.5
"Snacks","Hana Yaki Sushi Nori | 13g","13",94.5
"Snacks","Hana Fried Fish Snacks Original | 50g","50",137.5
"Snacks","Hana Fried Fish Snacks Mayo Pepper | 50g","50",137.5
"Snacks","Hana Fried Fish Snacks Hot Pepper | 50g","50",137.5
"Snacks","Toblerone Truffles Chocolate | 180g","180",399.95
"Snacks","Pringles Sour Cream & Onion | 66g","66",69.5
"Snacks","Pringles Seaweed Burst | 102g","102",109.5
"Snacks","Pringles Original | 66g","66",69.5
"Snacks","Pringles Hi Cheese | 95g","95",109.5
"Snacks","Potchi Peel Me Juicy Mango Gummy | 30g","30",14.95
"Snacks","Luv Lov Choco Panda Milk Chocolate | 20pcs","20",59.5
"Snacks","Lotte Koala March Bitter Chocolate | 37g","37",39.5
"Snacks","Kameda Ichi Rice Shoyu Honey | 100g","100",124.5
"Snacks","Kameda Ichi Rice Mini Spicy | 120g","120",149.5
"Snacks","Kameda Ichi Rice Mini Honey | 120g","120",139.5
"Snacks","HBAF Wasabi Almond | 120g","120",269.5
"Snacks","HBAF Honey Butter Almond | 120g","120",269.5
"Snacks","HBAF Caramel Salted Almond Pretzel | 120g","120",269.5
"Snacks","Haribo Happy Grapes Gummy | 80pcs","80",59.5
"Snacks","Columbia Kool Choice Himalayan Candy | 50pcs","50",47.5
"Snacks","Columbia Choco Rico | 30pcs","30",59.5
"Snacks","Coco Kokokiss Chocorn Fingers | 110pcs","110",62.5
"Snacks","Coco I-Choco Cup | 15g 10pcs","15",56.5
"Snacks","Coco Dubai Chocolate Pistachio | 70g","70",79.5
"Snacks","Coco Dubai Chocolate Coconut | 70g","70",74.5
"Snacks","Coco Dubai Chocolate Almond | 70g","70",74.5
"Snacks","Coco Cream Bar Assorted Flavor | 300g","300",136.5
"Snacks","Coco Blasting Ice Cream Mix Flavor | 300g","300",136.5
"Snacks","Lotte Kkokalcone Spicy & Sweet | 67g","67",79.5
"Snacks","Lotte Kkokalcone Roasted | 67g","67",79.5
"Snacks","Lotte Kkokalcone Grilled Corn | 67g","67",79.5
"Snacks","WL Super Bawang Corn Snack Mix Savory Flavor | 500g","500",119.5
"Snacks","WL Super Bawang Corn Snack Garlic | 500g","500",132.5
"Snacks","Lays Tomato Ketchup | 170g","170",169.95
"Snacks","Lays Tomato Ketchup | 50g","50",55.5
"Snacks","Hello Wafer Strawberry Cheseecake | 14.8g","14.8",7.95
"Snacks","Jelliyum Berry Cool Ah | 54g 12pcs","54",21.5
"Snacks","Haribo Worms Zourr | 80g","80",62.5
"Snacks","WL Panda Cheese Stick Biscuit With Cheese | 25g","25",63.5
"Snacks","WL EC Twinlion Stick Chicken Flavor | 58g","58",12.5
"Snacks","Amos Peelerz Mango Flavor | 65g","65",57.5
"Snacks","4D Gummy Juice Burst Orange | 65g","65",56.5
"Snacks","Potchi Chocolate Mallows | 84g 24pcs","84",30
"Snacks","Potchi Chocolate Berry Mallows | 84g 24pcs","84",31.5
"Snacks","Chupa Chups Melody Pops | 15g","15",13.95
"Snacks","Dolphin Konjac Jelly Lychee | 300g","300",94.5
"Snacks","Dolphin Konjac Jelly Grape | 300g","300",94.5
"Snacks","Dolphin Konjac Jelly Peach | 300g","300",94.5
"Snacks","Dolphin Konjac Jelly Mango | 300g","300",94.5
"Snacks","Danisa Butter Cookies | 454g","454",329.5
"Snacks","Calbee Hokkaido Crab & Cheese | 170g","170",134.5
"Snacks","Irvins Truffle Potato Chips | 70g","70",244.5
"Snacks","Konu Cone Bites Mixed Flavor | 115g","115",100
"Snacks","Konu Cone Bites Cookies & Cream | 115g","115",100
"Snacks","Frabelle Foods Sweet & Spicy Dilis | 60g","60",79.5
"Snacks","Frabelle Foods Sweet & Spicy Pusit | 60g","60",99.5
"Snacks","Calbee Hokkaido Crab & Cheese | 60g","60",47.5
"Snacks","Konu Cone Bites Mixed Flavor | 43g","43",49.5
"Snacks","Oishi Pande Cranch Bread Sticks Garlic | 24g","24",7.95
"Snacks","Oishi Pandecranch Breadsticks Garlic | 38g","38",11.95
"Snacks","Oishi Pandecranch Breadsticks Cheese | 38g","38",11.95
"Snacks","Cadbury Dairy Milk Bites Almond | 120g","120",139.5
"Snacks","Cadbury Dairy Milk Bites Hazelnut | 120g","120",139.5
"Snacks","Hersheys Kisses Truffle Filled | 36g","36",61.5
"Snacks","Hersheys Kisses Strawberry Filled | 36g","36",61.5
"Snacks","Toblerone Tin Can | 152g","152",414.5
"Snacks","Toblerone Tin Can | 288g","288",724.5
"Snacks","Dr. Q Konjac Jelly Grape | 265g","265",162.5
"Snacks","Dr. Q Konjac Jelly Lychee | 265g","265",162.5
"Snacks","Jack & Jill Nips Creamy Tiramisu | 40g","40",21.5
"Snacks","Bakemate Malt N Milk Biscuit | 35g 10pcs","35",53.5
"Snacks","Bakemate Nice Coconut Biscuit | 35g 10pcs","35",53.5
"Snacks","Hershey's Kisses Milk Chocolate With Almond | 150g","150",204.5
"Snacks","Dutche Gold Coin | 70g 20pcs","70",32
"Snacks","Dutche Belgian Chocolate Bar | 500g","500",266.5
"Snacks","Cadbury Dairy Milk Favourites Assorted | 212.50g","212.50",299.5
"Snacks","Hersheys Milk Chocolate With Almond | 43g 6pcs","43",277
"Snacks","Hershey's Kisses Milk Chocolate | 150g","150",204.5
"Snacks","Toblerone White Minis | 200g","200",299.95
"Snacks","Toblerone Bitter Sweet Mini Bag | 200g","200",299.95
"Snacks","Tiwi Golden Coin | 100pcs","100",126.5
"Snacks","Royal Dansk Parol Tin | 454g","454",359.5
"Snacks","Rimi Gifts Scottisch Cookies | 250g","250",199.5
"Snacks","Rimi Danish Style Cookies | 340g","340",199.5
"Snacks","Rimi Gifts Chocolates | 72g","72",59.5
"Snacks","M&M's Chocolate Milk | 175.5g","175.5",289.5
"Snacks","M&M's Chocolate Peanut | 175.5g","175.5",289.5
"Snacks","Lindt Swiss Thins Milk Chocolate | 125g","125",494.5
"Snacks","Regent Crisps Seaweeds Flavor | 60g","60",32.5
"Snacks","Glico Cookies & Cream Tin Can | 6pcs","6",276
"Snacks","Glico Strawberry Tin Can | 6pcs","6",276
"Snacks","Glico Chocolate Tin Can | 6pcs","6",276
"Snacks","Twix Caramel Funsize | 159.5g","159.5",199.5
"Snacks","Glico Pocky Assorted Save 20 | 118g 3pcs","118",128.5
"Snacks","Khong Guan Clebration Assorted Biscuit | 350g","350",241.5
"Snacks","Cowhead Milk Cookies Bucket | 350g","350",254.5
"Snacks","Violet Crumble Nuggets | 135g","135",229.5
"Snacks","Violet Crumble Cubes Dark | 170g","170",229.5
"Snacks","Violet Crumble Cubes Caramel | 170g","170",199.95
"Snacks","Glico Pocky Choco Save 20 | 40g 3pcs","40",128.5
"Snacks","Nelson Sweets Halloween Lollipop | 30g","30",89.5
"Snacks","Nelson Sweets Halloween Lollipop | 60g","60",115
"Snacks","Halloween Twirly Jumbo | 60g","60",115
"Snacks","Halloween Mini Spiral | 10pcs","10",115
"Snacks","4D Gummy Eyeballs | 72g","72",47.5
"Snacks","4D Gummy Cupcakes | 72g","72",47.5
"Snacks","Marken Longlegs Mallows | 100g","100",54.5
"Snacks","Beardy Monster Kiss Pop | 200g","200",56.5
"Snacks","Beardy Great Monster Lollipop | 200g","200",56.5
"Snacks","Bpop | 15g","15",54.5
"Snacks","Trolli Gummy Assorted Celebration Pack | 77g","77",62.95
"Snacks","Trolli Gummi Pumpkin Assorted Mix | 90g","90",129.5
"Snacks","Jelly Belly Bubble Tea | 70g","70",139.5
"Snacks","Jelly Belly Bubble Tea | 28g","28",64.5
"Snacks","Striking Popping Lollipop Grape | 13.8g","13.8",59.5
"Snacks","Striking Popping Lollipop Cola | 13.8g","13.8",59.5
"Snacks","Striking Popping Lollipop Electric Shock | 13.8g","13.8",59.5
"Snacks","Striking Popping Lollipop Strawberry | 13.8g","13.8",59.5
"Snacks","Warheads New Sour Fruity Cubes | 113.3g","113.3",174.5
"Snacks","Warheads Sour Galactic Mix Cube | 99g","99",174.5
"Snacks","Nerds Gummy Cluster Rainbow | 85g","85",174.5
"Snacks","Cadbury Roast Almond Tin Can | 200g","200",339.5
"Snacks","Cadbury Fruit & Nut Tin Can | 200g","200",339.5
"Snacks","Smart Choice Rstd Split Cashews | 250g","250",289.5
"Snacks","Smart Choice California Pistachios | 250g","250",312.5
"Snacks","Smart Choice Raw Pumpkin Seeds | 250g","250",200
"Snacks","Smart Choice Raw Sunflower Kernel | 250g","250",107.5
"Snacks","Smart Choice California Walnuts | 250g","250",287.5
"Snacks","Smart Choice Raw Almonds | 250g","250",287.5
"Snacks","Nori Roll Seaweed Spicy | 2.5g 12pcs","2.5",156
"Snacks","Nori Seaweed Flakes Tabur Original | 60g","60",124.5
"Snacks","Nori Seaweed Flakes Tabur BBQ | 60g","60",124.5
"Snacks","Nori Seaweed Flakes Tabur Seafood | 60g","60",124.5
"Snacks","Nori Tempura Seaweed Original | 24g","24",49.5
"Snacks","Nori Tempura Seaweed Spicy | 24g","24",49.5
"Snacks","Nori Tempura Seaweed BBQ | 24g","24",49.5
"Snacks","Nori Roll Seaweed Original | 2.5g 12pcs","2.5",156
"Snacks","Nori Roll Seaweed BBQ | 2.5g 12pcs","2.5",156
"Snacks","Nori Seaweed Flakes Tabur Spicy | 60g","60",124.5
"Snacks","Jolly Fresh Pitted Prunes | 340g","340",274.5
"Snacks","Champion Pitted Prunes Bag | 226g","226",294.5
"Snacks","Sunkist Dry Roasted Pistachios | 150g","150",319.5
"Snacks","Sunkist Cashew Slight Salt | 160g","160",269.5
"Snacks","Nut N Else Wow Mani With Crispy Garlic | 100g","100",59.5
"Snacks","Nut N Else Wow Mani Garlic Peanut | 325g","325",194.5
"Snacks","Nut N Else Wow Kasoy With Crispy Garlic | 80g","80",112.5
"Snacks","Murgerbon Wasabi Almond | 200g","200",334.5
"Snacks","Murgerbon Tiramisu Almond | 180g","180",334.5
"Snacks","Murgerbon Honey Butter Almond | 200g","200",334.5
"Snacks","Murgerbon Cafemond | 200g","200",359.5
"Snacks","KSK Boy Bawang Golden Sweet Corn | 100g","100",32.5
"Snacks","Heritage Whole Cashew | 250g","250",269.5
"Snacks","Heritage Walnuts | 200g","200",324.5
"Snacks","Heritage Natural Whole Almonds | 250g","250",296.5
"Snacks","Heritage Blanched Sliced Almonds | 200g","200",244.5
"Snacks","Heritage Natural Whole Almonds | 500g","500",549.5
"Snacks","Chickboy Popnik Sweetcorn | 100g","100",17.5
"Snacks","Chickboy Popnik Cheese | 100g","100",17.5
"Snacks","Cha Cheer Sunflower Seeds Original | 130g","130",74.5
"Snacks","Cha Cheer Sunflower Seeds | 130g","130",74.5
"Snacks","Cha Cheer Sunflower Seeds Salted | 130g","130",74.5
"Snacks","Cha Cheer Sunflower Seeds Roasted | 250g","250",139.5
"Snacks","Boy Bawang Assorted Nuts | 85g","85",26.95
"Snacks","Blue Diamond Roasted Salted Almonds | 150g","150",274.5
"Snacks","Blue Diamond Premium Mixed Nuts | 135g","135",269.5
"Snacks","Blue Diamond Almonds Roasted Salted | 130g","130",269.5
"Snacks","Act II Salted Popcorn | 85g","85",71.5
"Snacks","Act II Popcorn Butter | 85g","85",71.5
"Snacks","Oishi Spicy Seafood Curls | 90g","90",27.5
"Snacks","Oishi Potato Fries Plain Salted | 90g","90",27.5
"Snacks","Oishi Potato Fries Cheese | 90g","90",27.5
"Snacks","Oishi Natural Potato Chips Plain Salt | 160g","160",94.5
"Snacks","Oishi 4X Cheese Corn Snack | 24g","24",7.95
"Snacks","Oishi 4X Barbecue Corn Snack | 24g","24",7.95
"Snacks","Nongshim Onion Rings | 50g","50",49.5
"Snacks","Nacho Chips Sour & Cream | 500g","500",199.5
"Snacks","Nacho Chips Plain | 500g","500",169.5
"Snacks","Nacho Chips Colored Mix | 500g","500",169.5
"Snacks","Nacho Chips Cheese | 500g","500",199.5
"Snacks","Nacho Chips Barbeque | 500g","500",199.5
"Snacks","Mister Freed Tortilla Kale & Spinach | 135g","135",174.5
"Snacks","Mister Freed Tortilla Chia Seed | 135g","135",174.5
"Snacks","Mackies Cheddar & Onion Ridge Potato Chips | 150g","150",169.5
"Snacks","Leslie Nacho Duos | 50g","50",15
"Snacks","Leslie Clover Bits Grab Bag Chicken | 35g","35",8.95
"Snacks","Leslie Cheezy Cheddar Jalapeno | 70g","70",32.5
"Snacks","Leslie Baked Cheezy White Cheddar | 40g","40",14.5
"Snacks","J&J Calbee Ripples Sour Cream & Onion | 170g","170",134.5
"Snacks","House Tongarasi Corn Yaki Chips | 75g","75",167.5
"Snacks","House Tongarasi Corn Salt Chips | 75g","75",167.5
"Snacks","Golden Duck Salted Egg Fish Skin | 105g","105",310
"Snacks","Golden Duck Salted Egg Crab | 102g","102",310
"Snacks","Farmer John Potato Chips Salted | 55g","55",43.5
"Snacks","Farmer John Potato Chips Cheddar & Sour Cream | 55g","55",43.95
"Snacks","Farmer John Potato Chips Sco | 55g","55",43.95
"Snacks","Farmer John Potato Chips Salt & Vinegar | 55g","55",43.95
"Snacks","California Cassava Chips Sour Cream & Onions | 120g","120",109.5
"Snacks","California Cassava Chips Barbeque | 120g","120",109.5
"Snacks","Bambi Taco Shell Corn | 12pcs","12",72.5
"Snacks","Bambi Taco Shell Bubbling | 12pcs","12",49.95
"Snacks","Bahaghari Taro Chips Truffle | 120g","120",159.5
"Snacks","Bahaghari Taro Chips Sweetened | 120g","120",159.5
"Snacks","Bahaghari Taro Chips Barbeque | 120g","120",159.5
"Snacks","Nongshim Shrimp Hot | 75g","75",54.5
"Snacks","Nongshim Shrimp Original | 75g","75",52.5
"Snacks","Farmer John Potato Chips BBQ | 55g","55",43.95
"Snacks","Chupa Chups Sourbelt Mixed Fruit | 8g","8",7
"Snacks","Markenburg Marshmallow Twist | 250g","250",69.95
"Snacks","Markenburg Marshmallow Large Assorted | 250g","250",69.95
"Snacks","Markenburg Mallow Bombs Mango | 100g","100",33.95
"Snacks","Markenburg Mallow Bombs Choco | 100g","100",33.95
"Snacks","Markenburg Camper Marshmallows Flower | 130g","130",35.95
"Snacks","Markenburg Camper Marshmallows Large | 130g","130",35.95
"Snacks","Judge Spearmint Bubblegum | 50pcs","50",36.5
"Snacks","Columbias V Fresh | 165g 50pcs","165",43.5
"Snacks","Columbias Pintoora Gumball | 25pcs","25",27.5
"Snacks","Wiggles Chocolate Coated Marshmallow | 7g 18pcs","7",40
"Snacks","Violet Crumble Original | 30g","30",79.5
"Snacks","Violet Crumble Dark | 30g","30",81.5
"Snacks","Violet Crumble Bitesize Pack | 170g","170",229.5
"Snacks","Toblerone Fruit &Nut | 100g","100",169.5
"Snacks","Meiji Stick Pack Milk Chocolate | 41g","41",64.5
"Snacks","Meiji Stick Pack Black Chocolate | 41g","41",64.5
"Snacks","Meiji Macadamia Black Choco | 58g","58",142.5
"Snacks","Meiji Macadamia Chocolate | 63g","63",154.5
"Snacks","Meiji Chocolate Apollo | 46g","46",54.5
"Snacks","Meiji Chocolate Almond Ball | 74g","74",144.5
"Snacks","Meiji Best 3 Chocolate | 108g","108",214.5
"Snacks","Meiji Bars Strawberry Chocolate | 46g","46",66.5
"Snacks","Meiji Bars Chocolate Milk | 50g","50",71.5
"Snacks","Meiji Bars Chocolate Black | 50g","50",71.5
"Snacks","Meiji Assorted Chocolate | 47g","47",86.5
"Snacks","Meiji Almond Black Choco | 74g","74",142.5
"Snacks","Meiji Almond Ball Chocolate | 79g","79",154.5
"Snacks","Lindt Swiss Classic Dark | 100g","100",234.5
"Snacks","Lindt Swiss Chocolate White Chocolate | 100g","100",234.5
"Snacks","Lindt Swiss Chocolate Milk | 100g","100",234.5
"Snacks","Lindt Swiss Chocolate Dark Hazelnut | 100g","100",274.5
"Snacks","Lindt Swiss Chocolate Milk Hazelnut | 100g","100",274.5
"Snacks","Lala Ube Pastillas | 35g 12pcs","35",174.95
"Snacks","Lala Chocolate Bar | 35g 12pcs","35",174.95
"Snacks","Jack &Jill Nips Strawberry Delight | 40g","40",21.5
"Snacks","Goya Very Berries | 30g","30",28.5
"Snacks","Goya Take It 2 Fingers | 16g 6pcs","16",94.5
"Snacks","Goya Matcha Latte | 33g","33",40.5
"Snacks","Cloud 9 Gold Choco Almond Fudge | 36g","36",21
"Snacks","Cadbury Hazelnut | 130g","130",164.5
"Snacks","Belgian No Sugar Added Milk With Hazelnuts | 100g","100",276.5
"Snacks","Belgian No Sugar Added Milk Chocolate | 100g","100",274.5
"Snacks","Belgian No Sugar Added Dark With Almonds | 100g","100",284.5
"Snacks","Belgian No Sugar Added Dark | 100g","100",276.5
"Snacks","Lindt Excellence 70% Dark | 100g","100",339.5
"Snacks","Goya Take It 4 Fingers Matcha | 35g","35",51.5
"Snacks","Storck Starr Candy Euclyptus | 50pcs","50",44.5
"Snacks","Mentos Tropical Mix | 135g 50pcs","135",46.5
"Snacks","Lipps Pop Stix Strawberry Lollipop | 20pcs","20",27.5
"Snacks","Lipps Pop Stix Color Rumble | 20pcs","20",27.5
"Snacks","Lipps Strawberry Flavor | 50pcs","50",44.5
"Snacks","Lipps Pop Stix Color Rumble | 50pcs+15","50",76.5
"Snacks","Jack&Jill Lush Stawberry | 50pcs","50",47.5
"Snacks","Gingerbon Peppermint | 125g","125",61.5
"Snacks","Gingerbon Ginger Sweet Candy Extra Strong | 125g","125",61.5
"Snacks","Gingerbon Ginger Sweet Candy Regular | 125g","125",61.5
"Snacks","Candy Man White Rabbit | 50pcs","50",54.5
"Snacks","Candy Man Viva Caramel | 50pcs","50",54.5
"Snacks","Candy Man Kendimint | 50pcs","50",54.5
"Snacks","Nissin Bread Stix Garlic Parmesan | 25g","25",10
"Snacks","Want Want Shelly Senbei | 72g","72",64.5
"Snacks","Want Want Senbei Big | 92g","92",94.5
"Snacks","Want Want Purple Potato Corn Cheese | 56g 10pcs","56",65.5
"Snacks","Rebisco Hansel Premium White Cheese | 124.6g","124.6",69.95
"Snacks","Noceda Jacobina | 25g 10pcs","25",134.5
"Snacks","Monde Choco Puff Sandwich | 24g 10pcs","24",99.5
"Snacks","Nabisco Ritz Toasted Chip Original | 229g","229",234.5
"Snacks","Meiji Lucky Stick Strawberry | 45g","45",45
"Snacks","Meiji Lucky Stick Chocolate | 45g","45",45
"Snacks","Meiji Kinoko Chocolate | 66g","66",94.5
"Snacks","McVitie's Original | 250g","250",136.5
"Snacks","McVitie's Milk Chocolate | 200g","200",179.5
"Snacks","McVitie's Dark Chocolate | 200g","200",179.5
"Snacks","McVitie's Digestive Original | 355g","355",191.5
"Snacks","McVitie's Digestive Milk Chocolate | 266g","266",236.5
"Snacks","McVitie's Digestive Dark Chocolate | 266g","266",236.5
"Snacks","Lemon Square Whatta Flakes Sugar Glazed | 30g 10pcs","30",66.5
"Snacks","Lemon Square Whatta Flakes Spanish Bread | 30g 10pcs","30",66.5
"Snacks","Julies Wheat Crackers | 25g 10pcs","25",104.5
"Snacks","Julies Lemon & Lemon Sandwich | 17g 10pcs","17",104.5
"Snacks","Julies Lemon & Cheddar Sandwich | 18g 10pcs","18",104.5
"Snacks","Julies Butter Waffles | 100g","100",99.5
"Snacks","Julies Butter Crackers | 25g 10pcs","25",69.5
"Snacks","Jeanne & Jamie's Digestives | 154g","154",71.95
"Snacks","Hwa Tai Luxury Vegetable Crackers | 185g","185",139.5
"Snacks","Hwa Tai Luxury Original Crackers | 185g","185",139.5
"Snacks","Hwa Tai Crackers Vegetable | 129g","129",104.5
"Snacks","Hwa Tai Crackers Original | 129g","129",104.5
"Snacks","Haitai Saltine Crackers | 141g","141",91.5
"Snacks","Haitai Original Crackers | 172g","172",99.5
"Snacks","Haitai Cheese Crackers | 172g","172",102.5
"Snacks","Haitai Almond Crackers | 133g","133",99.5
"Snacks","Cowhead Danish Butter Cookies | 400g","400",346.5
"Snacks","Arnotts Timtam Doublecoat | 200g","200",249.5
"Snacks","Arnotts Timtam Classic Dark | 200g","200",249.5
"Snacks","Arnotts Timtam Chocolate | 200g","200",249.5
"Snacks","Sheila G's Toffee Crunch | 142g","142",234.5
"Snacks","Sheila G's Salted Caramel | 142g","142",234.5
"Snacks","Sheila G's Chocolate Chips | 142g","142",234.5
"Snacks","Royal Dansk Embossed Butter Cookies | 454g","454",384.5
"Snacks","Quaker Cookies Variety Pack | 200g 7pcs+1","200",104.5
"Snacks","Orion Milk Cream | 138g","138",82.5
"Snacks","Orion Custard Softcake | 23g 12pcs","23",159.5
"Snacks","Orion Choco Pie | 30g 12pcs","30",147.5
"Snacks","Kokola Montego Choco Chip Cookies | 400g","400",294.5
"Snacks","Kokola Milky Vanilla Cookies | 400g","400",239.5
"Snacks","Kokola Kukis Mochachino | 400g","400",239.5
"Snacks","Kokola Butter Cookies | 400g","400",239.5
"Snacks","Goldilocks Cookies Raisin Oatmeal | 120g","120",52.5
"Snacks","Goldilocks Cookies Choco Chips | 120g","120",54.5
"Snacks","Fibisco Peanut Crunch | 200g","200",61.5
"Snacks","Chips Delight Mini 90% Reduced Sugar | 130g","130",91.5
"Snacks","Chips Delight Chocolate Chip Cookies Tub | 600g","600",264.5
"Snacks","Julies Oat25 Ten Grains Cookies | 20g 8pcs","20",104.5
"Snacks","Julies Oat25 Ten Strawberry Cookies | 20g 8pcs","20",104.5
"Snacks","Twinkee Waffle Sugarcones | 10pcs","10",49.5
"Snacks","Twinkee Bear Cones | 20pcs","20",42.5
"Snacks","Oishi Bizikits Sour&Onion Crackers | 28g","28",7.95
"Snacks","Oishi Bizikits Cheese Crackers | 28g","28",7.95
"Snacks","Nissin Breadstix Letters | 20g 10pcs","20",76.5
"Snacks","Jack & Jill Cream O Cake Bar Vanilla | 40g 10pcs","40",94.5
"Snacks","Jack & Jill Nova Country Cheddar Party Pack | 160g","160",74.5
"Snacks","Hello Panda Dip Dip Strawberry | 20g","20",20
"Snacks","Hello Panda Dip Dip Milk | 20g","20",20
"Snacks","Hello Panda Dip Dip Chocolate | 20g","20",20
"Snacks","Doritos Tortilla Chips Roasted Corn | 65g","65",62.5
"Snacks","Doritos Tortilla Chips Roasted Corn | 190g","190",169.95
"Snacks","Cadbury Shots | 35.2g","35.2",25
"Snacks","Hersheys Dark Salted Caramel | 40g","40",56.5
"Snacks","Hersheys Dark Rich Coffee | 40g","40",56.5
"Snacks","Lotus Biscoff Fresh Pack | 125g","125",106.5
"Snacks","Lotus Biscoff | 124g 16pcs","124",121.5
"Snacks","Ovaltine Cookies | 30g","30",13.95
"Snacks","Merci Pita Crackers | 200g","200",56.5
"Snacks","Margies Kinihad Plain | 135g","135",69.5
"Snacks","Margies Broas | 180g","180",85
"Snacks","Merci Pulceras | 175g","175",56.5
"Snacks","Merci Garlic Toast | 85g","85",54.5
"Snacks","Merci Caramel Tart | 85g 5pcs","85",64.5
"Snacks","Merci Buttersctch | 170g","170",74.5
"Snacks","Merci Toasted Mamon Big | 190g 32pcs","190",61.5
"Snacks","Merci Pineapple Tart | 135g","135",38
"Snacks","Merci Brojas | 120g 25pcs","120",56.5
"Snacks","Tots Barquiron De Casoy | 25pcs","25",49.5
"Snacks","Yupi Big Burger Cola | 32g","32",12.95
"Snacks","Goya Bits Surprise Toy | 34g","34",59.5
"Snacks","Goya Black Cookie Crunch | 35g","35",26.5
"Snacks","Lotte Pepero Crunchy Almond 32g","32",59.5
"Snacks","Lotte Pepero White Almond | 32g","32",59.5
"Snacks","Wafello Chocolate Wafer 21g 10pcs","21",72.5
"Snacks","D Patata Natural Potato Chips Sour Cream | 60g","60",29.5
"Snacks","D Patata Natural Potato Chips Original | 60g","60",29.5
"Snacks","Trolli Blue Planet | 75g","75",126.5
"Snacks","Cowhead Chocolate Chip Oat Cookies | 178g","178",134.5
"Snacks","Oh So Healthy Sour Cream Corn | 50g","50",129.5
"Snacks","Oh So Healthy Squash & Cheese | 50g","50",129.5
"Snacks","Moniegold Sweet & Spicy Tamarind | 800g","800",246.5
"Snacks","Moniegold Sweet Tamarind | 800g","800",246.5
"Snacks","Sugo Crackers Nuts Bbq | 100g","100",26.5
"Snacks","Sugo Crackers Nuts Butter | 100g","100",26.5
"Snacks","Sugo Crackers Nuts Garlic | 100g","100",26.5
"Snacks","Peas O Coated Green Peas Bbq | 100g","100",20
"Snacks","Oishi Chokulot Choco Curls | 22g","22",7.95
"Snacks","Oishi Oheya Multigrain Cheese 28g","28",7.95
"Snacks","Cadbury Hazelnut | 57g","57",74.5
"Snacks","Trolli Squiggles Twist | 100g","100",69.5
"Snacks","Trolli Squiggles | 100g","100",69.5
"Snacks","Muncher D Patata Chips Bbq Flavor | 60g","60",32.5
"Snacks","Muncher D Patata Potato Chips Cheese | 60g","60",32.5
"Snacks","Ok Yumshot Mixed Snacks | 70g","70",21.5
"Snacks","Ok Snapea Green Pea Snack Cheese | 108g","108",37.5
"Snacks","Ok Snapea Green Pea Snack Original | 108g","108",37.5
"Snacks","Gingerbon Honey Lemon | 125g","125",61.5
"Snacks","Yupi Puzzle Gummy | 40g","40",24.95
"Snacks","Mariani Pitted Dates | 227g","227",239.5
"Snacks","Oishi Ridges Onion & Garlic | 160g","160",94.5
"Snacks","WL Dip Dip Cream Choco | 30g","30",14.75
"Snacks","Kameda Seaweed Peanut Pack | 89g","89",229.5
"Snacks","Cal Cheese Choco | 48g","48",15.5
"Snacks","Glico Pocky Double Chocolate | 39g","39",49.5
"Snacks","Chips Delight Brownies With Choco | 124g","124",65.5
"Snacks","Chips Delight Brownies With Cashew | 108g","108",66.5
"Snacks","Chips Delight Brownies With White Choco | 124g","124",66.5
"Snacks","Yupi Neon Stix Tub | 270g","270",93.5
"Snacks","Yupi Sour Cola Tub | 270g","270",116.5
"Snacks","Yupi Strawberry Kiss Tub | 270g","270",116.5
"Snacks","Yupi Big Burger | 32g","32",15.95
"Snacks","Blowee Tatoo Gum | 90g 25pcs","90",23.95
"Snacks","Frutos Sampalok Minibits Snack Pack | 25g","25",6
"Snacks","Lindt Lndor Swiss Milk Choco Heart | 96g","96",469.5
"Snacks","Lindt Lindor Assorted Choco Gold | 168g","168",649.5
"Snacks","Lindt Lindor Milk Choco Red | 168g","168",649.5
"Snacks","Dutche Seasonal Bag Box | 81g","81",50
"Snacks","Jack&Jill Cream O Premium | 40g 12pcs","40",184.5
"Snacks","Ferrero Collection T24 | 259.2g","259.2",859.5
"Snacks","Ferrero Rocher Collection T15 | 162g","162",569.5
"Snacks","Cheding Toasted Peanut | 1/4 kg","4",82.5
"Snacks","W.L Panda Biscuits Choco | 56g","56",11.5
"Snacks","W.L Panda Biscuits Cheese | 56g","56",11.5
"Snacks","W.L 3D Cheese Biscuits | 56g","56",15
"Snacks","The Golden Duck Truffle Wagyu | 45g","45",59.5
"Snacks","The Golden Duck Truffle Wagyu | 125g","125",114.5
"Snacks","The Golden Duck Sour Cream | 45g","45",59.5
"Snacks","The Golden Duck Sour Cream | 125g","125",114.5
"Snacks","The Golden Duck Seaweed Butter | 45g","45",59.5
"Snacks","The Golden Duck Seaweed Butter | 125g","125",114.5
"Snacks","Loco Pops Mix Berries With Orange Dip | 13.5g","13.5",5.5
"Snacks","Loco Pops Mix Berries With Lemon Dip | 13.5g","13.5",5.5
"Snacks","Danish Soda Crackers Butter | 56g","56",11.5
"Snacks","Danish Potato Biscuits | 56g","56",11.5
"Snacks","Danish Choco Coated Chunk | 180g","180",64.5
"Snacks","W.L. Tattoos Cheddar Chips | 56g","56",12.5
"Snacks","W.L. Twister Nacho Cheese Curls | 85g","85",21.5
"Snacks","W.L. Halo-Halo Mix Nuts Garlic | 100g","100",22.5
"Snacks","W.L. Halo-Halo Mix Nuts Original | 100g","100",22.5
"Snacks","W.L. Halo-Halo Mix Nuts Spicy | 100g","100",22.5
"Snacks","Carmans Protein Rich Granola | 450g","450",379.5
"Snacks","Carmans Low Sugar Granola | 450g","450",379.5
"Snacks","Carmans Coconut Yogurt & Roasted Nut |40g 5pcs","40",299.5
"Snacks","4D Sour Rainbow Rolls | 90g","90",61.5
"Snacks","4D Sour Straws Strawberry | 100g","100",61.5
"Snacks","4D Sour Strips Rainbow | 100g","100",59.5
"Snacks","Nestle Kitkat | 9g 8pcs","9",104.5
"Snacks","CJ Bibigo Kim Flakes Buttered Soy | 50g","50",154.5
"Snacks","CJ Bibigo Kim Flakes Soy Sauce | 50g","50",164.5
"Snacks","Jack & Jill Roller Coaster Bbq | 85g","85",28.5
"Snacks","Oishi O Pusit Sweet & Spicy | 80g","80",27.5
"Snacks","Regent Kobi | 40g","40",9.95
"Snacks","Rebisco Hansel Strawberry | 31g 10pcs","31",69.95
"Snacks","Nissin Happy Snackin' Tub | 700g","700",274.5
"Snacks","Jack N Jill Cheesy Knots | 25g","25",8.95
"Snacks","Croley Lobo Biscuits | 110g","110",34.5
"Snacks","Croley Buttercream Mocha Crcker | 25g 10pcs","25",74.5
"Snacks","Tots Yema | 150g","150",54.5
"Snacks","Merzci Ogoy Ogoy | 180g","180",57.5
"Snacks","Merci Banadas | 160g","160",46.5
"Snacks","Merci Biscocho Half | 170g","170",59.5
"Snacks","Fat & Thin Lobster Chips | 1kg","1",202.5
"Snacks","Fat & Thin Cuttle Chips | 1kg","1",202.5
"Snacks","Fat & Thin Crab Chips | 1kg","1",202.5
"Snacks","Fat & Thin Prawn Chips | 1kg","1",187.5
"Snacks","Trolli Sour Strips Gummy Mix | 7g","7",5.5
"Snacks","Trolli Sour Strips Strwbry Gummy Mix | 7g","7",5.5
"Snacks","Jiggels Jelly Juice Grape | 225ml","225",10.95
"Snacks","Jiggels Jelly Juice Apple | 225ml","225",10.95
"Snacks","Juju Coconut Chewy Candy | 85g","85",39.5
"Snacks","Juju Mango Chewy Candy | 96g","96",39.5
"Snacks","Jack & Jill Piattos Supersized Sour Cream and Onion | 170g","170",71.5
"Snacks","Cadbury Dairy Milk Bites Hazelnut | 50g","50",66.5
"Snacks","Cadbury Dairy Milk Bites Almond | 50g","50",66.5
"Snacks","Magic Creams Cheese | 28g 10pcs","28",64.5
"Snacks","Davao Sweets Durian Tart Boat | 6pcs","6",45.5
"Snacks","Davao Sweets Tart Durian Boat | 12pcs","12",72.5
"Snacks","Memer Pork Chicharon Special Plain Family Pack | 90g","90",79.5
"Snacks","Tots Rainbow Poprice | 12pcs","12",54.5
"Snacks","Tots Fish Cracker | 80g","80",39.5
"Snacks","Tots Barquiron De Casoy | 50pcs","50",84.5
"Snacks","Margies Otap Big | 190g","190",82.5
"Snacks","Margies Ugoy Ugoy | 215g","215",79.5
"Snacks","Margies Biscocho Big | 300g","300",122.5
"Snacks","Margies Banadas | 130g","130",79.5
"Snacks","Margies Pulceras | 185g","185",79.5
"Snacks","Margies Garlic Toast | 100g","100",88.5
"Snacks","Bongbongs Butterscotch | 9pcs","9",161.5
"Snacks","Bong Bongs Flat Piaya | 5pcs","5",71.5
"Snacks","Bongbongs Piaya | 10pcs","10",109.5
"Snacks","Bongbongs Ube Piaya | 5pcs","5",76.5
"Snacks","Bongbongs Toasted Muffin | 50pcs","50",151.5
"Snacks","Bongbongs Toasted Muffin | 20pcs","20",84.5
"Snacks","Bongbongs Caramel Tart | 5pcs","5",99.5
"Snacks","Kit Kat Pineapple Tart | 35g","35",42.5
"Snacks","Bounty Chocolate Singles | 57g","57",45
"Snacks","Gandour Unica Signature Milk Chocolate | 34g","34",38.5
"Snacks","Gandour Unica Signature Hazelnut | 34g","34",38.5
"Snacks","Oishi Oaty Doky Oat Biscuits | 26g","26",7.5
"Snacks","Trolli Watermelon Splash | 37.6g","37.6",79.5
"Snacks","Trolli Grape Splash | 37.6g","37.6",79.5
"Snacks","Trolli Citrus Splash | 37.6g","37.6",79.5
"Snacks","Trolli Wild Strawberry Gummy | 100g","100",69.5
"Snacks","Trolli Cherry Twins Gummy | 100g","100",69.5
"Snacks","Trolli Funiverse Sour Mix Gummy | 100g","100",69.5
"Snacks","Chosen Fish Cracker | 100g","100",50
"Snacks","Glico Strawberry Family Pack | 168g","168",209.5
"Snacks","Glico Chocolate Family Pack | 176g","176",209.5
"Snacks","Chips Delight Assorted Cookies | 445g","445",234.5
"Snacks","Super Stix Choco Big | 660g","660",169.5
"Snacks","Margies Toasted Mamon Big | 170g","170",92.5
"Snacks","Chips Delight Chocochip Brittle | 120g","120",82.5
"Snacks","Lauras Garlic Buttered Toast | 200g","200",69.5
"Snacks","Superstix Tutti Frutti Jr. | 330g","330",85
"Snacks","Marky's Mamon Tostado Sliced | 150g","150",78.5
"Snacks","Malkist Chocolate Cracker Sandwhich | 24g 10pcs","24",66.5
"Snacks","Sunflower Crackers Chicken | 10pcs","10",71.5
"Snacks","Chips Delight Stripped Capuccino | 175g","175",78.5
"Snacks","Superstix Double Choco | 240g","240",77.5
"Snacks","Fibisco Bitter Crunch | 200g","200",56.5
"Snacks","Chips Delight Cookies Choco | 130g","130",62.5
"Snacks","Fibisco Chocolate Chips | 80g","80",33.5
"Snacks","M.Y. San Fita Biscuits Slugs | 80g","80",21.95
"Snacks","Quaker Cookies Chocolate Chips | 25g","25",16.5
"Snacks","Wafello Choco Wafer | 48g","48",15.5
"Snacks","Luv-Lov Buddy Berry Milk | 225g","225",72.5
"Snacks","Luv-Lov Buddy Milk Chocolate | 225g","225",69
"Snacks","Sweet Station Chili Dried Mangoes | 100g","100",104.5
"Snacks","Regent Big Mouth Corniks Spicy | 90g","90",34.5
"Snacks","Potchi Choco Peach Mango Mallows | 84g","84",31.5
"Snacks","Lays Stax Sour Cream & Onion | 42g","42",35
"Snacks","Lays Stax Original | 42g","42",35
"Snacks","Lays Stax Extra Cheese | 42g","42",35
"Snacks","Markenburg Marshmallow Flower | 250g","250",69.95
"Snacks","Hersheys Reeses Peanut Butter Cups | 42g","42",61.5
"Snacks","Hersheys Reeses Nutrageous | 47g","47",61.5
"Snacks","Eng Seng Polvoron Durian | 12pcs","12",224.5
"Snacks","Eng Seng Dried Durian | 250g","250",394.5
"Snacks","Rebisco Hansel Prem Kyota Matcha | 120g","120",69.5
"Snacks","Rebisco Momibons Crackers Orig | 28g 5pcs","28",49.5
"Snacks","Rebisco Momibons Mini Chocholate Cookies | 28g 5pcs","28",49.5
"Snacks","Kokola Malkist Strawberry | 100g","100",40
"Snacks","Mcvities Digestive Minis | 32.5g 12pcs","32.5",232.5
"Snacks","Ritter Sport Milk Chocolate With Whale Almond | 100g","100",209.5
"Snacks","Potchi Plus Gummy Worms Jar | 432g","432",119.5
"Snacks","Potchi Gummy Bears | 150g","150",43.5
"Snacks","Potchi Pudding Mango | 112g","112",38.5
"Snacks","Narcing Squid Strips | 80g","80",92.5
"Snacks","Choco Mucho Minis Assorted | 320g","320",104.5
"Snacks","Kimnori Crispy Seaweed Teriyaki | 4g 3pcs","4",106.5
"Snacks","Kimnori Crispy Seaweed Spicy | 4g 3pcs","4",106.5
"Snacks","Choco Mucho Peanut Butter | 30g","30",9.5
"Snacks","Bengbeng Chocolate Wafer | 26.5g","26.5",10
"Snacks","Ice Breakers Sours Assorted Fruits | 42g","42",74.5
"Snacks","Ice Breakers Sours Assorted Berry | 42g","42",109.5
"Snacks","Rebisco Wafertime Cheese | 270g","270",82.5
"Snacks","Chocovron Bitesize Match Green Tea | 80g","80",75
"Snacks","Ci-Bibigo Crispy Seaweed Wasabi | 5g 3pcs","5",104.5
"Snacks","Ci-Bibigo Crispy Seaweed Original | 5g 3pcs","5",89.5
"Snacks","Kinder Bueno Milk Chocolate | 43g","43",74.5
"Snacks","Fry & Pop Onion & Garlic | 400g","400",84.5
"Snacks","Fry & Pop Squid Flakes | 400g","400",84.5
"Snacks","Fry & Pop Shrimp Crackers | 400g","400",84.5
"Snacks","Granny Goose Tortillos BBQ | 25g","25",8.5
"Snacks","Granny Goose Tortillos Cheese | 25g","25",8.5
"Snacks","Tomi Super Sweet Corn | 25g","25",7.95
"Snacks","Richee Milk | 25g","25",7.95
"Snacks","Oishi Prawn Crackers Spicy | 24g","24",7.95
"Snacks","Oishi Prawn Crackers Regular | 24g","24",7.95
"Snacks","Rebisco Peanut Butter Sandwich | 10pcs","10",69.95
"Snacks","Magic Creams Condensada | 28g 10pcs","28",65
"Snacks","Lauras Manna Buttered Toasts | 200g","200",69.5
"Snacks","H&Y Jelly Cogjac Asst | 300g","300",46.5
"Snacks","Glico Pocky Green Tea Matcha | 35g","35",49.5
"Snacks","WL Super Bawang Corn Snacks Garlic | 250g","250",61.5
"Snacks","M&M Crispy | 44g","44",54.5
"Snacks","Chupa Chups Milky Strawberry & Cream | 9g 10pcs","9",42.5
"Snacks","Chupa Chups Milky Caramel | 9g 10pcs","9",42.5
"Snacks","Halls Candy Honey Lemon | 3g 50pcs","3",49.5
"Snacks","Erko Ice Cream Mallow Strawberry Fill | 100g","100",47.5
"Snacks","Erko Marshmallow w/ Choco Jam Filling | 100g","100",47.5
"Snacks","Dynamite Mint Candy Choco | 50pcs","50",47.5
"Snacks","Oishi Grab Nuts Roasted Almonds | 30g","30",38.5
"Snacks","Oishi Grab Nuts Roasted Cashews | 30g","30",38.5
"Snacks","Columbia Frutos Soft Chewy Sampalok | 175g 50pcs","175",43.5
"Snacks","Fres Apple Peach Candy | 150g 50pcs","150",46.5
"Snacks","Fres Grape Candy | 150g 50pcs","150",46.5
"Snacks","Fres Cherry Candy | 150g 50pcs","150",46.5
"Snacks","Fres Barley Mint Candy | 50pcs","50",46.5
"Snacks","Kopiko Candy Cappuccino | 150g 50pcs","150",46.5
"Snacks","Kopiko Candy Coffee | 150g 50ps","150",46.5
"Snacks","Columbia Frooty Rainbow Pop | 25pcs","25",36.5
"Snacks","Columbia Champi Chocofilled Chewy | 50pcs","50",43.5
"Snacks","Sugo Honey Roasted Peanuts | 100g","100",36.5
"Snacks","Sugo Adobo Peanuts | 100g","100",36.5
"Snacks","Leslie Clover Chips Spicy Beef | 85g","85",38.95
"Snacks","4D Gummy Fruits | 48g","48",32.5
"Snacks","4D Gummy Blocks | 45g","45",32.5
"Snacks","H&Y Jelly Conjac Mango Pudding | 160g","160",29.5
"Snacks","H&Y Jelly Conjac Taro Ube | 160g","160",29.5
"Snacks","Columbia Frooty Choco Pop | 20+5pcs","5",36.5
"Snacks","Erko Mallow Plus Mallow Pop | 40g","40",34.5
"Snacks","Nips Fruit &Nut | 80g","80",34.5
"Snacks","SM Bonus Banana Chips | 80g","80",32.5
"Snacks","Del Monte Potato Crisp Spicy | 100g","100",24.5
"Snacks","Snickers Classic | 35g","35",37.5
"Snacks","Chupa Chups Bubble Gum Strawberry | 11g","11",29.5
"Snacks","Sugo Peanuts G | 6g 20s","6",23.5
"Snacks","Sugo Hot & Spicy G | 6g 20s","6",23.5
"Snacks","Del Monte Potato Crisp Original | 80g","80",24.5
"Snacks","Clover Chips Chili & Cheese | 55g","55",28.5
"Snacks","Chupa Chups Sour Bites | 45g","45",30
"Snacks","Choripdong Roasted Seaweed Green Tea | 5g 10pcs","5",250
"Snacks","Choripdong Roasted Seaweed Olive | 5g 10pcs","5",250
"Snacks","Chivalry Pusit | 150g","150",184.5
"Snacks","Mrs. Goodman Choco Oatmeal Cookies | 42g 10pcs","42",149.5
"Snacks","Quaker Oatmeal Cookie Honey Nuts | 27g","27",14.5
"Snacks","W L Cornbits Original Jar | 450g","450",137.5
"Snacks","Richoco White Wafer | 48g","48",11.95
"Snacks","Richoco Chocolate Wafer | 48g","48",11.95
"Snacks","Trolli Gummi Sour Gecko | 19g","19",13.5
"Snacks","Nagaraya Cracker Nuts Butter | 40g","40",11.95
"Snacks","Nagaraya Cracker Nuts Garlic | 40g","40",11.95
"Snacks","Nagaraya Cracker Nuts Hot&Spicy | 40g","40",11.95
"Snacks","Sansans Chicharon | 80g","80",97.5
"Snacks","Jack & Jill Cream O Double Choco | 36g 10pcs","36",104.5
"Snacks","Nissin Bingo Minis Double Choco | 20g","20",9.5
"Snacks","Khong Guan Biscuit Iced Gem Choco | 30g 12pcs","30",91.5
"Snacks","Pringles Bbq | 107g","107",104.5
"Snacks","Ferrero Rocher T3S | 37.5g","37.5",89.5
"Snacks","Philippine Brand Dried Mango Chips | 100g","100",89.5
"Snacks","Oishi Ribbed Crackling Salt Vinegar | 24g","24",7.95
"Snacks","Rebisco Frootees Mango | 30g 10pcs","30",69.95
"Snacks","Rebisco Frootees Green Apple | 32g 10pcs","32",69.95
"Snacks","Fairys Cone White Sugar | 12pcs","12",54.5
"Snacks","Fairys Sugar Cone Two Tone | 12pcs","12",51.5
"Snacks","Jack & Jill Cloud Chooey Choco | 6g 40pcs","6",54.5
"Snacks","Jack & Jill Maxx Fresh | 50pcs","50",47.5
"Snacks","Jack & Jill Maxx Candy Eucalyptus | 50pcs","50",47.5
"Snacks","Rebisco Graham | 200g","200",41.5
"Snacks","H & Y Conjac Jelly | 160g","160",29.5
"Snacks","Rebisco Coco Honey | 14g 10pcs","14",32.5
"Snacks","Happy Classic Adobong Mani | 5g 20pcs","5",24.5
"Snacks","Sunflower Sandwich Strawberry | 800g","800",259.5
"Snacks","Sunflower Crackers Original | 600g","600",224.5
"Snacks","Real Handcooked Seasalt Malt Vinegar | 150g","150",159.5
"Snacks","Real Handcookd Seaslt& Black Pepper | 150g","150",159.5
"Snacks","Real Handcooked Strong & Onion | 150g","150",159.5
"Snacks","Jack&Jill Cloud9 Peanut Butter | 50g","50",19.5
"Snacks","Nabisco Chips Ahoy | 266g","266",174.5
"Snacks","Phil Brand Dried Mangoes Chips | 200g","200",174.5
"Snacks","Growers Almond Nuts Hickory Smoked | 80g","80",121.5
"Snacks","Growers Almond Nuts Onion& Garlic | 80g","80",121.5
"Snacks","Fibisco Choco Mallows | 36g","36",17.95
"Snacks","Lala Fish Cracker | 50g","50",21.5
"Snacks","Columbia Potchi Strawberry Puff | 50g","50",14.95
"Snacks","Ricoa Curly Tops | 500g 100pcs","500",194.5
"Snacks","Cadbury Dairy Milk Sharebag | 81g","81",119.5
"Snacks","Cadbury Holiday Bundle | 75g","75",124.5
"Snacks","H&Y Golden Coin Chocolate Jar | 300g","300",114.5
"Snacks","H&Y Golden Coin Chocolate | 72g 24pcs","72",26.5
"Snacks","M&M's Chocolate Peanut | 180g","180",199.5
"Snacks","Cadbury Chocolate Roast Almond | 32g","32",44.5
"Snacks","Snickers Classic Funsize | 240g","240",246.5
"Snacks","Toblerone Milk Choco Minis | 200g","200",299.95
"Snacks","Toblerone Milk Choco | 200g","200",314.5
"Snacks","Trolli Christmas Stockings | 76g","76",62.95
"Snacks","Pringles Sour Cream Onion | 158g","158",119.5
"Snacks","Rebisco Crackers | 742.50g","742.50",209.5
"Snacks","Rebisco Crackers Plain | 33g 20pcs","33",134.5
"Snacks","Fibisco Chocolate Chips | 36g","36",15.95
"Snacks","Chilen Chicharon Special | 100g","100",118.5
"Snacks","Conching Rosquillos | 190g","190",109.5
"Snacks","Twinkee Honey Waffle Sugar Cones | 12pcs","12",49.5
"Snacks","Titay's Rosquillos Corazon | 200g","200",59
"Snacks","Titay's Rosquillos | 180g","180",94.5
"Snacks","R M Dried Mangoes | 200g","200",244.5
"Snacks","R M Dried Mangoes | 100g","100",122.5
"Snacks","Prawn Craker Salted Egg | 60g","60",32.5
"Snacks","ACT II Popcorn Butter Lovers | 85g","85",71.5
"Snacks","Kimnori Crispy Seaweed Barbeque | 40g","40",162.5
"Snacks","Kimnori Crispy Seaweed Seafood | 40g","40",162.5
"Snacks","Snickers Chocolates Classic | 306g 6pcs","306",274.5
"Snacks","Ferrero Rocher Chocolates | 300g 24pcs","300",779.5
"Snacks","Richeese Big Rolls Cheese | 330g","330",144.5
"Snacks","CAL Cheese Wafer | 8.5g 20pcs","8.5",59.95
"Snacks","Goya Chips Dark Choco | 150g","150",69.95
"Snacks","Pringles Sour Cream & Onion | 147g can","147",114.5
"Snacks","Pringles Original | 147g can","147",114.5
"Snacks","Pringles Cheese | 147g can","147",119.5
"Snacks","Mang Juan Chicken Skin | 70g","70",21.5
"Snacks","Magic Chips Cheese | 100g","100",29.5
"Snacks","Hershey's Chips Milk Chocolate | 326g","326",309.5
"Snacks","Goya Chips Milk Chocolate | 150g","150",69.95
"Snacks","Goya Cocoa Powder Unsweetened | 454g","454",309.5
"Snacks","Kimnori Seaweed Crispy Chili | 40g","40",162.5
"Snacks","Hana Seaweed Roasted Kimbab | 26g","26",157
"Snacks","ACT II Popcorn | 85g","85",71.5
"Snacks","Nova Corn Chips BBQ | 78g","78",41.5
"Snacks","WL Kids Choice Dinosaur Gummy |45g","45",15.95
"Snacks","WL Ginto Swerte Chocolate Coins |25g 10pcs","25",11
"Snacks","WL So Goods Chewy Candy |200g","200",64.5
"Snacks","WL Pop Popping Candy Cherry |140g","140",79.5
"Snacks","WL Pop Popping Candy Strawberry |140g","140",79.5
"Snacks","WL Panda Jack Pop Chocolate |50g","50",15.95
"Snacks","WL Panda Jack Pop Honey Glazed |50g","50",15.95
"Snacks","WL Hex Potato Chips Barbeque |45g","45",17.5
"Snacks","WL Hex Potato Chips Cheese |45g","45",17.5
"Snacks","WL Hex Potato Chips Cheese |175g","175",64.5
"Snacks","WL Hex Potato Chips Barbeque |175g","175",64.5
"Snacks","Nni Nni Strawberry Dip |45g","45",39.5
"Snacks","Nni Nni Chocolate Dip |45g","45",39.5
"Snacks","Lush Sour Zesty Chewy Strawberry | 39.6g","39.6",28.5
"Snacks","Lush Sour Zesty Chewy Lemon | 43.2g","43.2",28.5
"Snacks","Happy Deluxe Coffee Coated Peanut | 100g","100",41.5
"Snacks","Milka Strawberry | 300g","300",219.5
"Snacks","Lotus Biscoff Milk Chocolate Bar | 180g","180",299.5
"Snacks","Sunkist Vita & Jelly Orange | 370g","370",118.5
"Snacks","Sunkist Vita & Jelly Lemon | 370g","370",118.5
"Snacks","Sunkist Vita & Jelly Grapefruit | 370g","370",118.5
"Snacks","Sunkist Fruit & Jelly Pineapple | 300g","300",149.5
"Snacks","Sunkist Fruit & Jelly Mango | 300g","300",149.5
"Snacks","Sunkist Fruit & Jelly Mandarin | 300g","300",149.5
"Snacks","KCO Kangkong Chips Sourcream | 60g","60",69.5
"Snacks","KCO Kangkong Chips Salt 'N Vinegar | 60g","60",69.5
"Snacks","KCO Kangkong Chips Classic | 60g","60",69.5
"Snacks","KCO Kangkong Chips Chocolate | 60g","60",69.5
"Snacks","KCO Kangkong Chips Cheese | 60g","60",69.5
"Snacks","KCO Kangkong Chips Cheddar & Sco | 60g","60",69.5
"Snacks","KCO Kangkong Chips BBQ | 60g","60",69.5
"Snacks","Hunter Quinoa Sweet Chili Salsa | 75g","75",117.5
"Snacks","Hunter Quinoa Jalapeño & Cheddar | 75g","75",117.5
"Snacks","Hunter Potato Chip Quattro For Maggi | 125g","125",122.5
"Snacks","Glico Pocky Milk | 40g","40",49.5
"Snacks","Coco Nougat Mixed Flavor | 252g","252",85.95
"Snacks","Coco My Memories Chocolate | 100g","100",61.5
"Snacks","Coco Claire Chocolate | 158g","158",99.5
"Snacks","Coco Blasting Ice Cream Cone | 300g","300",136.5
"Snacks","Skittles Funsize | 150g","150",141.5
"Snacks","Choco Mucho White Cookies Thins | 30g 10pcs","30",84.5
"Snacks","Big Mouth Corniks Original Garlic | 90g","90",34.5
"Snacks","Juju Secret Santa Surprise | 5g","5",54.5
"Snacks","Juju Secret Santa Surprise Gift Set | 25g","25",199.5
"Snacks","Kokola Kukis Coconut | 400g","400",239.5
"Snacks","Kids Choice Fruits Gummy | 100g","100",37.5
"Snacks","Hueza Toffee Macadamia Crisps | 80g","80",120
"Snacks","Hueza Oatmeal Almond Crisps | 80g","80",120
"Snacks","Hueza Brownie Almond Crisps | 80g","80",120
"Snacks","Hueza Lengua De Gato Crisps | 80g","80",120
"Snacks","Delfi Treasure Milk Chocolate | 36g","36",38.5
"Snacks","M&M Tube Topper | 28g","28",79.5
"Snacks","Doublemint Resealble Honey Lemon | 25pcs","25",49.5
"Snacks","Orells Glazed Banana Cinnamon | 200g","200",229.5
"Snacks","Orells Glazed Banana Thins | 200g","200",229.5
"Snacks","Orells Glazed Sweet Potato | 150g","150",229.5
"Snacks","Mondelez Tiger Bites Vanilla | 18g 10pcs","18",66.5
"Snacks","Mondelez Tiger Bites Chocolate | 18g 10pcs","18",66.5
"Snacks","Mayasi Cashew Sweet and Sour | 100g","100",100
"Snacks","Cebu 88 Almnd Choc Dried Mango | 80g","80",119.5
"Snacks","Cebu 88 Chocolate Dried Mango | 80g","80",114.5
"Snacks","Rebisco Maxi Mix Choco Indulgence | 1.35kg","1.35",454.5
"Snacks","Rebisco Maxi Mix Sandwich Collection | 1.4kg","1.4",454.5
"Snacks","JBC Happy Peanuts Hot and Spicy | 25g","25",6.95
"Snacks","JBC Happy Peanuts Bbq | 25g","25",6.95
"Snacks","Emco Musli Hazelnut Oat Cookies | 60g","60",36.5
"Snacks","Emco Musli Blueberry Oat Cookies | 60g","60",36.5
"Snacks","Emco Musli Chocolate Oat Cookies | 60g","60",36.5
"Snacks","Trolli Holloween Sweet and Sour | 300g","300",155
"Snacks","Trolli Holloween Mix | 25g","25",20.5
"Snacks","Hersheys Creamy Milk With Almond | 90g","90",119.5
"Snacks","Belgian Chocolate Thins Caramel Sea Salt | 125g","125",192.5
"Snacks","Chatlet Choco Peanut King Bar | 24pcs","24",44.5
"Snacks","Konu Mini Krunch Taro | 360g","360",169.5
"Snacks","Smart Choice Roasted Sungsong | 400g","400",109.5
"Snacks","Smart Choice Dried Cranberries | 250g","250",229.5
"Snacks","Smart Choice Trail Mix | 250g","250",289.5
"Snacks","White Rabbit Candy | 114g","114",89.5
"Snacks","White Rabbit Candy | 227g","227",157.5
"Snacks","Ferrero Rocher T30 | 375g","375",764.5
"Snacks","Coco Custard Tart Cookie Choco | 50g","50",28.75
"Snacks","Coco Custard Tart Cookie Cranberry | 50g","50",28.75
"Snacks","Kids Choice Gummy Heart | 40g","40",14.5
"Snacks","Kids Choice Gummy Ring | 40g","40",14.5
"Snacks","4D Gummy Crystal Skulls | 72g","72",49.5
"Snacks","24 Seven Jelly Joy Apple Flavor | 240g","240",20
"Snacks","Coco Mini Chocolate Cookies | 376g","376",79.5
"Snacks","Coco Belgian Choco Cookies | 72g","72",30
"Snacks","Coco Belgian Butter Cookies | 72g","72",30
"Snacks","Coco Crisp Tart Biscuit Dark Choco | 66g","66",42.5
"Snacks","Coco Almond 58% Dark Chocolate | 135g","135",144.5
"Snacks","Coco Nuts Crisp | 250g","250",69.5
"Snacks","Coco Mango Pudding Soft Candy | 100g","100",26.5
"Snacks","Coco Blasting Ice Cream Strawberry | 300g","300",136.5
"Snacks","Coco Macadamia Chocolates | 58g","58",67.5
"Snacks","Coco Sunflower Seeds | 500g","500",137.5
"Snacks","Coco Everyday Mix Nuts | 200g","200",164.5
"Snacks","Suncrest Topps Sarap Strawberry | 32g 10pcs","32",89.5
"Snacks","Suncrest Topps Sarap Peach Mango | 32g 10pcs","32",89.5
"Snacks","Ruffles Cheddar & Sour Cream | 50g","50",54.95
"Snacks","Quaker Oat Choco Chips Cookies | 25g 6pcs","25",91.5
"Snacks","Potato Shoe String Sour Cream & Onion | 45g","45",43.5
"Snacks","Potato Shoe String Original | 45g","45",43.5
"Snacks","Potato Shoe String Cheddar | 45g","45",43.5
"Snacks","Oishi Pinattsu Seaweed Flavor | 100g","100",34.5
"Snacks","Oishi Pinattsu Garlic Flavor | 100g","100",34.5
"Snacks","Oishi Grab Nuts Almond & Cashew Clasters | 30g","30",39.5
"Snacks","Lays Double Crunch Smokin BBQ | 50g","50",54.5
"Snacks","Lays Double Crunch Smokin BBQ | 170g","170",169.5
"Snacks","Lays Double Crunch Extra Cheese | 50g","50",54.5
"Snacks","Lays Double Crunch Extra Cheese | 170g","170",169.5
"Snacks","Lays Double Crunch Overload Nori | 50g","50",54.5
"Snacks","Lays Double Crunch Overload Nori | 170g","170",169.5
"Snacks","Lays BBQ | 50g","50",54.95
"Snacks","Kinder Tronky T5 | 90g","90",139.5
"Snacks","Fibisco Ginger Snaps | 250g","250",54.5
"Snacks","Brownie Break Ube Bar | 14.5g 20pcs","14.5",84.5
"Snacks","Zaini Milk Chocolate Eggs For Girls | 20g 3pcs","20",219.5
"Snacks","Zaini Milk Chocolate Eggs Cars | 20g 3pcs","20",219.5
"Snacks","Vcut Spicy Barbeque Flavor | 155g Party Pack","155",100
"Snacks","Navarro Pastillas Jar | 30pcs","30",175
"Snacks","Navarro Pastimallows | 24pcs","24",170
"Snacks","SS Butcheron | 80g","80",160
"Snacks","SS Spicy Butcheron | 80g","80",160
"Snacks","ZJ Roasted Cashew Nuts | 150g","150",159
"Snacks","SS Crunchy Mushroom | 140g","140",150
"Snacks","Qui Peanut Butter Assorted Flavors | 500g","500",120
"Snacks","SS Fish Crackers | 180g","180",78
"Snacks","Clara Ole Dip It Good Salsa | 120g","120",64.5
"Snacks","Clara Ole Dip It Good Cheddar Chiz | 120g","120",64.5
"Snacks","Clara Ole Dip It Good French Onion | 120g","120",79.5
"Snacks","Clara Ole Dip It Good Jalapeno | 120g","120",64.5
"Snacks","Bahaghari Banana Chips | 350g","350",181.5
"Snacks","BAHAGHARI BANANA CHIPS 100G","100",64.95
"Snacks","Sea Dried Sweet Pusit | 100g","100",160
"Snacks","Sea Dried Danggit Cebu | 100g","100",155
"Snacks","Sea Dried Boneless Dilis | 100g","100",155
"Snacks","Sea Dried Bisugo | 200g","200",130
"Snacks","Sea Dried Salinas | 200g","200",120
"Snacks","Rgies Coffee Scotch With Almond | 175g 10pcs","175",120.95
"Snacks","Rgies Butter Scotch Assorted | 175g 10pcs","175",122.5
"Snacks","Rgies Butter Scotch Squares With Mango Bits | 10pcs","10",120.95
"Snacks","Rgies Butter Scotch Squares With | 10pcs","10",116
"Snacks","Sunsarap Banana Chips | 200g","200",166.5
"Snacks","CF Kangkong Chips Assoted Flavors | 120g","120",139
"Snacks","SM Bonus Marshmallows Mango | 200g","200",51.5
"Snacks","SM Bonus Marshmallows | 40g","40",11
"Snacks","Shamrock Otap | 200g","200",124.5
"Snacks","RPM Roasted Pili Nuts | 80g","80",241.5
"Snacks","Tostitos Chips Yellow Corn Restaurant | 250g","250",179.5
"Snacks","Hong Mao Jelly Candy Orange | 500g","500",154.5
"Snacks","FWC Cham Pui Mui Pink | 200g","200",109.5
"Snacks","FWC Cham Pui Mui Blue | 200g","200",109.5
"Snacks","Hong Mao Jelly Candy Orange | 210g","210",81.5
"Snacks","Shamrock Rosquillos | 140g","140",139.5
"Snacks","Shamrock Otap In A Bag | 1200g","1200",764.5
"Snacks","Shamrock Otap | 400g","400",234.5
"Snacks","Shamrock Hojaldres | 350g","350",179.5
"Snacks","Sunshine Premium Mix | 100g","100",39.5
"Snacks","Sunshine Golden Mix | 100g","100",34.5
"Snacks","Konu Mini Krunch Matcha Jar | 160g","160",100
"Snacks","Konu Mini Krunch Cookies & Cream Jar | 160g","160",100
"Snacks","Kinder Joy Natoons | 20g","20",61
"Snacks","Jack & Jill Piattos Cheddar & Sour Cream | 85g","85",37.5
"Snacks","Jack & Jill Piattos Cheddar & Sour Cream | 170g","170",74.5
"Snacks","Hunter Potato Chips White Truffle Porcini | 125g","125",136.5
"Snacks","Hunter Potato Chips Black Truffle | 125g","125",131.5
"Snacks","Cebu88 Dried Mango | 200g","200",229
"Snacks","Cebu88 Dried Mango | 100g","100",114.5
"Snacks","Peanut Kisses | 20gm 7 pcs","7",29.5
"Snacks","Hersheys Kisses Dark chocolate | 150g","150",204.5
"Snacks","M.Y. San Graham Deluxe Tiramisu | 25g 10pcs","25",84.5
"Snacks","M.Y. San Graham Deluxe Banana Choco | 25g 10pcs","25",84.5
"Snacks","M.Y. San Butter Cookies Selections | 275g","275",179.5
"Snacks","Meiji Hello Panda Cookies & Cream | 42g","42",47.5
"Snacks","Meiji Hello Panda Caramel | 42g","42",47.5
"Snacks","Mayasi Cashew Salted Caramel | 100g","100",100
"Snacks","Mayasi Cashew Roasted Corn | 100g","100",100
"Snacks","Mayasi Cashew Honey Butter | 100g","100",100
"Snacks","Malkist Sweet Glazed Crackers | 28g 10pcs","28",66.5
"Snacks","Malkist Barbeque Crackers | 28g 10pcs","28",66.5
"Snacks","Hersheys Choco Balls Cookies & Choco | 36g","36",51.5
"Snacks","Hersheys Choco Balls Cookies & Cream | 36g","36",51.5
"Snacks","Dutche Milk Choco with Monk Fruit | 54g","54",75
"Snacks","Glico Pocky Crushed Fruits Strawberry | 38g","38",57.5
"Snacks","Glico Pocky Crushed Fruits Blueberry | 38g","38",57.5
"Snacks","Cadbury Milk Save 25| 4pcs 30g","4",121
"Bakery","Marby Chicken Spring Rolls | 280g 14pcs","280",98
"Bakery","Cream Cornstarch | 400g","400",51.5
"Bakery","Marby Hopia Pork | 650g 10pcs","650",118.5
"Bakery","Marby Loaf Bread Monggo | 400g","400",78.5
"Bakery","Lemon Square Fun Square Classic Brownies | 30g 10pcs","30",99.5
"Bakery","Lbl Ube Cheese Loaf | 300g","300",46
"Bakery","Hotsa Dumplings Reg Siomai | 18pcs","18",167
"Bakery","Marby Pullman Loaf Bread | 400g","400",57
"Bakery","White King Ultimate Fudge Brownie Mix | 580g","580",167.5
"Bakery","Gardenia Loaf High Fiber Wheat | 600g","600",96
"Bakery","Gardenia Pinoy Tasty | 450g","450",44
"Bakery","Maya The Original Hot Cake Mix | 500g","500",66.5
"Bakery","Monde Special Mamon Classic | 40g 12pcs","40",204.5
"Bakery","Gardenia Neubake White Bread | 450g","450",54
"Bakery","Gardenia Cheese Buns | 250g 10pcs","250",65
"Bakery","Fudgee Bar Chocolate Cream-Filled Cake Bar | 42g 10pcs","42",91.5
"Bakery","Monde Banana Bar | 20g 10pcs","20",104.5
"Bakery","Marby Loaf Bread Whole Wheat | 600g","600",82
"Bakery","Marby Cheese Bites | 120g","120",43.5
"Bakery","Gardenia Soft Delight Pandesal Fampk | 300g","300",54
"Bakery","Monde Wheat Bread | 600g","600",92
"Bakery","Fudgee Bar Assorted Combo | 42g 10pcs","42",74.5
"Bakery","Magnolia All Purpose Flour | 400g","400",46.5
"Bakery","Marby Super Loaf | 600g","600",79
"Bakery","Lemon Square Inipit Assorted | 21g 10pcs","21",64.5
"Bakery","Gardenia High Fiber Wheat Loaf Raisin | 400g","400",76
"Bakery","Magnolia All Purpose Flour | 800g","800",96.5
"Bakery","Doughboy Crossini Rolls Choco | 10pcs","10",117.5
"Bakery","SM Bonus White Bread Loaf Regular | 600g","600",58
"Bakery","Gardenia Wheaten Bread | 560g","560",79
"Bakery","Monde Special Mamon Mini Classic | 23g 8pcs","23",85
"Bakery","Lemon Square Cake Assorted | 10pcs","10",85
"Bakery","Monde Cheese Bar | 23g 10pcs","23",104.5
"Bakery","SM Bonus Pure Cornstarch | 400g","400",36.5
"Bakery","SM Bonus Baking Soda | 250g","250",26.5
"Bakery","Maya Quick & Easy Pancake | 500g","500",104.5
"Bakery","Monde Special Mamon Mocha | 43g 6pcs","43",114.5
"Bakery","Gardenia Premium Pandesal | 350g","350",56
"Bakery","McCormick Vanilla Extract | 20ml","20",54.5
"Bakery","Marby Tortillas Mexican Wraps | 300g","300",80
"Bakery","Marby Lumpia Wrapper Big | 230g 20pcs","230",63
"Bakery","Gardenia Loaf Bread High Fiber Wheat Raisin | 600g","600",122
"Bakery","Maya The Original Hot Cake Mix | 200g","200",31.5
"Bakery","Fuwa Fuwa Everyday Japan Tasty | 550g","550",81
"Bakery","Suncrest Doowee Donuts | 40g 10pcs","40",116.5
"Bakery","Tasty Boy All Purpose Breading Mix | 65g","65",13.25
"Bakery","Maya Chocolate Fudge Brownie Mix | 500g","500",126.5
"Bakery","Maya Hotcake Mix Chocolate | 500g","500",96.5
"Bakery","Maya Decadence Red Velvet Cake Premium Mix | 460g","460",216.5
"Bakery","Ferna Baking Soda | 250g","250",42.5
"Bakery","Dutche Special Chocolate Fondue | 1kg","1",300
"Bakery","Dutche Chocolate Chips | 350g","350",121.5
"Bakery","Dutche Alkalized Cocoa Powder | 180g","180",109.5
"Bakery","Dutche Chocobar Premium | 500g","500",151.5
"Bakery","Dutche Choco Bar Dark | 1/2kg","2",151.5
"Bakery","Mr Hat Gulaman Flavored Gelatin Buko Pandan | 25g","25",15.5
"Bakery","Master Gulaman Unflavored Gelatin Red | 25g","25",15
"Bakery","Master Gulaman Unflavored Gelatin White | 25g","25",15
"Bakery","Master Gulaman Unflavored Gelatin Green | 25g","25",15
"Bakery","Regent Mochi Rice Cake Ube | 240g","240",79.95
"Bakery","Lemon Square Choochoo Cheesycake | 38g 10pcs","38",102.5
"Bakery","Lemon Square Wattatops Vanilla Cream | 35g 10pcs","35",92.5
"Bakery","Lemon Square Whatta Tops Assorted | 35g 10pcs","35",92.5
"Bakery","Lemon Square Inipit Custard | 21g 10pcs","21",64.5
"Bakery","Lemon Square Lavacake Quezo Con Ube | 38g 10pcs","38",92.5
"Bakery","Lemon Square Lava Cake Crmy Bvarian | 380g","380",89.5
"Bakery","Lemon Square Cheese Cake Big | 42g 10pcs","42",109.5
"Bakery","Tian Seng Sesame Roll | 100g","100",56
"Bakery","Tian Seng Sesame Cake | 150g","150",43
"Bakery","Tian Seng Rice Roll | 100g","100",54
"Bakery","Tian Seng Macy Special | 180g 6pcs","180",74
"Bakery","Tian Seng Hopia Dice Pandan | 150g","150",43
"Bakery","Tian Seng Hopia Dice Mongo | 150g","150",43
"Bakery","Tian Seng Chinese Tikoy | 500g","500",180
"Bakery","Tian Seng Chinese Tikoy | 1000g","1000",348
"Bakery","Fry Best Bread Crumbs | 230g","230",39.5
"Bakery","Gardenia Whole Wheat Pandesal | 350g","350",65
"Bakery","TIFFANY WHOLE WHEAT 400G","400",68
"Bakery","WALTER HEALTHY SUGAR FREE WHEAT 350G","350",82
"Bakery","Gardenia Wheat Cranberry Loaf | 400g","400",90
"Bakery","Gardenia Amazing Butterscoth Loaf | 400g","400",99
"Bakery","Marby Loaf Bread Ham | 320g 2pcs","320",103.5
"Bakery","Marby Loaf Bread Ube | 380g","380",78.5
"Bakery","Gardenia Loaf Chocolate Chip | 400g","400",92
"Bakery","Gardenia Double Delights Ube & Cheese | 400g","400",90
"Bakery","Gardenia Loaf Bread Amazing Black Forest | 400g","400",125
"Bakery","Gardenia Loaf Bread California Raisins | 400g","400",92
"Bakery","Tiffany Pullman Super Loaf | 720g","720",79
"Bakery","SM Bonus Raisins | 200g","200",86.5
"Bakery","Ram Dessicated Coconut | 200g","200",71.5
"Bakery","White King Classic Hotcake Mix | 400g","400",66.5
"Bakery","Suncrest Doowee Donuts White Choco G | 40g 10pcs","40",116.5
"Bakery","Suncrest Fudgee Bar Mocha G | 41g 10pcs","41",92.5
"Bakery","Suncrest Doowee Donut Strawberry G | 40g 10pcs","40",116.5
"Bakery","Oreo Small Crushed Cookie Pieces | 454g","454",199.5
"Bakery","SM Bonus California Raisins Seedless | 100g","100",44.5
"Bakery","SM Bonus Marshmallows Mini | 200g","200",54.5
"Bakery","SM Bonus Marshmallows | 80g","80",21
"Bakery","SM Bonus Marshmallows | 200g","200",51.5
"Bakery","SM Bonus Desiccated Coconut | 150g","150",32.5
"Bakery","SM Bonus Pure Cornstarch | 200g","200",21.5
"Bakery","SM Bonus Hotcake Mix | 500g","500",59.5
"Bakery","SM Bonus All Purpose Flour | 400g","400",43.5
"Bakery","SM Bonus All Purpose Flour | 200g","200",26.5
"Bakery","SM Bonus All Purpose Flour | 1kg","1",93.5
"Bakery","Suncrest Cupp Keyk Flavor Combo | 33g 10pcs","33",76.5
"Bakery","Suncrest Choco Topps Cupp Keyk | 35g 10pcs","35",89.5
"Bakery","Suncrest Whoopie Marshmllow Cake G | 35g 10pcs","35",107.5
"Bakery","Suncrest Dowee Donut Assorted | 40g 10pcs","40",116.5
"Bakery","Suncrest Fudgee Bar Salted Caramel | 38g 10pcs","38",92.5
"Bakery","Suncrest Fudgee Bar Vanilla G | 42g 10pcs","42",92.5
"Bakery","Fudgee Bar Dark Choco | 38g 10pcs","38",92.5
"Bakery","Suncrest Fudgee Bar Macapuno G | 42g 10pcs","42",92.5
"Bakery","SUNCREST FUDGEE BAR MILKY 42G (10 PCS)","42",92.5
"Bakery","Regent Belgian Waffle | 30g 10pcs","30",124.5
"Bakery","Regent Mochi Glutinous Rice Cake | 240g","240",76.5
"Bakery","Regent Cake Assorted | 20g 10pcs","20",81.5
"Bakery","Quake Choco Bar Choco Filing | 38g 10pcs","38",86.5
"Bakery","Quake Choco Bar Vanilla Filling | 38g 10pcs","38",86.5
"Bakery","Quake Overload Choco Straberry | 33g 10pcs","33",94.5
"Bakery","Quake Overload Black Forest | 330g 10pcs","330",94.5
"Bakery","Quake Overload Mocha | 33g 10pcs","33",94.5
"Bakery","Monde Special Mamon with Vanilla Filled | 48g 4pcs","48",86.5
"Bakery","Monde Special Mamon Choco Filled | 48g 4pcs","48",86.5
"Bakery","Monde Special Mamon w/ Strawberry Filling | 48g 4pcs","48",86.5
"Bakery","Lemon Square Choochoo Cake Pies | 38g 10pcs","38",102.5
"Bakery","Lemon Square Wattatops Mango Graham | 35g 10pcs","35",92.5
"Bakery","Lemon Square Wattatops Cookies& Cream | 36g 10pcs","36",92.5
"Bakery","Lemon Square Wattatops Choco | 35g 10pcs","35",92.5
"Bakery","Lemon Square Fun Square Butter Scotch | 30g 10pcs","30",99.5
"Bakery","Lemon Square Lava Cake | 40g 10pcs","40",89.5
"Bakery","Tian Seng Special Tikoy Ube | 150g","150",46
"Bakery","White King Bibingka | 500g","500",116.5
"Bakery","Tiffany Ube Ball | 250g","250",53
"Bakery","Tian Seng Tikoy Sesame | 150g","150",46
"Bakery","Tian Seng Tikoy Pandan | 150g","150",46
"Bakery","Tian Seng Tikoy Mongo | 150g","150",46
"Bakery","Tian Seng Hopia Dice Ube | 150g","150",43
"Bakery","Tian Seng Hopia Ube | 150g","150",43
"Bakery","Tian Seng Tikoy Ube | 150g","150",46
"Bakery","Tian Seng Tikoy Peanut | 150g","150",46
"Bakery","Royal Dansk Cookie Assorted | 454g","454",364.5
"Bakery","Regent Belgian Chocolate Waffle | 300g","300",124.5
"Bakery","Mochi Peanut Flavor | 240g","240",89.5
"Bakery","Mochi Black Sesame | 240g","240",89.5
"Bakery","Maya Hotcake Mix Fluffy N Tasty | 350g","350",54.5
"Bakery","Lemon Square Inipit Ube Macapuno | 21g 10pcs","21",59.95
"Bakery","Mr Hat Gulaman Green Tea | 25g","25",15.5
"Bakery","Mr Hat Gulaman White | 25g","25",15.5
"Bakery","White King Classic Puto | 400g","400",94.5
"Bakery","White King Brownies Crinkles Mix | 500g","500",124.5
"Bakery","White King All Purpose Flour | 400g","400",51.5
"Bakery","White King All Purpose Flour | 800g","800",98.5
"Bakery","Peotraco Pure Glycerin | 100ml","100",72.5
"Bakery","Peotraco Glucose | 750g","750",103
"Bakery","Peotraco Rice Flour | 500g","500",72.5
"Bakery","Peotraco Glutinous Rice Flour | 500g","500",79.5
"Bakery","M.Y. San Crushed Graham | 200g","200",54.5
"Bakery","Maya Cake Flour | 1kg","1",134.5
"Bakery","Maya Quick Easy Pancake | 200g","200",44.5
"Bakery","Maya All-Purpose Flour | 800g","800",94.5
"Bakery","Maya All Purpose Flour | 4kg","4",455
"Bakery","Magnolia Fudge Brownie Mix | 500g","500",146.5
"Bakery","Magnolia Devils Food Cake | 550g","550",206.5
"Bakery","Magnolia Pancake Plus With Chocolate Syrup | 200g","200",42.5
"Bakery","Magnolia Pancake & Waffle Mix | 180g","180",33.5
"Bakery","Magnolia Pancake Plus With Maple Syrup | 200g","200",42.5
"Bakery","Magnolia Pancake Plus With Maple Syrup | 480g","480",92.5
"Bakery","Magnolia Pancake and Waffle Mix | 400g","400",66.5
"Bakery","McCormick Buco Pandan Extract | 20ml","20",72.5
"Bakery","Peotraco Sugar Caster | 500g","500",82.5
"Bakery","Peotraco High Fructose Corn Syrup | 500ml","500",79.5
"Bakery","Peotraco Confectioners Powdered Sugar | 2272g","2272",339.5
"Bakery","Peotraco Premium Confectioners Sugar | 450g","450",82.5
"Bakery","Peotraco Regular Confectioners Sugar | 450g","450",77.5
"Bakery","Goya Cocoa Powder Unsweetened | 180g","180",184.5
"Bakery","Goya Easy Melt Cream White Chocolate Buttons | 180g","180",109.5
"Bakery","Goya Easy Melt Chocolate Buttons | 180g","180",109.5
"Bakery","Goya Easy Melt Dark Chocolate Buttons | 180g","180",109.5
"Bakery","Goya Chocolate Syrup | 350ml","350",144.5
"Bakery","Ferna Unflavored Gelatine | 50g","50",79.5
"Bakery","Ellie All Purpose Flour | 1kg","1",94.5
"Bakery","Suncrest Crossini Bavarian Cream | 41g 10pcs","41",117.5
"Bakery","Wang Leek Dumpling | 675g 12pcs","675",244
"Bakery","Village Gourmet Buns Health Whole Wheat Pandesal | 8pcs","8",212
"Bakery","Marby Beef Shanghai | 1kg-1.2kg","1",462
"Bakery","Tokyo Mochi Parfait Strawberry | 90g","90",135
"Bakery","Tokyo Mochi Parfait Matcha | 90g","90",135
"Bakery","Uncle George Cakes Rolls Mamon Small | 80g","80",48
"Bakery","Marby Kababayan | 80g","80",40
"Bakery","Walter Crunchy Salad Croutons | 75g","75",37
"Bakery","Danish Bun Chocolate | 75g","75",100
"Bakery","Danish Bun Sweet Potato | 75g","75",100
"Bakery","Danish Bun Red Sweet Beans | 75g","75",100
"Bakery","Danish Bun Japanese Melon | 75g","75",100
"Bakery","Danish Bun Custard | 75g","75",100
"Bakery","Tokyo Mochi Waffle Custard | 70g","70",135
"Bakery","Tokyo Mochi Waffle Strawberry | 70g","70",135
"Bakery","Tokyo Mochi Waffle Chocolate | 70g","70",135
"Bakery","Marby Soup & Salad Croutons | 70g","70",34
"Bakery","Signature Select Ravioli Beef | 708g","708",480
"Bakery","Kokola Favorrico Chocolate Chip Cookie |400g","400",114.5
"Bakery","Sweet Station Mallow Stripes |100g","100",29.5
"Bakery","Sweet Station Mallow Cake |100g","100",29.5
"Bakery","Hotsa Siopao Special Ube | 360g 6pcs","360",75
"Bakery","Village Gourmet Pita Pocket | 276g 6pcs","276",156
"Bakery","Village Gourmet Tortilla 6inch | 12pcs","12",181
"Bakery","Sliced Crepe Cake Original | 68g","68",145
"Bakery","Sliced Crepe Cake Tiramisu | 68g","68",145
"Bakery","Sliced Crepe Cake Strawberry | 68g","68",145
"Bakery","Sliced Crepe Cake Matcha | 68g","68",145
"Bakery","Wang Sharksfin Dumpling | 680g","680",331
"Bakery","Wang Shrimp Dumpling | 680g","680",331
"Bakery","Wang Mushroom Dumpling | 680g","680",289
"Bakery","Hokkaido Cream Puff Milk | 60g","60",120
"Bakery","Tiffany Sliced Pianono Choco | 60g","60",32
"Bakery","Tiffany Sliced Pianono Plain | 60g","60",31
"Bakery","Tiffany Sliced Pianono Mocca | 60g","60",31
"Bakery","K Chef Korean Hotdog | 500g 5pcs","500",235
"Bakery","Dorayaki Pancake With Red Bean Paste | 5pcs","5",340
"Bakery","Signature Select Pizza Rolls Pepperoni | 567g","567",519
"Bakery","Signature Select Pizza Rolls Cheese | 567g","567",380
"Bakery","UG Cheesy Ube Pandan Delight | 440g","440",139
"Bakery","Allgroo Chive Gyoza Mandu | 540g","540",209
"Bakery","Allgroo Vegetable Gun Mandu | 540g","540",209
"Bakery","Allgroo Vegetable Gyoza Mandu | 540g","540",209
"Bakery","Hokkaido Eclair Cake With Chocolate | 53g","53",135
"Bakery","K Chef Japchae Noodle | 500g","500",195
"Bakery","Uncle George French Baguette | 500g","500",89
"Bakery","Village Gourmet Gourme Bagel Blueberry | 360g 4pcs","360",235
"Bakery","Village Gourmet Gourme Bagel Plain | 360g 4pcs","360",228
"Bakery","Village Gourmet Bagel Whole Wheat Banana | 360g 4pcs","360",228
"Bakery","Marby Beef Asado Siopao | 340g 4pcs","340",134
"Bakery","Village Gourmet Pita Pocket Whole Wheat Large | 330g 4pcs","330",154
"Bakery","Village Gourmet English Muffins | 23g 4pcs","23",144
"Bakery","Hotsa Siopao Special Asado | 4pcs","4",116
"Bakery","Marby Siopao Corned Tuna | 4pcs","4",77
"Bakery","Hotsa Special Bola Bola Siopao | 4pcs","4",119
"Bakery","Marby Siopao Bola Bola | 4pcs","4",102
"Bakery","Safoco Rice Paper | 300g 48pcs","300",105
"Bakery","Signature Select Pancakes Buttermilk | 468g","468",320
"Bakery","Tiffany Dinner Square | 460g","460",70
"Bakery","Signature Select Tempura Cauliflower | 454g","454",450
"Bakery","Mruha Nchro Fried Rice Takana Pilaf | 450g","450",365
"Bakery","Mruha Nchro Chicken Burdock Rice | 450g","450",365
"Bakery","Maruha Nichiro Friedrice Grilledpork | 450g","450",365
"Bakery","Maruha Nichiro Friedrice Bibimbap | 450g","450",365
"Bakery","Village Gourmet Pizza Crust Large Thin | 450g","450",236
"Bakery","Uncle George Cinnamon Walnut Ring | 440g","440",183
"Bakery","Uncle George Whole Wheat Loaf Sugar Free | 420g","420",115
"Bakery","LBL Pinoy Tasty | 450g","450",44
"Bakery","Allgroo Vegetable Bibimbap | 440g","440",299
"Bakery","Allgroo King Prawn Fried Rice | 420g","420",299
"Bakery","Allgroo Japchae Fried Rice | 420g","420",279
"Bakery","Allgroo Kimch Fried Rice | 420g","420",279
"Bakery","FNC Nathaniels Frozen Lasagna | 420g","420",220
"Bakery","Uncle George Cinnamon Raisin Bread | 420g","420",88
"Bakery","SM Bonus Whole Wheat Loaf | 400g","400",63
"Bakery","Goldilocks Beef Caldereta Ready To Eat | 400g","400",470
"Bakery","Allgroo Cheese and Sausage Corndog | 400g","400",359.5
"Bakery","Allgroo Classic Korean Corndog | 400g","400",359.5
"Bakery","Goldilocks Kare Kare Ready To Eat | 400g","400",340
"Bakery","Allgroo Basil Chicken Gyoza Mandu | 400g","400",259
"Bakery","Allgroo Spicy Chicken Gyoza Mandu | 400g","400",259
"Bakery","Allgroo Smoked Chicken Gyoza Mandu | 400g","400",259
"Bakery","Goldilocks Pork Dinuguan Ready To Eat | 400g","400",250
"Bakery","K Chef Seafood Dumpling | 400g","400",280
"Bakery","K Chef Pork Dumpling | 400g","400",270
"Bakery","K Chef Bulgogi Dumpling | 400g","400",270
"Bakery","K Chef Vegetable Dumpling | 400g","400",210
"Bakery","Marby Whole Wheat Bread | 400g","400",72.5
"Bakery","Village Gourmet Tortillas Whl Wheat 10inch | 390g 6pcs","390",236
"Bakery","Wang Vegetable Dumpling | 675g","675",303.5
"Bakery","Village Gourmet Gourme Bagel Cinnamon Raisin | 360g","360",235
"Bakery","Village Gourmet Brioche Burger Buns | 360g","360",126
"Bakery","Tiffany Special Ensaymada | 360g","360",74
"Bakery","Signature Select Waffles Buttermilk | 350g","350",258
"Bakery","Marby Buns Reg Dinner Roll | 350g","350",101.5
"Bakery","Tiffany Potato Pandesal | 350g","350",56
"Bakery","Maruha Nichiro Stir Fried Noodle | 346g","346",340
"Bakery","Signature Select Classics Lasagna With Sauce | 342g","342",380
"Bakery","Bambi Pizza Pie All Meat | 320g","320",186
"Bakery","Village Gourmet Gourme Bread Batard Stick Soft | 320g","320",217
"Bakery","Bambi Pizza Pie Pepperoni | 320g","320",174
"Bakery","Uncle George Gourmet Breads Raisin Panderosa | 320g","320",65
"Bakery","Marby Special Vegetable Lumpia | 300g","300",100
"Bakery","Niko Oishi Gyoza | 300g","300",185
"Bakery","Village Gourmet Tortillas Whole Wheat 6inch | 300g 12pcs","300",184
"Bakery","Village Gourmet Gourme Bread Batard Sourdough | 300g","300",162
"Bakery","Village Gourmet Gourme Bread Batard French Loaf | 300g","300",160
"Bakery","Village Gourmet Gourme Bread Baguette French | 300g","300",137
"Bakery","Marby Cakes Cake Pancake | 300g","300",67.5
"Bakery","Lbl Wheat Loaf | 300g","300",42
"Bakery","Tiffany Ensaymada Small | 180g 2pcs","180",58
"Bakery","Bambi Pizza Crust Economy Big | 320g 2pcs","320",50.5
"Bakery","Village Gourmet Pizza Crust Super Thin | 250g 2pcs","250",176
"Bakery","Tiffany Torta | 220g 2pcs","220",58
"Bakery","Marby Ensaymada Mongo | 150g 2pcs","150",74
"Bakery","Marby Ensaymada Ube | 150g 2pcs","150",73.5
"Bakery","Tiffany Sliced Chocolate Cake | 2pcs","2",62
"Bakery","Tiffany Sliced Carrot Cake | 2pcs","2",64
"Bakery","Village Gourmet Brioche Hotdog Buns | 290g","290",120
"Bakery","Maruha Nichiro Wildish Fried Rice With Pork and Vegetable | 270g","270",270
"Bakery","Tiffany Carrot Cake | 270g","270",73
"Bakery","Allgroo Seafood Pancake | 260g","260",269
"Bakery","Allgroo Kimchi Pancake | 260g","260",249
"Bakery","Allgroo Vegetable Pancake | 260g","260",249
"Bakery","Hotsa Sticks Regular Pimiento | 25pcs","25",107
"Bakery","Hotsa Sticks Regular Ham | 25pcs","25",107
"Bakery","Hotsa Sticks Regular Cheese | 25pcs","25",107
"Bakery","SM Bonus Gulaman Powder Coffee | 25g","25",13.5
"Bakery","Tapa King Sweet and Savory | 250g","250",255
"Bakery","Tapa King Spicy and Sweet | 250g","250",255
"Bakery","Tapa King Classic | 250g","250",255
"Bakery","Marby Buns Reg Monay | 250g","250",56
"Bakery","Marby Buns Regular Pandesal | 250g","250",51
"Bakery","Bambi Dumpling Wrapper Round | 250g","250",43
"Bakery","Gardenia Pinoy Pandesal | 250g","250",27.25
"Bakery","Niko Yaki Gyoza | 240g","240",175
"Bakery","Tiffany Choco Pound Cake | 210g","210",65
"Bakery","Tiffany Banana Loaf | 210g","210",62
"Bakery","Tiffany Butter Pound | 210g","210",59.5
"Bakery","Hotsa Siopao Mini | 20pcs","20",256
"Bakery","Fujiya Milky Cream Puff | 200g","200",120
"Bakery","Bambi Molo Wrapper 2.5x2.5 | 120g","120",29.5
"Bakery","Marby Lumpia Shanghai | 1kg 1200g","1",409
"Bakery","Souffle Roll Cake Chocolate | 199g","199",270
"Bakery","Souffle Roll Cake Custard | 193g","193",270
"Bakery","Hotsa Shrimp Siomai | 18pcs","18",190
"Bakery","Hotsa Chicken Siomai | 18pcs","18",190
"Bakery","Hokkaido Cheese Cake | 184g","184",825
"Bakery","Fujiya Milky Cream Puff Strawberry | 180g","180",120
"Bakery","Tiffany Pianono Ube | 180g","180",59
"Bakery","Tiffany Pianono Pandan | 180g","180",59
"Bakery","Tiffany Pianono Mocca | 180g","180",59
"Bakery","Tiffany Pianono Plain | 180g","180",59
"Bakery","Ongpauco Original Kare Kare Paste | 175g","175",135
"Bakery","Signature Select Bites Fiesta Steak | 160g","160",470
"Bakery","Fat & Thin Pork Dumpling | 15pcs","15",120
"Bakery","Marby Pizza Crust Mini | 675g 15pcs","675",198
"Bakery","Tiffany Taisan Choco | 150g","150",57
"Bakery","Tiffany Taisan Mocca | 150g","150",56
"Bakery","Tiffany Taisan Plain | 150g","150",56
"Bakery","Tiffany Dice Ube | 140g","140",56
"Bakery","Uncle George Buns Regular Cheezyblls | 140g","140",40
"Bakery","Marby Pita Wraps Original | 290g 6pcs","290",96.75
"Bakery","Vjandep Pastel Yema | 12pcs","12",304
"Bakery","Uncle George Mamon Rolls Big | 100g","100",58
"Bakery","Marby Buns Flavored Ube Bites | 120g","120",43.5
"Bakery","Marby Buns Flavored Chocolate Bites | 120g","120",43.5
"Bakery","Tiffany Mochi Roll | 120g","120",45
"Bakery","Village Gourmet Personal Super Thin | 112g","112",122
"Bakery","Fat & Thin Siao Longpao Aasado | 10pcs","10",90
"Bakery","Fat & Thin Siao Longpao Bola Bola | 10pcs","10",90
"Bakery","SM Bonus Healthy Whole Wheat Pandesal | 360g","360",60
"Bakery","Marby Cakes Cupcake Brownies | 300g 10pcs","300",99.5
"Bakery","Gardenia Pinoy Coco Pandesal | 250g 10pcs","250",23.5
"Bakery","Hotsa Asado Siopao | 130g 10pcs","130",162
"Bakery","Hotsa Siopao Special Asado | 10pcs","10",266
"Bakery","Niko Yaki Gyoza | 100g","100",100
"Bakery","Marby Pizza Crust Medium | 100g","100",87.75
"Bakery","Goldilocks Laing Ready To Eat| 400g","400",270
"Bakery","Uncle George Wheat Multigrain Sugar Free | 420g","420",134
"Bakery","Village Gourmet Focaccia Whole Wheat Raisins Box | 360g","360",212
"Bakery","Village Gourmet Sourdough Baguette | 300g","300",160
"Bakery","Village Gourmet Batard Whole Wheat | 300g","300",147
"Bakery","Signature Select Counting Calories Sweet and Sour | 255g","255",331
"Bakery","Marby Buns Regular Mini Diner Roll | 175g","175",55
"Bakery","Jack & Jill Dewberry Yogurt Cake Strawberry Nyogurt | 25g 10pcs","25",91.5
"Bakery","Jack & Jill Dewberry Yogurt Cake Blueberry Nyogurt | 25g 10pcs","25",91.5
"Bakery","Walter Loaf Healthy Double Fiber Wheat Bread | 350g","350",82
"Bakery","Brownie Break Double Choco | 14.5g 20pcs","14.5",84.5
"Bakery","Brownie Break Nutty Delight | 14.5g 20pcs","14.5",84.5
"Bakery","SM Bonus Cornstarch Sup | 200g","200",21.5
"Bakery","SM Bonus Conrstarch Sup | 400g","400",36.5
"Bakery","SM Bonus All Purpose Flour Sup | 200g","200",26.5
"Bakery","SM Bonus All Purpose Flour Sup | 1kg","1",93.5
"Bakery","SM Bonus All Purpose Flour Sup | 400g","400",43.5
"Bakery","Ajinomoto Pork & Chicken Gyoza | 570g","570",550
"Bakery","Allgroo Kimchi Handmade Gyoza Mandu | 540g","540",259
"Bakery","Allgroo Shrimp Gyoza Mandu | 540g","540",269
"Bakery","Allgroo Kimchi Gyoza Mandu | 540g","540",229
"Bakery","Allgroo Glass Noodle Gyoza Mandu | 540g","540",219
"Bakery","Purefoods Tender Juicy Corndog | 540g","540",240
"Bakery","Marby Ubod Spring Rolls | 300g 14pcs","300",98
"Bakery","Marby Spring Roll Wrapper | 300g","300",55
"Bakery","Marby Siopao Chicken Asado | 850g 10pcs","850",184
"Bakery","Marby Siopao Chicken Asado | 340g 4pcs","340",76
"Bakery","Marby Siopao Beef Asado | 850g 10pcs","850",330
"Bakery","Marby Siopao Asado | 300g 4pcs","300",102
"Bakery","Marby Siopao Asado | 1kg 10pcs","1",260.75
"Bakery","Marby Shrimp Spring Rolls | 280g 14pcs","280",98
"Bakery","Marby Balls Regular Siomai | 170g","170",96
"Bakery","Marby Mini Monay | 245g 10pcs","245",54
"Bakery","Marby Hot & Spicy Siomai | 340g 20pcs","340",175
"Bakery","Marby Hot & Spicy Siomai | 170g 10pcs","170",96
"Bakery","Marby Fish Spring Rolls | 280g 14pcs","280",98
"Bakery","Marby Disney Loaf Bread | 600g","600",83.5
"Bakery","Marby Crab Spring Rolls | 280g 14pcs","280",98
"Bakery","Hotsa Shrimp Lumpia Shanghai | 30pcs","30",170.5
"Bakery","Hotsa Chicken Lumpia Shanghai | 30pcs","30",170.5
"Bakery","Hotsa Beef Lumpia Shanghai | 30pcs","30",179
"Bakery","Fat & Thin Spring Roll Wrapper | 250g","250",100
"Bakery","Fat & Thin Siopao Special Bola Bola | 4pcs","4",110
"Bakery","Fat & Thin Siopao Special Asado | 4pcs","4",110
"Bakery","Fat & Thin Siopao Asado | 10pcs","10",262
"Bakery","Fat & Thin Pork Siomai | 18pcs","18",137
"Bakery","Fat & Thin Japanese Siomai | 18pcs","18",143.75
"Bakery","Fat & Thin Extra Thin Rice Paper | 250g","250",100
"Bakery","Aunty's Panalo Shrimp Siomai | 1kg 60pcs","1",165
"Bakery","Aunty's Panalo Beef Siomai | 1kg 60pcs","1",165
"Bakery","Polar Bear Tapioca Pearl Small | 500g","500",100
"Bakery","Polar Bear Tapioca Pearl Large | 500g","500",106.5
"Bakery","Polar Bear Rice Flour | 500g","500",58.5
"Bakery","Maya Chocolate Crinkle Mix | 400g","400",109.5
"Bakery","Maya Chocolate Hotcake Mix | 200g","200",49.5
"Bakery","Fat & Thin Potato Starch | 500g","500",99.5
"Bakery","Fat & Thin Camote Powder | 500g","500",68.5
"Bakery","Clara Ole Pancake Syrup Cinnamon | 355ml","355",146.5
"Bakery","Magnolia Pancakeplus With Strawberry Syrup | 200g","200",42.5
"Bakery","McCormick Ube Flavor | 475ml","475",944.5
"Bakery","Neubake Choco Bread Roll | 150g","150",36
"Bakery","McCormick Pure Vanilla Extract | 29ml","29",322.5
"Bakery","McCormick Cinnamon Sugar | 63g","63",101.5
"Bakery","McCormick Cinnamon Sticks | 13g","13",29
"Bakery","Jack & Jill Cream O Cake Bar Vanilla | 40g 10pcs","40",94.5
"Bakery","Cadbury Shots | 35.2g","35.2",25
"Bakery","Hersheys Dark Salted Caramel | 40g","40",56.5
"Bakery","Hersheys Dark Rich Coffee | 40g","40",56.5
"Bakery","Marby Pizza Crust Large | 150g","150",124.75
"Bakery","Tiffany Choco Mamon | 120g 2pcs","120",53
"Bakery","Tiffany Red Mongo Hopia Hapon | 130g","130",45
"Bakery","SM Bonus Buns Regular Hotdog | 360g 8pcs","360",47
"Bakery","Uncle George Hamburger Bun | 360g","360",54
"Bakery","Marby Pimiento Cheesy Sticks | 25pcs","25",117
"Bakery","Tiffany Pandesal | 350g","350",52
"Bakery","Tiffany Mocha Mamon | 120g 2pcs","120",53
"Bakery","Tiffany Ube Hopia Hapon | 130g","130",45
"Bakery","Tiffany Mongo Hopia Hapon | 130g","130",45
"Bakery","Tiffany Dice Hopia | 140g","140",56
"Bakery","Marby Hotdog Buns | 300g","300",55
"Bakery","Bambi Molo Wrapper 3.5X3.5 | 300g","300",43
"Bakery","Bambi Molo Wrapper 3X3 | 200g","200",32.5
"Bakery","Bambi Mexican Tortillas | 300g 12pcs","300",80.5
"Bakery","Bambi Whole Wheat Tortillas Small | 12pcs","12",109.5
"Bakery","Bambi Pizza Crust Big Thin | 300g 2pcs","300",57.5
"Bakery","Bambi Pizza Crust Big | 320g 2pcs","320",57.5
"Bakery","Bambi Pizza Pie Mushroom With Olives | 320g","320",173.5
"Bakery","Bambi Pizza Pie Ham With Bacon | 320g","320",173.5
"Bakery","Gardenia Choco Muffin | 45g","45",24
"Bakery","Gardenia Blueberry Muffin | 45g","45",24
"Bakery","Gardenia Banana Choco Muffin | 45g","45",24
"Bakery","Gardenia Ube Filled Buns | 80g","80",19.5
"Bakery","Gardenia Double Delights Strawberry & Blueberry Loaf | 400g","400",88
"Bakery","Marby Buns Reg Hamburger With Sesame | 300g","300",55
"Bakery","Maya Brownies | 1kg","1",234.5
"Bakery","Maya Banana Cake | 1kg","1",159.5
"Bakery","Maya Hotcake Mixes | 1kg","1",129.5
"Bakery","Mr. Hat Gulaman Flvrd Glatin Coffee | 25g","25",15.5
"Bakery","Arawan Finest Rice Flour | 500g","500",46.5
"Bakery","Arawan Glutinous Rice Flour | 500g","500",59.5
"Bakery","McCormick Mocha Flavor | 20ml","20",54.5
"Bakery","McCormick Clear Vanilla Flavor | 20ml","20",54.5
"Bakery","McCormick Butter Flavor | 20ml","20",54.5
"Bakery","McCormick Peppermint Flavor | 20ml","20",49.5
"Bakery","Maya Think Heart With Oatmeal Pancake Mix | 200g","200",47.5
"Bakery","DLA Ube Filling & Toppings | 630g","630",309.5
"Bakery","DLA Lafruta Apple 50% | 610g","610",194.5
"Bakery","Dutche White Choco Chips | 100g","100",44.5
"Bakery","Dutche Choco Chips | 100g","100",44.5
"Bakery","Don Frank Flavored Grass Jelly | 24g","24",15.5
"Bakery","Don Frank Coffee Jelly | 24g","24",17.5
"Bakery","Regent Mochi Buko Pandan | 240g","240",79.95
"Bakery","SM Bonus Gulaman Powder Buko Pandan | 25g","25",13.5
"Bakery","SM Bonus Gulaman Powder Black | 25g","25",13.5
"Bakery","SM Bonus Gulaman Powder Clear | 25g","25",13.5
"Bakery","SM Bonus Gulaman Powder Green | 25g","25",13.5
"Bakery","SM Bonus Gulaman Powder Red | 25g","25",13.5
"Bakery","Marby Siopao Bola Bola | 10pcs","10",234
"Bakery","Monde Wheat Bread | 400g","400",70.5
"Bakery","Super Delights Ube Bites | 180g","180",75
"Bakery","Lemon Square Lava Cake Strawberry Cheese | 38g 10pcs","38",111.5
"Bakery","Polar Bear Glutinous Rice Flour | 500g","500",66.5
"Bakery","Regent Mochi Wintermelon Milktea | 240g","240",79.95
"Bakery","Fuwa Fuwa Whole Wheat Loaf | 340g","340",83
"Bakery","Fuwa Fuwa Choco Bun | 72g","72",45
"Bakery","Fuwa Fuwa Custard Bun | 70g","70",45
"Bakery","Fuwa Fuwa Red Bean With Vanilla Cream Bun | 90g","90",45
"Bakery","Fuwa Fuwa Sweet Cream Cheese Bun | 72g","72",45
"Bakery","Fuwa Fuwa Everyday Japan Tasty | 366g","366",59.5
"Bakery","Auntys Panalo Pork Siomai | 1kg 60pcs","1",165
"Bakery","My San Graham Crushed | 1kg","1",232.5
"Bakery","Bake King All Purpose Flour | 1000g","1000",104.5
"Bakery","Monde Milk Bread | 400g","400",77
"Bakery","Monde Milk Bread | 600g","600",98
"Bakery","Jimcu Lumpia Wrapper | 210g","210",39
"Bakery","Clara Ole Sugar Free Maple Syrup | 355ml","355",149.5
"Bakery","Regent Japanese Chokoreto Cake 34g 10pcs","34",104.5
"Bakery","Regent Japanese Banana Cake 34g 10pcs","34",104.5
"Bakery","Angelina Super Loaf | 640g","640",57.5
"Bakery","NVU Sago (T) | 200g-250g","200",10.5
"Bakery","Markenburg Mallows Fondant Regular | 1kg","1",300
"Bakery","La Fruta 50% Blueberry | 610g","610",354.5
"Bakery","La Fruta 50% Strawberry | 610g","610",239.5
"Bakery","Hersheys Syrup | 309g","309",137.5
"Bakery","Suncrest Dowee Donut Delectables Chocomallow | 360g","360",134.5
"Bakery","Suncrest Dowee Donut Delectables Purple Yam | 360g","360",134.5
"Bakery","Cream Cornstarch | 1kg","1",119.5
"Bakery","Suncrest Cupp Keyk Coco Ube | 33g 10pcs","33",76.5
"Bakery","Suncrest Cupp Keyk Nutty Choco | 33g 10pcs","33",76.5
"Bakery","Suncrest Cupp Keyk Cheezy Cheese | 33g 10pcs","33",76.5
"Bakery","Super D Butterscotch | 14g 20pcs","14",99.95
"Bakery","Super D Butterscotch | 180g","180",59.5
"Bakery","Ferna Baking Soda | 500g","500",59.5
"Bakery","Cream All Purpose Flour | 200g","200",36
"Bakery","Cream Cornstarch | 200g","200",28.5
"Bakery","Don Frank Unflavored Red | 24g","24",15.5
"Bakery","Don Frank Unflavored Green | 24g","24",15.5
"Bakery","Hersheys Strawberry Syrup | 623g","623",309.5
"Bakery","J&J Dewberry Yogurt Cake Mango N Yogurt | 25g 10pcs","25",91.5
"Bakery","Ellie All Purpose Flour | 500g","500",49.5
"Bakery","SM Bonus Molo Wrapper Med | 200g","200",28.5
"Bakery","Growers Raw Cashew Bits | 100g","100",104.5
"Bakery","Beryl's Dark Chocolate | 200g","200",94.5
"Bakery","Beryl's White Chocolate | 200g","200",94.5
"Bakery","Beryl's Milk Chocolate | 200g","200",94.5
"Bakery","Growers Raw Walnuts Chopped | 70g","70",104.5
"Bakery","Regent Japanese Cheesecake | 34g 10pcs","34",104.5
"Bakery","Regent japanese Ube Cake | 34g 10pcs","34",104.5
"Bakery","Suncrest Whoopie Mrshmllw Cake | 32g 10pcs","32",107.5
"Bakery","Maya Butterscotch Brownie Mix | 500g","500",94.5
"Bakery","Jack N Jill Cream O Cake Bar | 37g 10pcs","37",94.5
"Bakery","Quake Overload White Choco | 30g 10pcs","30",94.5
"Bakery","Regent Mochi Green Tea | 240g","240",79.95
"Bakery","Regent Mochi Mango Rice Cake | 240g 6pcs","240",79.95
"Bakery","Super D Browniescoth | 14g 20pcs","14",99.95
"Bakery","Super Delights Brownie Bites | 14g 20pcs","14",99.95
"Bakery","Sarap Pinoy Ginataang Bilo Bilo Mix | 200g","200",94.5
"Bakery","Sarap Pinoy Bibinka Mix | 320g","320",87.5
"Bakery","Sarap Pinoy Puto Mix | 400g","400",87.5
"Bakery","Sarap Pinoy Maja Blanca Mix | 185g","185",74.5
"Bakery","Dutche Tablea Pure | 100g","100",76.5
"Bakery","Growers Raw Sunflower Kernels | 100g","100",60.95
"Bakery","Super D Browniescotch | 180g","180",59.5
"Bakery","Super D Brownies | 200g","200",75
"Bakery","Polar Bear Tapioca Cassava Strch | 500g","500",56.5
"Bakery","SM Bonus Grass Jelly | 540g","540",49.5
"Bakery","Queen Baking Soda | 500g","500",61.5
"Bakery","Dutche Belgian Chocolate Fondue | 1kg","1",489.5
"Bakery","Dutche Pure Alkalized Cocoa Powder | 1kg","1",529.5
"Bakery","J&Y White Choco Chip | 100g","100",36.5
"Bakery","Queen Baking Powder | 200g","200",48.95
"Bakery","Dutche Alkalized Cocoa Powder | 70g","70",49.5
"Bakery","Sarap Pinoy Kutsinta Mix | 185g","185",47.5
"Bakery","Dutche Premium Chocolate Fondue | 1kg","1",399.5
"Bakery","Beryl's Chocolate Chips | 1kg","1",349.5
"Bakery","Beryl's 8% Milk Chocolate Compound | 1kg","1",356.5
"Bakery","Beryl's 24% White Chocolate Compound | 1kg","1",349.5
"Bakery","Beryl's 19% Dark | 1kg","1",326.5
"Bakery","Queen All Purpose Flour | 200g","200",34.5
"Bakery","Dutche Chocolate Fudge | 1kg","1",399.5
"Bakery","Dutche Chocolate Dip | 1kg","1",300
"Bakery","Sunbest Fillings &Toppings Bluebrry | 595g","595",264.5
"Bakery","Dutche Vanilla Fondue | 1kg","1",300
"Bakery","Queen Corn Starch | 200g","200",27.5
"Bakery","Dutche Unsweetened Choco Bar | 500g","500",246.5
"Bakery","Queens Baking Powder | 100g","100",26.75
"Bakery","Dutche Pure Alkalized Cocoa Powder | 500g","500",274.5
"Bakery","Decadence Devils Food Cake | 550g","550",226.5
"Bakery","Sarap Pinoy Sapin Sapin Mix | 460g","460",209.5
"Bakery","Dutche Alkalized Cocoa Powder | 375g","375",199.5
"Bakery","Goya Choco Caramel Syrup | 350ml","350",144.5
"Bakery","Dutche Strawberry Bar | 500g","500",151.5
"Bakery","Dutche Matcha Baking Bar | 500g","500",159.5
"Bakery","Dutche Choco Bar White | 500g","500",151.5
"Bakery","Dutche Choco Bar Bitsweet | 500g","500",151.5
"Bakery","Dutche White Chocolate Chips | 350g","350",121.5
"Bakery","Tiffany Pandan Mamon | 120g 2pcs","120",53
"Bakery","Auden Lumpia Wrapper Small | 20s 150g","150",39.5
"Bakery","Auden Lumpia Wrapper Big | 20s 210g","210",45.5
"Bakery","Tiffany Ube Loaf | 380g","380",68
"Bakery","Marby Choco Crinkles | 180g","180",95
"Bakery","Gardenia Choco Filled Buns | 80g","80",19.5
"Bakery","Gardenia Chocolate Chips Brioche Bun | 120g","120",41
"Bakery","Gardenia Hotdog Buns | 330g","330",45
"Bakery","Gardenia Hamburger Buns | 330g 6pcs","330",55
"Bakery","Marby Special Mini Mamon | 70g","70",43.5
"Bakery","Marby Spanish Bread | 180g","180",51
"Bakery","Tiffany Choco Marble | 200g","200",63
"Bakery","Tiffany Choco | 180g","180",59
"Bakery","Tiffany Hotdog Roll | 400g","400",52
"Bakery","Tiffany Hamburger Buns | 360g","360",47
"Bakery","Marby Hopia Hapon | 170g","170",51
"Bakery","Tiffany Tipid Loaf | 350g 2pcs","350",94
"Bakery","Marby Cakes Cupcake Cheese | 300g 10pcs","300",99.5
"Bakery","Fairys Cone White Sugar | 12pcs","12",54.5
"Bakery","Tiffany Sandwich Loaf | 620g","620",66
"Bakery","Tiffany Mongo Loaf | 380g","380",68
"Bakery","Tiffany Cheese Monay | 380g","380",70
"Bakery","Marby Buns Reg Pandesal | 400g","400",66
"Bakery","Queen All Purpose Flour | 400g","400",61.5
"Bakery","Fairys Sugar Cone Two Tone | 12pcs","12",51.5
"Bakery","Cream All Purpose Flour | 2kg","2",269.5
"Bakery","Magnolia All Purpose Flour | 2kg","2",229.5
"Bakery","Marby Beef Spring Rolls | 280g 14pcs","280",110
"Bakery","Marby Lumpiang Shanghai | 280g 14pcs","280",98
"Bakery","Twinkee Honey Waffle Sugar Cones | 12pcs","12",49.5
"Bakery","Marby Bread Crumbs | 500g","500",100
"Bakery","Marby Eggpie | 1990g 2pcs","1990",61
"Bakery","Marby Hopia Dice | 650g 6pcs","650",58
"Bakery","Gardenia Neubake Spanish Bread | 150g","150",34
"Bakery","Marby Hopia Hapon B1T1 | 170g","170",78
"Bakery","Marby Piaya Ube | 300g","300",99.75
"Bakery","Marby Piaya Plain | 300g","300",99.75
"Bakery","Marby Hopia Mongo/Pork | 220g","220",62.5
"Bakery","Marby Eggpie Supremo | 800g","800",227
"Bakery","Mr. Hat Gulaman Black | 25g","25",15.5
"Bakery","Mc Cormick Extract Ube | 20mL","20",84.5
"Bakery","Queen Corn Starch | 400g","400",48.95
"Bakery","Goya Chips Dark Choco | 150g","150",69.95
"Bakery","Ferna Eagle Dry Yeast | 500g","500",119.5
"Bakery","Queen Baking Soda | 250g","250",31.5
"Bakery","Arm & Hammer Pure Baking Soda | 454g Tub","454",71.95
"Bakery","Mr. Hat Gulaman Red | 25g","25",15.5
"Bakery","Mc Cormick Banana Extract Imitation | 20mL","20",72.5
"Bakery","Maya Cornstarch | 1kg","1",119.5
"Bakery","Maya All Purpose Flour | 2kg","2",231.5
"Bakery","Kraft Calumet Baking Powder | 50g","50",20
"Bakery","Hershey's Chips Milk Chocolate | 326g","326",309.5
"Bakery","Goya Chips Milk Chocolate | 150g","150",69.95
"Bakery","Goya Cocoa Powder Unsweetened | 454g","454",309.5
"Bakery","Sunshine Sago Big | 500g","500",79.5
"Bakery","Sunshine Sago Small | 500g","500",79.5
"Bakery","J&Y Sago Small | 250g","250",37.5
"Bakery","J & Y Sago White Big | 250g","250",37.5
"Bakery","Ferna Eagle Dry Yeast | 125g","125",48.5
"Bakery","Manila Bambi Springroll Wrapper Big | 300g","300",32.5
"Bakery","Manila Bambi Springroll Wrapper Small | 200g","200",52
"Bakery","SM Bonus Pastry Wrapper Big | 130g 20pcs","130",60
"Bakery","SM Bonus Pastry Wrapper | 130g 20pcs","130",32
"Bakery","SM Bonus Pastry Wrapper Big | 210g 20pcs","210",34
"Bakery","Fuwa Everyday Milk Loaf | 366g","366",59.5
"Bakery","Gardenia White 400G & Dbl Del Ubechs Promo | 400g","400",126.5
"Bakery","Suncrest Topps Sarap Combo | 32.5g 12pcs","32.5",107.5
"Bakery","Coco Cookies& Cream Nougat Crisp | 90g","90",54.5
"Bakery","Chocovron Bigoven Chc&Chs Brownies | 180g","180",86.5
"Bakery","Coco Chocolate Nougat Crisp | 90g","90",54.5
"Bakery","Marby Cheese Buns | 250g 10pcs","250",87.5
"Bakery","SM Bonus Dumpling Wrapper | 250g","250",38.5
"Bakery","Fat & Thin Cuapo | 6pcs","6",55
"Bakery","Hotsa Mantou | 420g 12pcs","420",89
"Bakery","Nathaniels Siopao Bola Bola | 10pcs","10",455
"Bakery","Nathaniels Siopao Asado | 10pcs","10",355
"Bakery","Nathaniels Siomai Pork | 475g 20pcs","475",365
"Bakery","SM Bonus White Bread | 450g","450",44
"Bakery","SM Bonus Molo Wrapper Big | 280g","280",32.5
"Bakery","Marby Econo Loaf Bread | 360g 2pcs","360",96
"Bakery","Table Mark Takoyaki With Sauce | 197g","197",365
"Bakery","PTC Mission Wraps Whole Meal | 270g 6pcs","270",123
"Bakery","PTC Mission Wraps Original | 270g 6pcs","270",114
"Bakery","Tiffany Mongo Loaf With Asado | 380g","380",75
"Bakery","Tiffany Dorayaki| 90g","90",34.5
"Bakery","KG Vegetable Springroll | 400g 20pcs","400",235
"Bakery","Kawan Roti Boom | 480g 8pcs","480",210
"Bakery","Kg Vegetable Bun | 360g 6pcs","360",195
"Bakery","KW Puff Pastry Blocks | 400g","400",160
"Bakery","KG Glut Riceball Black Sesame | 300g","300",160
"Bakery","KG Mantou Pandan | 400g 8pcs","400",160
"Bakery","SM Bonus Marshmallows Mango | 200g","200",51.5
"Bakery","SM Bonus Marshmallows | 40g","40",11
"Bakery","Bambi Mexican Tortillas | 390g 6pcs","390",110
"Bakery","SM Bonus Hotcake Mix | 200g","200",28.5
"Bakery","Gardenia Butter Sugar Cream Roll | 50g","50",19.5
"Bakery","Gardenia Cookies Cream Roll | 50g","50",19.5
"Bakery","SM Bonus Pork & Shrimp Siomai | 420g 12pcs","420",225
"Bakery","Mccormick Cream of Tartar | 50g","50",62.5
"Bakery","Gardenia Chocolate Cream Roll | 50g","50",19.5
"Bakery","Gar Healthy Multigrain Sourdough Loaf | 400g","400",115
"Chilled","Selecta Double Dutch | 450ml","450",99
"Chilled","Selecta Pistachio & Cashew Ice Cream | 1.3L","1.3",275
"Chilled","Bounty Fresh Large Eggs | 30pcs","30",295
"Chilled","Anmum Materna Plain | 375g","375",434.5
"Chilled","Dari Creme Butter Salted | 200g","200",56
"Chilled","Dutch Mill Yoghurt Drink Strawberry | 90mL 4pcs","90",40.5
"Chilled","SM Bonus Fresh Eggs | 12pcs","12",117
"Chilled","Dutch Mill Delight Probiotic Drink | 100mL 5pcs","100",57
"Chilled","Bounty Cage Free White Eggs | 12pcs","12",128
"Chilled","Alaska Classic Evaporated Filled Milk | 370mL","370",54.25
"Chilled","Bear Brand Fortified | 700g","700",246.5
"Chilled","Eden Cheese Slice Singles | 208g 10pcs","208",120
"Chilled","Jersey Sweetened Condensed Milk | 390g (302ml)","390",40.75
"Chilled","Magnolia Gold Butter Unsalted | 225g","225",171
"Chilled","Alaska Sweetened Condensed Milk | 300mL","300",73
"Chilled","Nestle Fresh Milk | 1L","1",114.5
"Chilled","ALASKA CREMA ALL PURPOSE CREAM 250ML","250",65
"Chilled","Selecta Farm Fresh Savers Pack | 1L 2pcs","1",206
"Chilled","Magnolia Buttercup Margarine Regular Salted | 200g","200",52
"Chilled","Bear Brand Fortified with Zinc with Zinc | 1.2kg","1.2",429.5
"Chilled","Magnolia Gold Butter salted | 225g","225",171
"Chilled","Selecta Filled Milk Low Fat Save 30 | 1L 2pcs","1",189.5
"Chilled","Bear Brand Adult Plus | 1.2kg","1.2",514.5
"Chilled","Dutchmill Mixed Berries | 180ml 4pcs","180",81.5
"Chilled","SM Bonus Salted Eggs | 4pcs","4",75
"Chilled","Chiz Boy Grated Mozzarella Cheese | 200g","200",147.5
"Chilled","Magnolia Cream Cheese | 225g","225",169
"Chilled","Bear Brand Fortified | 2kg","2",704.5
"Chilled","Dutch Mill Strawberry | 180ml 4pcs","180",81.5
"Chilled","Angel Evaporated Filled Milk | 370ml","370",48
"Chilled","Nestle Yogurt Berry Mix | 125g","125",49
"Chilled","Nestle Yogurt Strawberry | 125g","125",49
"Chilled","Anchor Butter Spreadable Salted | 200g","200",175
"Chilled","Birch Tree Fortified | 925g","925",274
"Chilled","Magnolia All Purpose Cream | 250ml","250",67
"Chilled","Alaska Condensada Pouch | 545g","545",86
"Chilled","Bounty Farms Eggs Enriched Omega 3 | 10pcs","10",126
"Chilled","Bear Brand Adult Plus | 600g","600",269.95
"Chilled","Arla Goodness Full Cream Milk | 1L","1",114.5
"Chilled","Pascual Yogurt Mango | 100g","100",29
"Chilled","SM Bonus Brown Eggs | 12pcs","12",149
"Chilled","Magnolia Brown Eggs Medium | 12pcs","12",155
"Chilled","Star Margarine Regular | 250g","250",94.5
"Chilled","Chiz Boy Grated Parmesan Cheese | 350g","350",212
"Chilled","Anchor Butter Regular Salted | 200g","200",182
"Chilled","Alpine Full Cream Evaporated Milk | 370mL","370",67.75
"Chilled","Bounty Farms Eggs Brown | 10pcs","10",163
"Chilled","Nestle Yogurt Mango | 125g","125",49
"Chilled","Oatside Barista Oat Milk | 1L","1",124.5
"Chilled","Star Margarine Regular | 100g","100",41
"Chilled","Selecta Vanilla Ice Cream | 1.3L","1.3",250
"Chilled","Bear Brand Adult Plus Powdered Milk Drink | 300g","300",141.5
"Chilled","Magnolia Cheese Sauce | 2.5kg","2.5",505
"Chilled","Birch Tree Fortified | 33g","33",10
"Chilled","Trevalli Panna Cotta Gianduia | 100g 2pcs","100",106
"Chilled","Trevalli Panna Cotta Caramello | 100g 2pcs","100",106
"Chilled","Hershey's Mocha Flavoured Soya Milk | 946ml","946",98.5
"Chilled","Hersheys Cookies & Cream Flavoured Soya Milk | 946ml","946",98.5
"Chilled","Hersheys Chocolate Flavoured Soya Milk | 946ml","946",98.5
"Chilled","Silk Soy Milk Organic Plain | 946mL","946",234.5
"Chilled","Silk Almond Milk Orig Unsweetened | 946ml","946",284.5
"Chilled","Silk Almond Milk Unsweetened Vanilla | 946mL","946",284.5
"Chilled","Dana Full Cream Milk | 1L","1",82.5
"Chilled","Blue Diamond Almond Breeze Vanilla | 946ml","946",178.5
"Chilled","Almond Breeze Almond Milk Matcha | 946ml","946",178.5
"Chilled","Almond Breeze Almond Milk Latte | 946ml","946",178.5
"Chilled","Almond Breeze Almond Milk Choco | 946ml","946",178.5
"Chilled","Almond Breeze Almond Milk Original | 946mL","946",178.5
"Chilled","Almond Breeze Almond Milk Unsweetened Original | 946mL","946",178.5
"Chilled","Bear Brand Sterlzd With Ginseng | 200ml","200",30.5
"Chilled","Bear Brand Sterilized Gingko | 200ml","200",30.5
"Chilled","Arla Goodness Milk Chocolate | 1L","1",149.5
"Chilled","Arla Goodness Skimmed Milk | 1L","1",114.5
"Chilled","Arla Low Fat Milk | 1L","1",114.5
"Chilled","Arla Milk Goodness Strawberry | 1L","1",149.5
"Chilled","Arla Goodness Full Cream Milk Organic | 1L","1",159.5
"Chilled","Arla Goodness Lactose Free Full Cream | 1L","1",159.5
"Chilled","Ensure Gold Wheat | 800g","800",2194.5
"Chilled","Diabetasol Capuccino | 600g","600",1084.5
"Chilled","Diabetasol Chocolate | 600g","600",1084.5
"Chilled","Diabetasol Vanilla | 600g","600",1084.5
"Chilled","Bear Brand Adult Plus with Coffee | 600g","600",141.5
"Chilled","Creamy Delight Pasteurized Yogurt Fruit Salad | 100g","100",29
"Chilled","Pascual Yogurt Non Fat Strawberry | 100g","100",35
"Chilled","Pascual Yogurt Thick & Creamy Strawberry | 100g","100",35
"Chilled","Creamy Delight Pasteurized Yogurt Mixed Berries | 100g","100",41
"Chilled","DairyTech Kesorap Processed Filled Cheese Spread | 470g","470",125
"Chilled","DairyTech Kesorap Processed Filled Cheese Spread | 180g","180",50
"Chilled","CDO Danes Cheese Slices | 250g","250",79
"Chilled","CDO Danes Cheese | 450g","450",131.5
"Chilled","CDO Danes Cheese | 160g","160",51.5
"Chilled","Kraft Processed Filled Cheese Spread Cheddar | 165g","165",100
"Chilled","Eden Processed Filled Cheese Spread Sulit Pack | 45g","45",17
"Chilled","Magnolia Cheddar Cheese | 160g","160",101
"Chilled","Magnolia Cheezee | 440g","440",140.5
"Chilled","Prochiz Spready Cheddar Cheese | 160g","160",74.5
"Chilled","President Whipping Cream | 500ml","500",486
"Chilled","President Unsalted | 200g","200",445
"Chilled","President Toast Emmental Slices | 200g 10pcs","200",320
"Chilled","President Skimmed Milk 0.1% | 1L","1",209
"Chilled","President Salted Butter | 200g","200",445
"Chilled","President Light Cheese Slices | 200g 10pcs","200",334
"Chilled","President Cooking Cream | 500ml","500",346
"Chilled","President Cheddar Sandwch Slices | 200g 10pcs","200",334
"Chilled","President Cheddar Burger Slices | 200g 10pcs","200",320
"Chilled","President Ambassador Unsalted Butter Blend | 200g","200",205
"Chilled","President Ambassador Salted Butter | 200g","200",205
"Chilled","Nestle Chuckie For P110.00 | 250ml 4pcs","250",110
"Chilled","Lurpak Butter Salted | 8g","8",112
"Chilled","Vitamilk Double Choco | 1L","1",100
"Chilled","Magnolia Chocolait | 1L","1",114.5
"Chilled","Magnolia Chocolait | 200ml 4pcs","200",97.5
"Chilled","Nestle Milo RTD | 180ml","180",28.5
"Chilled","Alaska Slim Low-Fat Milk | 1L","1",109.5
"Chilled","Nan Optipro HW Three Formula Milk 1-3 Years Old | 2.1kg","2.1",3094.5
"Chilled","Birch Tree Fortified Milk | 700g pouch","700",195.5
"Chilled","Birch Tree Fortified Milk | 300g","300",96
"Chilled","Cow Bell Evapsarap | 360ml","360",30.5
"Chilled","EV Cream Regular Chocolate | 100g","100",49
"Chilled","Emborg Sour Cream | 250g","250",289
"Chilled","Binggrae Melona Ice Bar Pistachio | 70ml 8pcs","70",218.5
"Chilled","Fairys Cone Cup | 18pcs","18",43.5
"Chilled","Fairys Cone Sugar | 12pcs","12",49.5
"Chilled","Zesto Uht Choco | 110ml","110",15.5
"Chilled","Zest-O Choco TBA Slim | 250ml","250",31.5
"Chilled","Vitasoy The Soy Experts Plus Original | 1L","1",104.5
"Chilled","Vitasoy Chocolate | 1L","1",104.5
"Chilled","Vitasoy The Soy Experts Plus Original | 300ml","300",29.5
"Chilled","Vitasoy Chocolate | 330ml","330",29.5
"Chilled","Vitamilk Energy | 300ml","300",32.95
"Chilled","Vitamilk Regular | 300ml","300",32.95
"Chilled","Vitamilk Soya Drink Choco Shake | 300mL","300",32.95
"Chilled","Vitamilk Soya Drink Double Choco | 300mL","300",32.95
"Chilled","Selecta Moo Choco | 90ml 4pcs","90",84.5
"Chilled","Selecta MOO Chocolate Milk Drink Choco | 245mL","245",33.5
"Chilled","Selecta Sterilized | 1L","1",96.5
"Chilled","Selecta Fortified Choco | 1L","1",104.5
"Chilled","Selecta Fortified Milk | 1L","1",90
"Chilled","Selecta Fortified Low Fat Milk | 1L","1",109.95
"Chilled","Nestle Non-Fat Milk | 1L","1",119.5
"Chilled","Nestle Low Fat Milk | 1L","1",119.5
"Chilled","Chuckie Chocolate Milk Drink | 1L","1",115
"Chilled","Chuckie Chocolate Milk Drink | 110mL","110",14.5
"Chilled","Magnolia Non Fat Milk | 1L","1",119.5
"Chilled","Magnolia Low Fat Milk | 1L","1",119.5
"Chilled","Magnolia Full Cream Milk | 1L","1",114.5
"Chilled","Magnolia Chocolait | 250ml","250",33.5
"Chilled","Magnolia Chocolait | 110ml","110",14
"Chilled","Dutch Mill Yoghurt Drink Strawberry | 90mL","90",12.5
"Chilled","Dutch Mill UHT Orange | 90ml","90",12.5
"Chilled","Dutch Mill Mixed Berries | 90ml","90",12.5
"Chilled","Dutch Mill Yoghurt Drink Blueberry | 90mL","90",12.5
"Chilled","Dutch Mill Yoghurt Drink Mixed Fruit | 180mL","180",21.5
"Chilled","Dutch Mill Yoghurt Drink Orange | 180ml","180",21.5
"Chilled","Dutch Mill Yoghurt Drink Blueberry | 180mL","180",21.5
"Chilled","Dutch Mill Yoghurt Drink Mixed Berries | 180mL","180",21.5
"Chilled","Dutch Mill Yoghurt Drink Strawberry | 180ml","180",21.5
"Chilled","Devondale Full Cream Milk | 1L","1",124.5
"Chilled","Cowhead Pure Milk | 200ml","200",42.5
"Chilled","Cowhead Lite Milk | 200ml","200",45
"Chilled","Cowhead Premium Chocolate Milk | 250mL","250",45
"Chilled","Cowhead Lite Milk | 1L","1",116.5
"Chilled","Cowhead Premium Chocolate Milk | 1L","1",134.5
"Chilled","Bear Brand Sterilized | 1L","1",107.5
"Chilled","Anchor UHT Low Fat | 1L","1",127.5
"Chilled","Anchor Full Cream Milk UHT | 1L","1",127.5
"Chilled","Ensure Gold Powdered Milk Drink Choco | 850g","850",2194.5
"Chilled","Anmum Materna Mocha Latte | 375g","375",434.5
"Chilled","Anmum Choco | 375g","375",434.5
"Chilled","Anlene Chocolate | 300g","300",184.5
"Chilled","Anlene Plain | 300g","300",184.5
"Chilled","Anlene Movemax Plain | 600g","600",349.5
"Chilled","Similac Gain Plus Three Milk Supplement | 1.8kg","1.8",2564.5
"Chilled","Promil S-26 Three Milk Supplement | 1.8kg","1.8",2012.5
"Chilled","Promil S26 Gold Three Milk Supplement | 1.8kg","1.8",2482.5
"Chilled","Promil Four Powdered Milk Drink | 1.8kg","1.8",1709.5
"Chilled","Promil Gold Four Powdered Milk Drink | 1.8kg","1.8",2104.5
"Chilled","PediaSure Plus Milk Drink Classic Vanilla Above 3 years old | 1.8kg","1.8",2624.5
"Chilled","Nido Advanced Protectus 5+ | 1.2kg","1.2",829.5
"Chilled","Nido Advanced Protectus 3+ | 1.6kg","1.6",999.5
"Chilled","Nido 1+ Jr 1-3 years old | 1.6kg","1.6",1009.5
"Chilled","Nestogen 3 Milk Supplement 1-3 years old | 1.3kg","1.3",719.5
"Chilled","Nan Kid Optipro Four Powdered Milk For Children Above 3 Years Old | 1.3kg","1.3",1594.5
"Chilled","Nan Optipro HW Three Formula Milk 1-3 years old | 1.8kg","1.8",2149.5
"Chilled","Nan Optipro HW Three Formula Milk 1-3 years old | 1.3kg","1.3",1669.5
"Chilled","Nan Optipro HW Three Formula Milk 1-3 years old | 1.4kg","1.4",2349.5
"Chilled","Lactum 3+ Vanilla | 1.5kg","1.5",1014.5
"Chilled","Lactum Vanilla 3 years and up | 1.15kg","1.15",829.5
"Chilled","Lactum 1+ Vanilla Formula Milk 1-3 years old | 2kg","2",1284.5
"Chilled","Lactum 1+ Vanilla | 1.15kg","1.15",862.5
"Chilled","Enfagrow Four A+ Powdered Milk Drink Above 3 years old | 1.8kg","1.8",2020
"Chilled","Enfagrow Three A+ Formula Milk 1-3 years old | 1.8kg","1.8",2419.5
"Chilled","Enfagrow A+ Three | 1.15kg","1.15",1729.5
"Chilled","Bonakid Pre School 3+ Powdered Milk Drink | 1.6kg","1.6",966.5
"Chilled","Bonakid Growing Up Milk Supplement 1-3 years old | 1.6kg","1.6",989.5
"Chilled","Bonakid Growing Up Milk Supplement 1-3 years old | 2kg","2",1149.5
"Chilled","Nido Fortigrow For School Age Children | 1.6kg","1.6",832.5
"Chilled","Nido Fortigrow For School Age Children | 700g","700",389.5
"Chilled","Birch Tree Full Cream Milk | 700g","700",354.5
"Chilled","Birch Tree Full Cream Milk | 300g","300",144.25
"Chilled","S26 Two Milk Supplement | 1.8kg","1.8",2419.5
"Chilled","S26 Gold Two Milk Supplement | 1.8kg","1.8",3074.5
"Chilled","Nestogen 2 Infant Formula Milk 6-12 months | 1.4kg","1.4",744.5
"Chilled","Nan Optipro Two Milk Supplement For 6-12Months | 1.3kg","1.3",2069.5
"Chilled","Lactum Milk Supplement Powder 6-12 months | 2kg","2",1339.5
"Chilled","Enfamil Two A+ Infant Formula Milk 6-12 months | 1.8kg","1.8",3004.5
"Chilled","Bonamil Follow On Milk Supplement 6-12 months | 1.2kg","1.2",796.5
"Chilled","S26 One Infant Formula Milk | 1.8kg","1.8",2559.5
"Chilled","S26 Gold One Infant Formula Milk | 1.8kg","1.8",3187.5
"Chilled","Nan Infinipro HW One Infant Formula 0-6 months | 1.4kg","1.4",2824.5
"Chilled","Nan Optipro One Infant Formula For 0-6Months | 1.3kg","1.3",2229.5
"Chilled","Lactum Infant Milk | 1.15kg","1.15",869.5
"Chilled","Enfamil A+ One | 1.725kg","1.725",3119.5
"Chilled","Bonna Infant Formula Milk 0-6 months | 1.2kg","1.2",841.5
"Chilled","Bonna Infant Formula Milk 0-6 months | 2kg","2",1267.5
"Chilled","Bear Brand Fortified Choco | 900g","900",299.5
"Chilled","Bear Brand Fortified Powdered Milk Drink Choco | 300g","300",109.5
"Chilled","Bear Brand Fortified with Iron | 1.6kg","1.6",534.5
"Chilled","Bear Brand Fortified | 900g","900",299.5
"Chilled","Anchor Family Milk | 300g","300",124.5
"Chilled","Anchor Family Milk | 900g","900",361.5
"Chilled","Anchor Family Milk | 655g","655",269.5
"Chilled","Alaska Fortified Chocolate Powdered Milk Drink | 300g","300",112.5
"Chilled","Alaska Fortified Powdered Milk Drink | 1.7kg","1.7",479.5
"Chilled","Alaska Fortified Powdered Milk Drink | 330g","330",90
"Chilled","Alaska Fortified Powdered Milk Drink | 1kg","1",248.95
"Chilled","Angel Condensada | 380g","380",53
"Chilled","Alaska Condensada | 300mL","300",53
"Chilled","ALASKA CREMA ASADA 370ML","370",54.5
"Chilled","Selecta Ice Cream Birthday 3 in 1 Ube-Mango-Avo | 750ml","750",99
"Chilled","Selecta Ice Cream Avocado Dream | 1.3L","1.3",275
"Chilled","Selecta Birthday 3-in-1 Plus 1 Choco Keso Ube Mango Ice Cream | 125L","125",149
"Chilled","Magnolia Ice Cream Gold Label Vanilla | 750ml","750",185
"Chilled","Vitamilk Double Choco | 180ml 4pcs","180",82.5
"Chilled","Zott Zottis Fruity Yogurt | 400g","400",139
"Chilled","Zott Mozzarella Cheese Slices | 200g 12pcs","200",175
"Chilled","Zottis Dessert Chocolate | 115g","115",38.5
"Chilled","Trevalli Budino Creme Caramel | 100g 2pcs","100",98
"Chilled","Trevalli Budino Vaniglia | 100g 2pcs","100",98
"Chilled","Sustagen Premium Vanilla | 900g","900",1799.5
"Chilled","Sustagen Premium Chocolate | 900g","900",1819.5
"Chilled","Stella Parmesan Cheese Block | 190g","190",383
"Chilled","Star Margarine Regular | 1kg","1",335.5
"Chilled","Star Margarine Garlic | 100g","100",42.5
"Chilled","Star Margarine Sweet Blend | 100g","100",42.5
"Chilled","Selecta Sterilized | 200ml","200",28.5
"Chilled","Selecta Non Fat Milk | 1L","1",99
"Chilled","Selecta Dolce Chocolate Milk | 245ml","245",32.95
"Chilled","S26 One | 2.4kg","2.4",3216.5
"Chilled","S26 Ha Gold | 800g","800",1699.5
"Chilled","S26 Gold One | 2.4kg","2.4",3939.5
"Chilled","President Cheese Pizza Slices | 200g 10pcs","200",320
"Chilled","Pediasure Plus 10+ Vanilla | 1.8kg","1.8",2599.5
"Chilled","Pediasure Plus 10+ Chocolate | 1.8kg","1.8",2599.5
"Chilled","Parmalat Yogurt Plain | 100g","100",44
"Chilled","Oatside Chocolate Oat Milk | 1L","1",161.5
"Chilled","Oatly Oat Drink Original | 1L","1",239.5
"Chilled","Oatly Oat Drink Chocolate | 1L","1",239.5
"Chilled","Nutriboost Strawberry | 200ml","200",21.95
"Chilled","Nutriboost Chocolate Milk | 200ml","200",21.95
"Chilled","Nido Strawberry Carrot Milk Drink | 110ml","110",20
"Chilled","Nido Banana Carrot Milk Drink | 110ml","110",20
"Chilled","Nestogen Kid 3+ | 2kg","2",1019.5
"Chilled","Milkman Yogurt Drnk Green Apple |500ml","500",39
"Chilled","Milkman Yogurt Drink Strawberry | 500ml","500",39
"Chilled","Milkman Yogurt Drink Melon | 100ml 6pcs","100",51
"Chilled","Milkman Yogurt Drink Banana | 100ml 6pcs","100",51
"Chilled","Milkana Strawberry Dairy Dessert | 100g","100",49
"Chilled","Milkana Mixed Bery Dairy Dessert | 100g","100",49
"Chilled","Milkana Lollipop Strawberry | 20g 4pcs","20",125
"Chilled","Milkana Lollipop Milky Ice Cream | 20g 5pcs","20",125
"Chilled","Milk Magic Fresh Milk | 250ml","250",34.5
"Chilled","Master Martini Monna Lissa Deluxe | 1L","1",245
"Chilled","Magnolia Quick Melt | 900g","900",422
"Chilled","Magnolia Full Cream | 200ml","200",31.5
"Chilled","Magnolia Cheezee | 900g","900",296
"Chilled","Lurpak Spreadable Olive Oil | 250g","250",270
"Chilled","Lactima Cheese Gouda | 130g 8pcs","130",155
"Chilled","Lactima Cheese Gouda 8 Portion | 140g","140",178
"Chilled","Lactima Cheese Emmentaler | 130g 8pcs","130",155
"Chilled","Lactima Cheese Edam | 130g 8pcs","130",155
"Chilled","Lactima Cheese Cheddar 8 Portion | 120g","120",155
"Chilled","Lactima Cheese Blue Cheese 8 Portion | 140g","140",178
"Chilled","Jersey Fortified Powder Milk Drink | 650g","650",207.5
"Chilled","Hopla Spray Non-Dairy Cream | 250ml","250",289
"Chilled","Happy Valley Shredded Mozarella | 200g","200",457
"Chilled","Garuda Gery Dark Chocolatos | 10pcs 14g","10",67.5
"Chilled","Garuda Gery Chocolatos | 10pcs 14g","10",67.5
"Chilled","Enfamil Nurapro Gentlease 0 To 12 | 800g","800",1849.5
"Chilled","Enfamil A+ Gentlease 0 To 12 | 1.6kg","1.6",3444.5
"Chilled","Enfagrow Nurapro Gentlease 1+ | 800g","800",1559.5
"Chilled","Enfagrow A+Nurapro Gentlease 1+ | 1.6kg","1.6",2784.5
"Chilled","Enfagrow A+ Nurapro Gentlease 3+ | 800g","800",1229.5
"Chilled","Emborg Sour Cream | 1kg","1",489
"Chilled","Emborg Perfect Cheese Slices | 100g","100",89
"Chilled","Emborg Organic Full Cream Milk | 1L","1",142.5
"Chilled","Emborg Mozzarella Sliced Cheese | 150g","150",195
"Chilled","Emborg Junior Mild Slice | 200g","200",177
"Chilled","Elle & Vire Unsweetened Natural Yogurt | 125g","125",69
"Chilled","Eden Filled Cheese | 900g","900",310
"Chilled","Diabetasol Milk Creamy Almond | 800g","800",1764.5
"Chilled","Daily Quezo | 430g","430",117
"Chilled","Cimory Yogurt Drink Tropical Fruit | 240ml","240",35
"Chilled","Cimory Yogurt Drink Mango | 240ml","240",35
"Chilled","Cimory Yogurt Drink Mixed Berry | 240ml","240",35
"Chilled","Cimory Strawberry Flavoured Yogurt Pouch | 120g","120",39
"Chilled","Cimory Original Flavoured Yogurt Pouch | 120g","120",39
"Chilled","Cimory Blueberry Flavoured Yogurt Pouch | 120g","120",39
"Chilled","Chizboy Mozzarella | 250g","250",159
"Chilled","Che Vital Table Cheese Single | 6pcs 125g","6",69
"Chilled","Che Vital Table Cheese Single | 24pcs 330g","24",154
"Chilled","Che Vital Quickmelt Slices | 24pcs 330g","24",156
"Chilled","Che Vital Cheese Food | 200g","200",79
"Chilled","CDO Danes Cheese Sweet and Creamy | 160g","160",57.5
"Chilled","CDO Danes Cheese With Bacon Bits | 160g","160",56.5
"Chilled","CDO Danes Easy Melt Cheese Slices | 105g","105",75
"Chilled","California Natural Cheddar Block | 190g","190",235
"Chilled","Bravo Buttercreme Margarine | 225g","225",44
"Chilled","Birch Tree Adult Boost | 33g","33",14.5
"Chilled","Binggrae Samanco Ice Waffle | 4pcs 150ml","4",210.5
"Chilled","Binggrae Pangtoa Ice Sandwich | 150ml 4pcs","150",232
"Chilled","Binggrae Melona Ice Waffle Strawberry | 150ml 4pcs","150",210.5
"Chilled","Binggrae Melona Ice Waffle Chocolate | 150ml 4pcs","150",210.5
"Chilled","Binggrae Melona Ice Cream Bar | 70ml 8pcs","70",218.5
"Chilled","Belle Margarine Spreadable | 250g","250",165
"Chilled","Bear Brand Choco | 29g 8pcs","29",99.5
"Chilled","Bear Brand Adult Plus | 33g","33",18.5
"Chilled","Arla Sandwich Slices Original | 10pcs 200g","10",175
"Chilled","Arla Natural Havarti | 200g","200",267
"Chilled","Arla Natural Gouda | 200g","200",267
"Chilled","Arla Burger Slices Cheddar | 20pcs 400g","20",325
"Chilled","Arla Burger Slices Cheddar | 10pcs 200g","10",175
"Chilled","Anlene Movemax Choco | 35g","35",19.5
"Chilled","Anchor Butter Regular Unsalted | 200g","200",182
"Chilled","Alaska Fortified Powder Milk | 1.9kg","1.9",589.5
"Chilled","S26 Gold Two | 2.4kg","2.4",3844.5
"Chilled","S26 Two | 2.4kg","2.4",3027.5
"Chilled","Lactum Infant Milk | 2kg","2",1399.5
"Chilled","Nido 1 Plus Jr Growing Up Milk | 2.4kg","2.4",1344.5
"Chilled","Nido 3 Plus Growing Up Milk | 2.4kg","2.4",1334.5
"Chilled","Anmum Materna Chocolate | 800g","800",867.5
"Chilled","Anchor Full Cream Milk Powder | 700g","700",429.5
"Chilled","Birch Tree Fortified Chocolate | 290g","290",97.5
"Chilled","SM Bonus Brown Eggs | 6pcs","6",93
"Chilled","Milk Magic Brown Sugar | 1L","1",126.5
"Chilled","Milk Magic Brown Sugar | 330ml","330",51.95
"Chilled","Carmen's Best Butter Pecan | 440ml","440",450
"Chilled","Carmen's Best Madagascar Vanilla | 440ml","440",450
"Chilled","Carmen's Best Cookie Dough | 440ml","440",399
"Chilled","Carmen's Best Brazilian Coffee | 440ml","440",399
"Chilled","Carmen's Best Dark Choco | 440ml","440",399
"Chilled","Carmen's Best Salted Caramel | 440ml","440",399
"Chilled","Bega Cheddar Vintage Strong and Bitey | 25pcs","25",379
"Chilled","Bega Cheddar Tasty | 250g","250",379
"Chilled","Bega Echeddar Extra Tasty | 250g","250",379
"Chilled","Bega Super Slices | 250g","250",285
"Chilled","Lurpak Butter Unsalted | 200g","200",232
"Chilled","Lurpak Butter Unsalted | 8g","8",112
"Chilled","Similac Gain Plus | 3.6kg","3.6",4039.5
"Chilled","Chuckie Milkshake Cookies & Cream | 180ml","180",31.5
"Chilled","Chuckie Milkshake Choco Brownie | 180ml","180",31.5
"Chilled","Bear Brand Fortified | 1L","1",104.5
"Chilled","Birch Tree Advance Vanilla | 1.2kg","1.2",1429.5
"Chilled","Birch Tree Advance Vanilla | 850g","850",1124.5
"Chilled","Birch Tree Advance Mocha | 850g","850",1124.5
"Chilled","Birch Tree Advance Mocha | 300g","300",409.5
"Chilled","Birch Tree Advance Vanilla | 300g","300",409.5
"Chilled","Arla Fat Free Yogurt Strawberry | 100g","100",49
"Chilled","Arla Fat Free Yogurt Chery | 100g","100",49
"Chilled","Lurpak Salted Butter | 100g","100",138
"Chilled","Lurpak Unsalted Butter | 100g","100",138
"Chilled","Emborg Monterey Jack Shredded | 200g","200",259
"Chilled","Emborg Monterey Jack Sliced Chese | 150g","150",195
"Chilled","Dairyworks Tasty Cheese Sticks | 200g","200",399
"Chilled","Dairyworks Edam Cheese & Rice Cracker | 120g","120",299
"Chilled","Dairyworks Golby Cheese & Rice Cracker | 120g","120",299
"Chilled","Dairyworks Gouda Cheese Block | 210g","210",250
"Chilled","Dairyworks Colby Cheese Block | 250g","250",276.5
"Chilled","Dairyworks Mozarella Cheese Block | 210g","210",240
"Chilled","Dairyworks Parmesan Cheese Wedge | 200g","200",360
"Chilled","Kraft Cheese Slices 6pcs | 125g","6",129
"Chilled","Kraft Cheese Slices 12pcs | 250g","12",229
"Chilled","Dutchmill Proyo Mixed Berries | 400ml","400",49.5
"Chilled","Everchef Culinary Cream | 1L","1",200
"Chilled","Holly's Non Fat Yogurt | 500ml","500",125
"Chilled","Holly's Low Fat Yogurt | 200ml","200",60
"Chilled","Holly's Half And Half | 300ml","300",90
"Chilled","Holly's Low Fat Chocolate Milk | 300ml","300",70
"Chilled","Holly's Low Fat Milk | 300ml","300",70
"Chilled","Holly's Whole Milk | 300ml","300",65
"Chilled","Holly's Low Fat Yogurt | 1L","1",200
"Chilled","Cloud 9 Choco Caramel Milk Drink | 180ml","180",23.5
"Chilled","Jack & Jill Cream O Choco Cookies & Cream | 180ml","180",23.5
"Chilled","Oishi Choco Chug Bottle | 250ml","250",34.5
"Chilled","Vitasoy Plus Milky Oat Milk Drink | 1L","1",129.5
"Chilled","Vitasoy Plus Milky Almond Drink | 1L","1",129.5
"Chilled","Binggrae Ice Cream Melona Melon | 710ml","710",295
"Chilled","Binggrae Ice Cream Melona Strawberry | 710ml","710",295
"Chilled","Nestle Lowfat Save 20 | 1L 2pcs","1",219
"Chilled","Enfagrow A+ Four Save As Much As 720 | 2.75kg","2.75",2549.5
"Chilled","Selecta Sterilized Savers Pack | 1L 2pcs","1",183
"Chilled","Anlene Total | 800g","800",1299.5
"Chilled","Bonakid Pre School | 2.4kg","2.4",1296.5
"Chilled","Anchor Milk Grain Plain | 280g","280",154.5
"Chilled","Anlene Total | 400g","400",764.5
"Chilled","Anchor Milk + Grain Plain | 800g","800",419.5
"Chilled","Anchor Protein Plus Plain | 280g","280",154.5
"Chilled","Anchor Protein Plus Plain | 800g","800",419.5
"Chilled","Natur All Barista Almond Milk | 1L","1",209.5
"Chilled","Natur All Barista Oat Milk | 1L","1",182.5
"Chilled","Natur All Just Oat Milk | 1L","1",164.5
"Chilled","Natur All Just Almond Milk | 1L","1",184.5
"Chilled","Anmum Materna Lite | 26g 10pcs","26",434.5
"Chilled","CDO Danes Herbs And Garlic | 165g","165",57.5
"Chilled","Mr. Milk Yogurt Orange | 80ml 6pcs","80",59.5
"Chilled","Dutchmill UHT Mango | 180ml","180",21.5
"Chilled","Dutchmill UHT Mango | 90ml","90",12.5
"Chilled","Nestle Temptation Ice Cream Cheese | 1.3L","1.3",270
"Chilled","Arla Natural Cheddar Chunk | 200g","200",267
"Chilled","Arla Natural Tex Mex Shredded | 175g","175",263
"Chilled","Arla Natural Pizza Topping Shredded | 175g","175",263
"Chilled","Dairy Farmers Thick Creamy Strawberry | 600g","600",533
"Chilled","Dairy Farmers Thick Creamy Vanilla | 600g","600",533
"Chilled","Dairy Farmers Yellow Box Honey | 150g","150",159
"Chilled","Dairy Farmers Thick Creamy Vanilla | 150g","150",159
"Chilled","Dairy Farmers Thick & Creamy Strawberry | 150g","150",159
"Chilled","Arla Organic Low Fat Fresh Milk | 900ml","900",221
"Chilled","Arla Organic Full Cream Fresh Milk | 900ml","900",221
"Chilled","Maven Butter Unsalted | 225g","225",141
"Chilled","Maven Butter Salted | 225g","225",141
"Chilled","Buttercreme Margarine | 200g","200",41
"Chilled","Ensure Gold Coffee | 800g","800",2194.5
"Chilled","Anlene Gold Plain | 990g","990",789.5
"Chilled","Anlene Gold Plain | 300g","300",254.5
"Chilled","Vitasoy Plus Milky Vanilla | 300ml","300",34.5
"Chilled","Moby Chocolate Drink | 250ml","250",31.5
"Chilled","Moby Chocolate Drink | 110ml","110",17.5
"Chilled","Milk Magic Sterilized Filled Milk | 1L","1",76.5
"Chilled","Milk Magic Milk Chocolate | 1L","1",79.5
"Chilled","Milk Magic Full Cream Milk | 1L","1",98.5
"Chilled","Harvey Fresh Milk Skim Lactose Free | 1L","1",149.5
"Chilled","Harvey Fresh Milk Reduced Fat Lite | 1L","1",109.5
"Chilled","Harvey Fresh Milk Skim | 1L","1",109.5
"Chilled","Harvey Fresh Milk Lactose Free | 1L","1",144.5
"Chilled","Famous House Mango Milk Can | 340ml","340",51.5
"Chilled","Ensure Gold Vanilla RTD | 220ml","220",162.5
"Chilled","Cloud 9 Choco Milk | 110ml","110",14.5
"Chilled","Binggrae Coffee Flavored Drink | 200ml","200",59.5
"Chilled","Black & White Evaporated | 385ml","385",87.5
"Chilled","Liberty Condensada Milk | 374g (290ml)","374",59.5
"Chilled","Eden Singles 5 Slices | 100g","100",67
"Chilled","Eden Cream Cheese Tub | 140g","140",110
"Chilled","Vitamilk Double Chocolate Champ | 110ml 6pcs","110",86.5
"Chilled","Selecta Farm Fresh | 1L","1",99.25
"Chilled","Jersey Ube Sweetened Condensed | 390g 302ml","390",70
"Chilled","Jersey Sweetened Condensed Milk | 1kg","1",121.5
"Chilled","Jersey Mango Condensed Milk | 390g (302ml)","390",70
"Chilled","Jersey Evaporada | 370ml","370",31.75
"Chilled","Jersey Chocolate Condensed Milk | 390g 302ml","390",70
"Chilled","Jersey Buko Pandan Condensed Milk | 390g (302ml)","390",70
"Chilled","Ensure Gold Plant Based Almond Flavor | 850g","850",2332.5
"Chilled","Ensure Gold Plant Based Almond Flavor | 400g","400",1111.5
"Chilled","Bounty Vitamin D Enriched Eggs | 10pcs","10",126
"Chilled","Bonamil Follow On | 2.4kg","2.4",1469.5
"Chilled","Alaska Evaporada Milk | 1L","1",91
"Chilled","Jollycow Milk Non Fat UHT | 1L","1",103.5
"Chilled","Elle & Vire Whole Milk | 1L","1",185
"Chilled","Elle & Vire Special Cooking Cream | 1L","1",549
"Chilled","American Heritage Singles | 227g 12pcs","227",250
"Chilled","Ques-O Cheese Slices | 250g","250",95
"Chilled","CDO Bigtime Negosyo Cheese | 165g","165",36.5
"Chilled","Elle & Vire Advantage Cooking Cream | 1L","1",469
"Chilled","President Whipping Cream Original | 250g","250",455
"Chilled","Elle & Vire Aerosol Whipping Cream | 250g","250",329
"Chilled","Dutch Mill Proyo Blueberry | 400ml","400",49.5
"Chilled","Olympus Greek Yogurt Natural | 150g","150",280
"Chilled","Che-Vital Table Cheese Singles | 250g 12pcs","250",133
"Chilled","QBB Cheddar Cheese | 200g","200",73
"Chilled","Che-Vital Quickmelt Cheese | 500g","500",211
"Chilled","Anchor Cooking Cream | 200ml","200",172
"Chilled","DVF Fresh Milk Chocolate | 1L","1",267
"Chilled","DVF Yogurt Drink Strawberry | 250ml","250",90
"Chilled","DVF Fresh Milk Plain | 1L","1",355
"Chilled","DVF Yogurt Drink Mango | 250ml","250",90
"Chilled","Lurpak Spreadable Butter Organic | 200g","200",221
"Chilled","SM Bonus Ice Cream Strawberry | 1.6L","1.6",165
"Chilled","Dutch Mill Proyo Strawberry | 400ml","400",49.5
"Chilled","DVF Greek Style Yogurt Natural | 450ml","450",238
"Chilled","Lurpak Spreadable Light Butter | 250g","250",270
"Chilled","Queensland Butter Salted Tin Can | 175g","175",187
"Chilled","Queensland Butter Salted Tin Can | 500g","500",452
"Chilled","Pres Ambassador Spreadable Butter | 250g","250",263
"Chilled","Queensland Butter Unsalted | 225g","225",129
"Chilled","Queensland Butter Salted | 225g","225",129
"Chilled","Emborg Perfect Slices Cheese | 200g","200",139
"Chilled","Kesorap Express Melt Cheese | 470g","470",198
"Chilled","CDO Danes Easymelt | 160g","160",78
"Chilled","Juan Fresh Eggs | 12pcs","12",137
"Chilled","Nestle Yogurt Tropical Faves | 110g 4pcs","110",188
"Chilled","Nestle Yogurt Merry Berry | 110g 4pcs","110",188
"Chilled","Bear Brand Sterilized Save 8 | 200ml 4pcs","200",102
"Chilled","Jollycow Condensada | 1kg","1",126.5
"Chilled","Binggrae Vanilla Flavored Drink | 200ml","200",59.5
"Chilled","Beau & Belle Full Cream Milk | 1L","1",94.5
"Chilled","Bonakid Growing Up Milk | 2.4kg","2.4",1296.5
"Chilled","Similac Tummicare HW Two 1-3 | 2kg","2",3519.5
"Chilled","Similac Tummicare HW One 0-12 | 2kg","2",4064.5
"Chilled","So Good Oat Unsweetened Milk | 1L","1",151.5
"Chilled","Birch Tree Fortified Choco | 29g","29",10.5
"Chilled","Natrue Oat Milk | 1L","1",164.5
"Chilled","Sangaria Strawberry & Milk Drink | 500ml","500",109.5
"Chilled","Sangaria Banana & Milk Drink | 500ml","500",109.5
"Chilled","So Good Almond Barista Milk | 1L","1",209.5
"Chilled","So Good Barista Oat | 1L","1",221
"Chilled","So Good Almond Vanilla Milk | 1L","1",151.5
"Chilled","Blue Diamond Almond Barista Blend | 946ml","946",178.5
"Chilled","Bear Brand With Iron | 2.4kg","2.4",754.5
"Chilled","Bear Brand Jr | 2.4kg","2.4",1154.5
"Chilled","Lurpak Butter Salted | 200g","200",232
"Chilled","Lurpak Spreadable Salted | 250g","250",283
"Chilled","Arla Shredded Mozarella | 175g","175",263
"Chilled","Magnum Pint Cookies & Cream Ice Cream | 440ml","440",420
"Chilled","Selecta Choco Almond Fudge Ice Cream - Cookies & Cream Ice Cream | 2L","2",310
"Chilled","Arla Whipping Cream | 200ml","200",161
"Chilled","Hacienda Macalauan Milk Chocolate | 946ml","946",165
"Chilled","Hacienda Macalauan Milk Low Fat | 946ml","946",165
"Chilled","Arla Whipping Cream | 1L","1",501
"Chilled","Selecta Strawberries n Crème Ice Cream | 1.3L","1.3",262
"Chilled","Nestle Milkmaid Condensed Milk | 388g","388",105
"Chilled","Nestle Carnation Condensada | 388g","388",64.5
"Chilled","Binggrae Strawberry Milk Drink | 200ml","200",59.5
"Chilled","Binggrae Melon Milk Drink | 200ml","200",59.5
"Chilled","Binggrae Banana Milk Drink | 200ml","200",59.5
"Chilled","Vitasoy Barista | 1L","1",129.5
"Chilled","Pediasure Plus Vanilla RTD | 110ml 4 pcs","110",229.5
"Chilled","Pediasure Plus Choco RTD | 110ml 4 pcs","110",229.5
"Chilled","Mr. Milk Yogurt Mango | 80ml 6pcs","80",59.5
"Chilled","Farm Fresh Café Latte Milk | 200ml","200",42.5
"Chilled","Farm Fresh Banana Flavored Milk | 125ml 4pcs","125",94.5
"Chilled","Birch Tree Fortified Choco | 600g","600",195.5
"Chilled","Jollycow Milk Lowfat UHT | 1L","1",103.5
"Chilled","Similac Gain Plus | 2.4kg","2.4",3239.5
"Chilled","Pediasure Complete Vanilla | 2.2kg","2.2",3464.5
"Chilled","Sunkist Pistachio Original Milk | 946ml","946",193.5
"Chilled","Sunkist Pistachio Unsweetend Milk | 946ml","946",193.5
"Chilled","Sunkist Pistachio Chocolate Milk | 946ml","946",193.5
"Chilled","Anchor Whipping Cream | 1L 12pcs","1",5389
"Chilled","Magnolia Quickmelt | 1900g","1900",725
"Chilled","Magnolia Cream Cheese | 1kg","1",624
"Chilled","Anchor Culinary Cream | 1L 12pcs","1",5735
"Chilled","Anchor Mozarella Block | 10kg 2pcs","10",10680
"Chilled","Anchor Cream Cheese | 1kg 12pcs","1",7288
"Chilled","Anchor Coloured Cheddar | 1.040kg 10pcs","1.040",6302
"Chilled","Anchor Unsalted | 5kg 4pcs","5",13875
"Chilled","Perfect Italiano Shradded Mozzarela Cheese | 250g","250",329
"Chilled","Mizuho Gouda Cheese | 35g","35",99.5
"Chilled","Magnum Mini Strawberry Panna | 45ml 6pcs","45",299
"Chilled","Eden Meltsarap Cheese | 430g","430",240
"Chilled","Binggrae Melona Ice Bar Strawberry | 70ml 8pcs","70",218.5
"Chilled","Selecta Magnum Strawberry Panna | 80ml","80",75
"Chilled","Addy's Quail Eggs | 24pcs","24",100
"Chilled","CLDA Quail Eggs | 24pcs","24",85
"Chilled","CLDA Salted Eggs | 4pcs","4",83
"Chilled","Magnolia Ice Cream Gold Lable Cookies & Cream | 1.3L","1.3",270
"Chilled","Vitamilk Ube | 300ml","300",39.5
"Chilled","Nuttelex Butter Original | 375g","375",164
"Chilled","Farmers Union Greek Yogurt Vanilla | 90g","90",71
"Chilled","SM Bonus Quail Eggs | 24pcs","24",80
"Chilled","Farmers Union Natural Greek Yogurt | 1kg","1",714
"Chilled","Farmers Union Natural Greek Yogurt | 200g","200",216
"Chilled","Cowhead Lactose Free Puremilk | 1L","1",141.5
"Chilled","Jolly Cow Condensada | 390g","390",44.5
"Chilled","Selecta Ice Cream Birthday Choco Berry Fudge | 1.3L","1.3",199
"Chilled","Glucerna Triple Care Choco | 400g","400",1284.5
"Chilled","Harvey Fresh Milk Full Cream | 1L","1",114.5
"Chilled","Vitasoy Oats Plus | 1L","1",104.5
"Chilled","Nestle Boost Optimum | 400g","400",959.5
"Chilled","Australia'S Own Low Fat | 1L","1",109.5
"Chilled","Australia'S Own Full Cream | 1L","1",104.25
"Chilled","Australia's Own Skim Milk | 1L","1",109.5
"Chilled","Soy Fresh Soya Hi Calcium | 1L","1",84.5
"Chilled","Soy Fresh Soya Low Sugar | 1L","1",84.5
"Chilled","Soyfresh Soya Milk | 1L","1",84.5
"Chilled","Soyfresh Soya Milk Chocolate | 1L","1",84.5
"Chilled","Mr. Milk Yogurt Plain | 80ml 6pcs","80",59.5
"Chilled","Good Day Cultured Milk Mango | 80ml 5pcs","80",59.5
"Chilled","Good Day Cultured Milk Strawberry | 80ml 5pcs","80",59.5
"Chilled","Good Day Cultured Milk Original | 80ml 5pcs","80",59.5
"Chilled","Good Day Cultured Milk Strawberry | 350ml","350",45.5
"Chilled","Good Day Cultured Milk Original | 350ml","350",45.5
"Chilled","Good Day Cultured Milk Mango | 350ml","350",45.5
"Chilled","Nestle Milo RTD | 110ml 3pcs","110",48.5
"Chilled","Enfamama A+ Vanilla | 350g","350",444.5
"Chilled","Enfamama Choco | 350g","350",444.5
"Chilled","Vitamilk Strawberry | 300ml","300",32.95
"Chilled","Vitamilk Banana | 300ml","300",32.95
"Chilled","Selecta Strawberry Milk |200ml","200",34.5
"Chilled","Selecta Banana Flavored Milk |200ml","200",34.5
"Chilled","Konu Mini Krunch Cookies And Cream |60g","60",59.5
"Chilled","Konu Mini Krunch Matcha |60g","60",59.5
"Chilled","Konu Mini Krunch Choco |60g","60",49.5
"Chilled","Konu Mini Krunch Strawberry |60g","60",49.5
"Chilled","Konu Mini Krunch Pistachio Knafeh |60g","60",89.5
"Chilled","Nestle All Purpose Cream | 1L","1",281
"Chilled","Milk Magic Sterilized Filled Milk | 250ml","250",23.75
"Chilled","Nestle Boost Optimum | 800g","800",1994.5
"Chilled","Australia'S Own Organic Almond Original | 1L","1",194.5
"Chilled","So Good Almond Milk Original | 1l","1",151.5
"Chilled","So Good Almond Milk Unsweetened | 1L","1",151.5
"Chilled","Nutriboost Strawberry | 110ml","110",13
"Chilled","Australia'S Own Soy Unsweetened | 1L","1",153.5
"Chilled","Nutriboost Chocolate Milk | 110ml","110",13
"Chilled","Dutch Mill UHT Mixed Fruit | 90ml","90",12.5
"Chilled","Emborg Shredded Cheese Pizza Topping | 200g","200",199
"Chilled","Emborg 3 Cheese Bake Shredded | 200g","200",259
"Chilled","Napoli Mozzarella | 1kg","1",1081
"Chilled","Alaska Crema Whipped Cream | 250g","250",250
"Chilled","Emborg Feta Cheese Olives Oil & Herbs | 300g","300",299
"Chilled","Emborg Danish Feta Block Cheese | 200g","200",195
"Chilled","Emborg Danish Cheese Camembert | 125g","125",199
"Chilled","Emborg Danish Cheese Brie | 125g","125",199
"Chilled","Emborg Danish Cheese Danablu | 100g","100",198
"Chilled","Emborg Yogurt U Go Peach Strawberry | 100g","100",47
"Chilled","Elle & Vire Yogurt Plain Traditional | 125g","125",69
"Chilled","Emborg Yogurt U Go Peach Raspberry | 100g","100",47
"Chilled","Emborg Yogurt U Go Peach Passion | 100g","100",47
"Chilled","Zott Hambrger Cheese Slices | 200g","200",175
"Chilled","Zott Cheddar Cheese Slices | 200g","200",175
"Chilled","Emborg Cheddar Sliced Cheese | 150g","150",195
"Chilled","Elle & Vire Yogurt 0% Fat Blueberry| 125g","125",69
"Chilled","Emborg Swiss Sliced Cheese | 150g","150",195
"Chilled","Olympus Greek Yogurt Blueberry | 150g","150",343
"Chilled","Elle & Vire Yogurt Green Style Raspberry | 125g","125",85
"Chilled","Elle & Vire Yogurt 0% Fat Strawberry | 125g","125",69
"Chilled","Elle & Vire Butter Regular Unsalted | 200g","200",299
"Chilled","Emborg Butter Unsalted | 200g","200",219
"Chilled","Emborg Butter Salted | 200g","200",219
"Chilled","Elle & Vire Butter Salted | 200g","200",299
"Chilled","Emborg Emmental Block Cheese | 200g","200",249
"Chilled","Selecta Ice Cream Classic Ube Royale | 1.3L","1.3",250
"Chilled","Nestle Ice Cream Regular Ube Special | 1.3L","1.3",260
"Chilled","Nestle Ice Cream Mango | 1.3L","1.3",260
"Chilled","Magnum Pint Classic Ice Cream | 440ml","440",420
"Chilled","Magnum Pint Almond Ice Cream | 440ml","440",420
"Chilled","Selecta Choco Almond Fudge Ice Cream | 1.3L","1.3",250
"Chilled","Nestle Ice Cream Rocky Road Extreme | 1.3L","1.3",275
"Chilled","Emborg Processed Cheese Triangles | 140g","140",129
"Chilled","Emborg Mozarella Block | 2.3kg","2.3",1500
"Chilled","Emborg Cooking Cream | 1L","1",460
"Chilled","President Whipping Cream Original | 1L","1",615
"Chilled","Che Vital Quickmelt Cheese | 200g","200",84
"Chilled","Elle & Vire Yogurt Strawberry | 125g","125",62
"Chilled","Nestle Fruit Selection Yogurt Strawberry | 500g","500",214
"Chilled","Cimory Yogurt Drink Lowfat Blueberry | 240ml","240",35
"Chilled","Cimory Yogurt Drink Lowfat Original | 240ml","240",35
"Chilled","Elle & Vire Mongrec Yogurt Vanilla | 125g","125",85
"Chilled","Nuttelex Butter Buttery Spread Coconut Oil | 375g","375",164
"Chilled","Happy Valley Grated Parmesan | 100g","100",315
"Chilled","Cooper Cream Cheese Bar | 227g","227",257
"Chilled","Olympus Greek Yogurt Straberry | 150g","150",344
"Chilled","Arla Butter Salted | 200g","200",201
"Chilled","SM Bonus Ice Cream Ube | 1.6L","1.6",165
"Chilled","SM Bonus Ice Cream Mango | 1.6L","1.6",165
"Chilled","SM Bonus Vanilla | 1.6L","1.6",165
"Chilled","SM Bonus Ice Cream Chocolate | 1.6L","1.6",165
"Chilled","Vitasoy Plus Milky | 1L","1",104.5
"Chilled","Milk Magic Fresh Milk | 1L","1",97.5
"Chilled","Emborg Skimmed Milk | 1L","1",104.5
"Chilled","Vitamilk Original | 1L","1",100
"Chilled","Jollycow Milk Fresh | 1L","1",103.5
"Chilled","Fairys Cone White Sugar | 12pcs","12",54.5
"Chilled","Fairys Sugar Cone Two Tone | 12pcs","12",51.5
"Chilled","Similac One | 2.4kg","2.4",4139.5
"Chilled","Similac Gain | 2.4kg","2.4",3994.5
"Chilled","F&N Evaporated Creamer | 360ml","360",37.5
"Chilled","Similac Tummicare Hw One | 6kg","6",3584.5
"Chilled","Nan Infinipro Hw Two | 2.1kg","2.1",3804.5
"Chilled","Nan Optipro One | 2.4kg","2.4",3450.5
"Chilled","Birch Tree Adult Boost | 600g","600",229.5
"Chilled","Alaska Fortified Powdered Milk Drink | 680g","680",234.5
"Chilled","Similac Tummicare Hw Two | 1.6kg","1.6",2964.5
"Chilled","Similac Tummicare Hw Three 3 | 1.6kg","1.6",2599.5
"Chilled","Anlene White Coffee | 30g","30",19.5
"Chilled","Australia's Own Organic Almond Unsweetened | 1L","1",194.5
"Chilled","Silk Soymilk Organic Vanilla | 946ml","946",234.5
"Chilled","Nankid Optipro Four | 2.4kg","2.4",2344.5
"Chilled","S26 Promil Gold Three | 2kg","2",1782.5
"Chilled","Promil Gold Four | 2kg","2",1604.5
"Chilled","Anchor Fcmp | 5kg","5",1449.5
"Chilled","Birch Tree Adult Boost | 300g","300",134.5
"Chilled","Alaska Fortified Powdered Milk Drink | 33g 12pcs","33",108
"Chilled","S26 Promil Three | 2kg","2",1419.5
"Chilled","Edam Cheeseball Regular | 500g","500",470
"Chilled","Edam Cheeseball Regular | 350g","350",370
"Chilled","Magnolia Cheeseball Regular | 500g","500",300
"Chilled","CDO Danes Cheesballs Regular | 500g","500",300
"Chilled","Magnolia Cheeseball Regular | 350g","350",215
"Chilled","CDO Danes Cheesballs Regular | 350g","350",210
"Chilled","Alaska Condensada | 1.27kg","1.27",189
"Chilled","Nan Optipro Three | 2.4kg","2.4",2639.5
"Chilled","Nan Optipro Two | 2.4kg","2.4",3245.5
"Chilled","LACTUM-1 + PLAIN-2.4kg","2.4",1396.5
"Chilled","Ensure Gold Vanilla | 1.11kg","1.11",2969.5
"Chilled","ENFAGROW-A+ THREE-3.6kg","3.6",4244.5
"Chilled","ENFAGROW-A+ FOUR-3.6kg","3.6",3564.5
"Chilled","Emborg Lowfat Milk | 1L","1",104.5
"Chilled","EMBORG-FULL_CREAM _MILK-1L","1",104.5
"Chilled","Bear Brand Jr | 2kg","2",1004.5
"Chilled","Arla Milk Goodness Organic Lowfat | 1L","1",159.5
"Chilled","Arla Cheesy Spread Cheddar | 240g","240",139.5
"Chilled","Anmum Materna Plain | 800g","800",867.5
"Chilled","Anlene Plain | 30g","30",19.5
"Chilled","Anchor FCMP | 1.8kg","1.8",1094.5
"Chilled","Kraft Cheddar Cheese | 430g","430",225
"Chilled","Pascual Yogurt Greek Vanilla | 100ml","100",41
"Chilled","BMC Fresh Chocolate Milk | 1L","1",195
"Chilled","BMC Fresh Chocolate Milk | 240ml","240",69
"Chilled","Pediasure Plus Vanilla | 800g","800",1547.5
"Chilled","BMC YOGURT DRINK MANGO-1L","1",284
"Chilled","BMC YOGURT DRINK STRAWBERRY 1L","1",284
"Chilled","BMC YOGURT DRINK PLAIN 1L","1",189
"Chilled","BMC YOGURT DRINK PLAIN 240ML","240",64
"Chilled","BMC YOGURT DRINK STRAWBERRY 240ML","240",84
"Chilled","BMC YOGURT DRINK MANGO 240ML","240",84
"Chilled","Moo Chocolate Milk | 350ml","350",40
"Chilled","Moo Chocolate Milk | 1L","1",159
"Chilled","BMC Premium Fresh Milk | 240g","240",52
"Chilled","BMC Premium Fresh Milk | 1L","1",159
"Chilled","Twinkee Honey Waffle Sugar Cones | 12pcs","12",49.5
"Chilled","Nestle Ice Cream Double Dutch | 1.3mL","1.3",245
"Chilled","Nestle Yogurt 0% Fat Strawberry | 125g","125",49
"Chilled","Creamy Delight Yogurt Mango Greek | 100g","100",41
"Chilled","Cimory Yogurt Drink Blueberry | 70mL 4pcs","70",42
"Chilled","Napoli Mozzarela | 190g","190",257
"Chilled","Elle & Vire Marquis Butter Unsalted | 200g","200",129
"Chilled","Emborg Cream Cheese | 226g","226",195
"Chilled","Everwhip Whipping Cream | 1L","1",228
"Chilled","Cimory Yogurt Drink Strawberry | 70mL 4pcs","70",42
"Chilled","Emborg Cook and Bake Butter | 200g","200",109
"Chilled","Elle & Vire Yogurt Mixed Berry | 125g","125",69
"Chilled","Elle & Vire Yogurt Honey Plain Style | 125g","125",85
"Chilled","Elle & Vire Yogurt Honey Greek Style | 125g","125",85
"Chilled","Elle & Vire Yogurt Blueberry | 125g","125",62
"Chilled","Cimory Yogurt Drink Original | 70mL 4pcs","70",42
"Chilled","Perfect Italiano Cheese Grated Parmesan | 100g","100",199
"Chilled","Addy's Salted Eggs Large | 4pcs","4",116
"Chilled","Emborg Whipping Cream Spray | 250mL","250",269
"Chilled","Elle & Vire Whipped Cream | 1L","1",549
"Chilled","Magnolia Butterlicious | 200g","200",103.5
"Chilled","Magnolia Butterlicious Unsalted | 200g","200",103.5
"Chilled","Nestle Yogurt Buco Nata | 125g","125",49
"Chilled","Nestle Ice Cream Vanila | 1.3L","1.3",260
"Chilled","Nestle Yogurt Jelly Strawberry | 120g","120",39
"Chilled","Nestle Yogurt Nata | 125g","125",49
"Chilled","Nestle Yogurt Fruit Selection Mango | 500g","500",214
"Chilled","Magnolia Buttercup | 200g","200",32
"Chilled","Anchor Cooking Cream | 200mL","200",158
"Chilled","Dutch Mill Delight | 400mL","400",46.5
"Chilled","Dari Creme Butter Spreadable | 200g","200",95
"Chilled","Bounty Farms Eggs Enriched Vit. E | 10pcs","10",126
"Chilled","Bounty Farms Eggs Organic Enriched Selenium | 10pcs","10",126
"Chilled","Anchor Whip Cream | 200mL","200",201
"Chilled","Anchor Whip Cream | 1l","1",560
"Chilled","Anchor Butter Spreadable | 200g","200",119
"Chilled","Anchor Butter Salted | 100g","100",109
"Chilled","Alaska Fortified Milk | 1L","1",96.5
"Chilled","Ensure Gold Powdered Milk Drink Choco | 400g","400",1044.95
"Chilled","Alaska Powdered Milk Choco | 900g","900",286.5
"Chilled","Mr. Milk Yogurt Green Apple | 100mL 6pcs","100",49.25
"Chilled","MIlkman Yogurt Drink Green Apple | 100mL 6pcs","100",55
"Chilled","Milkman Yogurt Drink Strawberry | 100mL 6pcs","100",55
"Chilled","Milkman Yogurt Drink Original | 100mL 6pcs","100",55
"Chilled","Emborg Cream Cheese | 200g","200",169
"Chilled","Emborg Shredded Parmesan Cheese | 200g","200",229
"Chilled","Emborg Danish Mozzarela Cheese | 200g","200",250
"Chilled","Chiz Boy Grated Cheddar Cheese | 350g","350",147.5
"Chilled","Mr. Milk Yogurt Strawberry | 100mL 6pcs","100",49.25
"Chilled","DairyTech Kesorap Filled Cheese Melt | 180g","180",80
"Chilled","Arla Cheese Mozarella | 200g","200",270
"Chilled","Emborg Shredded Mozzarella Cheese | 200g","200",249
"Chilled","Perfect Italiano Shradded Parmsan Cheese | 125g","125",229
"Chilled","PROMIL FOUR 1.2kg","1.2",1202.5
"Chilled","Anlene Gold Dark Choco | 300g","300",254.5
"Chilled","Devondale Cream Cheese | 2kg","2",1177
"Chilled","Prairie Farms Cream Cheese | 1.36kg","1.36",825
"Chilled","Bulla Premium Sour Cream | 200ml","200",242
"Chilled","Bulla Cottage Cheese Onion&Chives | 200g","200",223
"Chilled","Bulla Light Sour Cream | 200ml","200",198
"Chilled","Emina Smoked Cheese | 46g","46",174
"Chilled","Praire Farms Cream Cheese | 226g","226",168
"Chilled","Kearneys Fresh Egg Medium | 30pcs","30",217
"Chilled","Nido Advanced Protectus 5 years old and above | 2kg","2",1249.5
"Chilled","NAN KID OPTIPRO HW FOUR POWDERED MILK FOR CHILDREN ABOVE 3 YEARS OLD 800G","800",1279.5
"Chilled","Star Margarine Sweet Blend | 250g","250",94.5
"Chilled","S-26 Promil Three Milk Supplement | 2.4kg","2.4",2511.5
"Chilled","S-26 Promil Gold Three Milk Supplement | 2.4kg","2.4",3077.5
"Chilled","Promil Gold Four Powdered Milk Drink | 2.4kg","2.4",2479.5
"Chilled","Promil Four Powdered Milk Drink | 2.4kg","2.4",2124.5
"Chilled","Enfamil Two A+ Infant Formula Milk 6-12 months | 2.4kg","2.4",3794.5
"Chilled","Enfamil A+ One | 2.3kg","2.3",3879.5
"Chilled","Enfagrow Four A+ Powdered Milk Drink Above 3 years old | 2.4kg","2.4",2564.5
"Chilled","Bonakid Pre-School 3+ Powdered Milk Drink | 1.2kg","1.2",764.5
"Chilled","Anlene Chocolate | 980g","980",554.5
"Chilled","Anlene Chocolate | 600g","600",349.5
"Chilled","Anchor Cheddar Cheese Slice | 100g","100",129
"Chilled","Anchor Cheese Cheddar Sliced | 200g","200",215
"Chilled","Ques-O Pasteurized Process Cheese Food | 200g","200",60
"Chilled","Ques-O Pasteurized Process Cheese Food | 500g","500",151
"Chilled","Nestle Sour Cream | 240g","240",150
"Chilled","Kraft Philadelphia Light Spreadable | 250g","250",200
"Chilled","Kraft Philadelphia Cream Cheese | 250g","250",210
"Chilled","Dairy Magic Margarine | 225g","225",50
"Chilled","Golden Crown Butter | 225g","225",59
"Chilled","Magnolia Baker's Best Margarine Regular | 225g","225",66
"Chilled","Magnolia Gold Butter Salted | 100g","100",98
"Chilled","Magnolia Gold Lite | 200g","200",163
"Chilled","Nestle Yogurt Creamy Natural | 500g","500",214
"Chilled","Nestle Yogurt Traditional | 125g","125",49
"Chilled","Nestle Greek Yogurt Plain | 500g","500",291
"Chilled","Nestle Yogurt Blueberry Cheesecake Greek | 125g","125",69
"Chilled","Dari Creme Buttermilk Salted | 100g","100",49
"Chilled","Dari Creme Butter Salted | 100g","100",49
"Chilled","Selecta Creamdae Choco Keso Ube Ice Cream | 750ml","750",99
"Chilled","Selecta Rocky Road Ice Cream | 1.2L","1.2",250
"Chilled","Selecta Quezo Real Ice Cream | 1.3L","1.3",250
"Chilled","Selecta Double Dutch Ice Cream | 1.3L","1.3",250
"Chilled","Selecta Cookies & Cream Ice Cream | 1.2L","1.2",250
"Chilled","Selecta Coffee Crumble Ice Cream | 1.3L","1.3",250
"Chilled","Selecta Double Dutch - Rocky Road Ice Cream | 1.3L","1.3",250
"Chilled","Oreo Ice Cream | 450ml","450",157
"Chilled","Oreo Ice Cream | 1L","1",306
"Chilled","Nobrelli 3in1 Choco Keso Ube | 1.3L","1.3",165
"Chilled","Nestle Ice Cream Almond Brownie Fudge | 1.3L","1.3",235
"Chilled","Magnolia Ice Cream Gold Lable Lattechoco Brownie | 1.3L","1.3",270
"Chilled","Magnolia Ice Cream Gold Lable Rocky Road | 1.3L","1.3",270
"Chilled","Magnolia Ice Cream Gold Lable Double Dutch | 1.3L","1.3",270
"Chilled","Magnolia Ice Cream Gold Lable Vanilla | 1.3L","1.3",270
"Chilled","Magnolia Ice Cream Gold Lable Avocado | 800ml","800",205
"Chilled","Magnolia Ice Cream Gold Lable Mango Dark Choco | 1.3L","1.3",270
"Chilled","Magnolia Ice Cream Gold Lable Avocado Machiato | 1.3L","1.3",270
"Chilled","Magnolia Ice Cream Gold Lable Trowhite Cheese | 1.3L","1.3",270
"Chilled","Magnolia Ice Cream Gold Lable Tablea Yema | 1.3L","1.3",270
"Chilled","Stella Parmesan Cheese Block | 2kg","2",3263
"Chilled","Fruits in Ice Cream Strawberry | 1.5L","1.5",505
"Chilled","Fruits in Ice Cream Pistachio | 1.5L","1.5",505
"Chilled","Fruits in Ice Cream Double Dutch | 1.5L","1.5",505
"Chilled","Fruits in Ice Cream Vanilla | 1.5L","1.5",505
"Chilled","Fruits in Ice Cream Rocky Road | 1.5L","1.5",505
"Chilled","Fruits in Ice Cream Ice Cream Mango | 1.5L","1.5",505
"Chilled","Fruits in Ice Cream Cookies & Cream | 1.5L","1.5",505
"Chilled","Zott Zottis Natural Yogurt | 400g","400",139
"Chilled","Arce Dairy Ice Cream Vanilla | 1.5L","1.5",348
"Chilled","Arce Dairy Ice Cream Ube Macapuno | 1.5L","1.5",384
"Chilled","Arce Dairy Ice Cream Strawberry | 1.5L","1.5",365
"Chilled","Arce Dairy Ice Cream Quezo Real | 1.5L","1.5",360
"Chilled","Arce Dairy Ice Cream Coffee Crumble | 1.5L","1.5",384
"Chilled","Arce Dairy Ice Cream Blueberry Cheesecake | 1.5L","1.5",384
"Chilled","Arce Dairy Ice Cream Avocado | 1.5L","1.5",365
"Chilled","Arce Dairy Ice Cream Pistachio | 1.5L","1.5",384
"Chilled","Ensure Gold Powdered Milk Drink Vanilla | 1.6kg","1.6",3789.5
"Chilled","Ensure Gold Vanilla | 380g","380",1044.95
"Chilled","Anlene BoneActiv Gold | 990g","990",554.5
"Chilled","Anlene Boneactiv Gold | 180g","180",121.5
"Chilled","Bear Brand Adult Plus | 1kg","1",399.5
"Chilled","Enfagrow Three A+ Formula Milk Lactose Free | 1.8kg","1.8",2919.5
"Chilled","Enfagrow Four A+ Powdered Milk Drink Above 3 years old | 1.2kg","1.2",1539.5
"Chilled","Enfagrow Three A+ Formula Milk 1-3 years old | 2.4kg","2.4",3089.5
"Chilled","Enfamil Two A+ Infant Formula Milk 6-12 months | 1.2kg","1.2",2234.5
"Chilled","Enfamil One A+ Infant Formula Powder 0-6 months | 1.2kg","1.2",2234.5
"Chilled","SM Bonus Jackfruit Strips | 500g","500",57.38
"Chilled","Lactum 3+ Vanilla Formula Milk 3 years old up | 2kg","2",1296.5
"Chilled","Lactum 1+ Vanilla Formula Milk 1-3 years old | 1.6kg","1.6",1019.5
"Chilled","Lactum Milk Supplement Powder 6-12 months | 1.2kg","1.2",829.5
"Chilled","Happy Valley Burger Cheese Slices | 1kg","1",1052
"Chilled","California Assorted Chese Free Bread Knife | 190g 3pcs","190",716
"Chilled","Emborg Frenchuht Whipping Cream | 1L","1",406
"Chilled","Hopla Unsweetend Non Dairy Cream | 1L","1",392
"Chilled","Kerry Gold Spreadable Salted Cream Butter | 227g","227",308
"Chilled","Ev Cream Whipped Light Aerosol | 250g","250",275
"Chilled","Magnolia Cream Cheese Regular Save P30 | 225g 2pcs","225",295
"Chilled","Anchor Butter Salted Save P20 | 200g 2pcs","200",282
"Chilled","Anchor Butter Unsalted Save P20 | 200g 2pcs","200",282
"Chilled","Magnolia Gold Butter Unsalted Save P40 | 225g 2pcs","225",284
"Chilled","Magnolia Gold Butter Salted Save P40 | 225g 2pcs","225",284
"Chilled","Emborg Grated Parmesan | 100g","100",199
"Chilled","Lemnos Cheese Slices Reduced Fat | 250g","250",199
"Chilled","Emborg Italian Slices | 200g","200",177
"Chilled","Butter Licious Unsalted Save P10 | 200g 2pcs","200",176
"Chilled","Butter Licious Salted Save P10 | 200g 2pcs","200",176
"Chilled","Magnolia Quickmelt Save P20 | 160g 2pcs","160",167
"Chilled","JCD Lumpia Wrapper | 200pcs","200",160
"Chilled","Emborg European Goudachez Sliced | 150g","150",158
"Chilled","Emborg European Edamchez Sliced | 150g","150",158
"Chilled","Eden Premium Cheddar Slices | 200g 10pcs","200",165
"Chilled","Creamy Delight Greek Mango Save P10 | 100g 4pcs","100",154
"Chilled","Creamy Delight Greek Vanila Save P10 | 100g 4pcs","100",154
"Chilled","Creamy Delight Greek Plain Save P10 | 100g 4pcs","100",154
"Chilled","Creamy Delight Greek Mix Berries Save P10 | 100g 4pcs","100",154
"Chilled","Creamy Delight Nonfat Strawberry Save P10 | 100g 4pcs","100",130
"Chilled","Creamy Delight TC Strawberry Save P10 | 100g 4pcs","100",130
"Chilled","Dari Creme Buttermilk Save P15 | 200g 2pcs","200",110
"Chilled","Dari Creme Classic Save P15 | 200g 2pcs","200",110
"Chilled","Anchor Buttery Unsalted | 200g","200",119
"Chilled","Eden Save P18 | 160g 2pcs","160",95
"Chilled","Magnolia Buttercup Save P8 | 200g 2pcs","200",92
"Chilled","Magnolia Cheezee Save P10 | 160g 2pcs","160",88
"Chilled","Cimory Yogurt Drink Blueberry | 70ml 2pcs","70",75
"Chilled","Cimory Yogurt Drink Strawberry | 70ml 2pcs","70",75
"Chilled","JCD Saba (O) | 1000g-1500g","1000",40.5
"Chilled","So Good Oat Milk Chocolate | 1L","1",149.5
"Chilled","Nestle Chuckie For P90.00 | 180ml 4pcs","180",90
"Beverage","Pepsi Max | 330mL Can","330",34.5
"Beverage","Sunkist Fruit Drink Orange | 235mL Tetra","235",23.95
"Beverage","Sunkist Tetra Juice Mango | 235ml","235",26.5
"Beverage","Sunkist Fruit Drink Apple | 235mL Tetra","235",23.95
"Beverage","Walsh Curacao Triple Sec | 750ml","750",265
"Beverage","Coffee Mate Coffee Creamer | 450g Pouch","450",112.95
"Beverage","Milo Active Go Twinpack | 48g 8pcs","48",139.5
"Beverage","Nescafe Classic | 200g","200",207.5
"Beverage","Kopiko Brown 3-in-1 Coffee Mix Twin Pack | 53g 5pcs","53",70
"Beverage","Milo Active Go | 600g","600",184.5
"Beverage","Del Monte Juice Drink Four Seasons | 1L Tetra","1",92.75
"Beverage","Kopiko Blanca 3-in-1 Coffee Mix Twin Pack | 52g 5pcs","52",70
"Beverage","Royal Tru Orange | 1.5L PET","1.5",67.5
"Beverage","Milo Choco Malt Powdered Milk Drink Activ-Go Winner | 300g","300",99.5
"Beverage","Nescafe Classic Refill | 80g","80",102.75
"Beverage","San Mig Coffee 3-in-1 Sugar Free Original | 7g 20sachets","7",150
"Beverage","Alaska Krem Top Coffee Creamer | 450g","450",119.5
"Beverage","Kopiko Brown 3-in-1 Coffee Mix Brown | 125g 30pcs","125",239.5
"Beverage","Del Monte Pineapple Juice Drink Fiber Enriched | 1L Tetra","1",127.95
"Beverage","Coke Pet | 2L","2",84.5
"Beverage","White King Champorado | 227g","227",74.5
"Beverage","Great Taste Premium Blend Coffee | 100g","100",90.75
"Beverage","Kopiko Black 3-in-1 Twin Pack | 56g 5pcs","56",70
"Beverage","Del Monte Juice Drink Pineapple | 240mL Canned","240",30
"Beverage","Nescafe 3In1 Original | 20g 20pcs","20",155
"Beverage","Great Taste Granules | 80g","80",96.75
"Beverage","Coffee Mate Coffee Creamer | 250g Pouch","250",69.95
"Beverage","C2 Green Tea Apple | 1L","1",56.5
"Beverage","Del Monte Juice Drink Mango | 1L Tetra","1",117.5
"Beverage","Nescafe 3 In 1 Creamy Latte Twin Pack | 40g 5pcs","40",78.5
"Beverage","Nestle Chuckie | 180ml 6pcs","180",117
"Beverage","White King Champorado | 113g","113",42.5
"Beverage","Nescafe 3 In 1 Creamy White Twin Pack | 40g 5pcs","40",78.5
"Beverage","Swiss Miss Creamy Mallows | 20g 10pcs","20",88.95
"Beverage","Kopiko Cappuccino Coffee Hanger | 25g 10pcs","25",82.5
"Beverage","Blend 45 Coffee Economy Pack | 100g","100",82.5
"Beverage","Nescafe Gold Jar | 200g","200",537.75
"Beverage","Big 250 Juice Drink Apple | 250mL","250",1
"Beverage","Zest-O Juice Drink Apple | 200mL","200",9.5
"Beverage","Nestea Iced Tea Honey Blend Litro Pack | 25g","25",21
"Beverage","Swissmiss Dark Choco Singles | 31g","31",13.75
"Beverage","Zest-O Juice Drink Orange | 200mL","200",9.5
"Beverage","Sprite | 330mL Can","330",37.5
"Beverage","Tang Powdered Juice Drink Pineapple | 25g","25",19.85
"Beverage","SM Bonus Distilled Water | 6.6L","6.6",54.5
"Beverage","Tang Powdered Juice Drink Orange Mango | 25g","25",21
"Beverage","Kopiko L.A 3-in-1 Coffee Mix | 25g 10pcs","25",82.5
"Beverage","Pocari Sweat Ion Supply Drink | 350ml","350",36.5
"Beverage","Minute Maid Fresh Mango | 180ml","180",9.5
"Beverage","Nestea Iced Tea Lemon Cleanse | 8.5g 10pcs","8.5",149.5
"Beverage","Nescafe Gold Blend | 100g","100",319.5
"Beverage","Sprite Zero Sugar | 1.5L","1.5",67.5
"Beverage","Nescafe 3In1 Creamy White | 20g 20pcs","20",185
"Beverage","Mug Rootbeer | 2L","2",78.95
"Beverage","Twinings Earl Grey Tea | 2g 25pcs","2",329.5
"Beverage","Twinings Pure Peppermint | 2g 25pcs","2",339.5
"Beverage","Twinings Four Red Fruits Tea | 2g 25pcs","2",329.5
"Beverage","Twinnings Lemon Ginger Tea | 1.5g 25pcs","1.5",339.5
"Beverage","Twinings Green Tea Selection | 1.7g 20pcs","1.7",304.5
"Beverage","Twinnings Camomile | 1g 25pcs","1",333.5
"Beverage","Twinnings Pure Green Tea | 2g 25pcs","2",339.5
"Beverage","Twinnings Green Tea Lemon | 1.6g 25pcs","1.6",339.5
"Beverage","Golden Spoon Turmeric | 225g","225",239.5
"Beverage","Golden Spoon Tanglad | 24g 12pcs","24",76.5
"Beverage","Golden Spoon Green Tea | 2.4g 10pcs","2.4",99.5
"Beverage","Golden Spoon Malunggay | 2g 12pcs","2",97.5
"Beverage","Golden Spoon Ampalaya Herbal Tea | 24g 12pcs","24",104.5
"Beverage","Golden Spoon Herbal Tea Salabat | 225g","225",134.5
"Beverage","Coffee Trim Slimming Coffee | 10g 10pcs","10",219.5
"Beverage","Jimms 7 In 1 Coffe With Mushroom Extract | 21g 12pcs","21",174.5
"Beverage","Jimms 5in1 Coffee With Ginseng | 21g 12pcs","21",169.5
"Beverage","Jimms 5In1 Coffe Sugarfree | 21g 20pcs","21",324.5
"Beverage","Great Taste White Crema 3-in-1 Coffee Mix Twin Pack | 50g 5pcs","50",69.5
"Beverage","Great Taste White Caramel 3-in-1 Coffee Mix Twin Pack | 50g 5pcs","50",69.5
"Beverage","Ovaltine 3in1 Jar | 400g","400",199.5
"Beverage","Hersheys Cocoa Powder | 226g","226",369.5
"Beverage","Evian Natural Mineral Water | 1.5L","1.5",144.5
"Beverage","Pepsi Black | 2L","2",78.95
"Beverage","Pepsi Regular | 2L","2",78.95
"Beverage","Mountain Dew | 2L","2",78.95
"Beverage","The Berry Company Goji Berryjuice | 1L","1",188.5
"Beverage","The Berry Company Pomegranate Juice Orange | 1L","1",188.5
"Beverage","The Berry Comp Cranberry Juice | 1L","1",188.5
"Beverage","The Berry Company Acai Berryjuice | 1L","1",188.5
"Beverage","Minute Maid Juice Drink Fresh Pineapple | 180ml","180",9.5
"Beverage","Del Monte Tipco Pomegranate | 1L","1",162.5
"Beverage","Del Monte Tipco Mixed Vegetable & Mixed Fruit | 1L","1",162.5
"Beverage","Del Monte Tipco Brocolli & Mixed Fruit | 1L","1",162.5
"Beverage","Del Monte Tipco Cranberry | 1L","1",156.5
"Beverage","Del Monte Tipco Aloe Vera & White Grape | 1L","1",162.5
"Beverage","Del Monte Pineapple Blueberry | 1L","1",111.5
"Beverage","Del Monte Pineapple Strawberry | 1L","1",111.5
"Beverage","Johnnie Walker Green Label 15yo | 700ml","700",2850
"Beverage","Johnnie Walker Red Label Scotch Whisky | 1L","1",905
"Beverage","Johnnie Walker Black Scotch Whisky | 700ml","700",1099
"Beverage","Johnnie Walker Oldest Blue | 750ml","750",9999
"Beverage","Johnnie Walker Double Black | 1L","1",1960
"Beverage","Johnnie Walker Black Scotch Pack | 1L","1",1289
"Beverage","Fundador Brandy | 1.75L","1.75",1163
"Beverage","Fundador Double Light | 1L","1",390
"Beverage","Fundador Brandy | 1L","1",692
"Beverage","Fundador Light | 1L","1",390
"Beverage","Emperador Gold Limited Edition | 1L","1",310
"Beverage","Emperador Brand Light | 1L","1",197
"Beverage","Carlo Rossi Pink Moscato | 750ml","750",352
"Beverage","Carlo Rossi California White | 750ml","750",352
"Beverage","Carlo Rossi Moscato White Wine | 750ml","750",352
"Beverage","Carlo Rossi Sangria | 750ml","750",352
"Beverage","Carlo Rossi Sweet Red | 750ml","750",352
"Beverage","Carlo Rossi Red Moscato | 750ml","750",352
"Beverage","Carlo Rossi California Red | 750ml","750",352
"Beverage","Alfonso 1 Brandy | 1L","1",500
"Beverage","Alfonso I Platinum | 1L","1",395
"Beverage","Red Bull Energy Drink Sugar Free | 250ml","250",87
"Beverage","Red Bull Energy Drink in Can | 250ml","250",87
"Beverage","Tiger Black Bottle | 330ml","330",62.5
"Beverage","Tiger Beer Crystal Light Bottle | 330ml","330",61.5
"Beverage","Kirin Ichiban Beer in Can | 330ml","330",89.5
"Beverage","Asahi Beer in Can Super Dry | 330ml","330",81.5
"Beverage","Monster Energy Drink Ultra White | 355ml","355",89.5
"Beverage","Monster Energy Drink Mango Loco | 355ml","355",89.5
"Beverage","Blue Cool Cucumber Lime | 500ml","500",37.5
"Beverage","Vitamilk Double Choco | 1L","1",100
"Beverage","Real Leaf Frutcy Icedtea Calamansi | 480ml","480",24.5
"Beverage","C Green Tea Lemon | 355ml","355",26.5
"Beverage","Tang Powdered Juice Drink Mixed Berries | 20g","20",21
"Beverage","Tang Pineapple | 250g","250",239.5
"Beverage","Tang Orange | 250g","250",239.5
"Beverage","Locally Blended Juice Drink Guyabano | 1L","1",100
"Beverage","Del Monte White Grape Juice | 1L","1",111.5
"Beverage","San Mig Coffee 3-in-1 Sugarfree White | 9g 10Sachet","9",91.5
"Beverage","MX3 Coffee Mix Mangosteen 4-in-1 Sugarfree | 10g 10sachet","10",214.5
"Beverage","Nescafe Classic Decaf | 160g","160",266.5
"Beverage","Ricoa Cocoa Breakfast | 160g","160",174.5
"Beverage","Gatorade Citrus Quench No Sugar | 900ml","900",76.5
"Beverage","SM Bonus Apple Juice | 200ml","200",1
"Beverage","Zest-O Choco TBA Slim | 250ml","250",31.5
"Beverage","Vitasoy Chocolate | 1L","1",104.5
"Beverage","Chuckie Chocolate Milk Drink | 1L","1",115
"Beverage","Chuckie Chocolate Milk Drink | 250ml","250",31.5
"Beverage","Chuckie Chocolate Milk Drink | 110mL","110",14.5
"Beverage","Magnolia Chocolait | 250ml","250",33.5
"Beverage","Jack Daniels Coke Zero Sugar | 320ml","320",84.5
"Beverage","Angel Creamer | 400g","400",79.5
"Beverage","Jimms 3In1 Spirulina Twinpack | 40g 10g","40",159.5
"Beverage","Jimms 3in1 Coffee Twinpack | 40g 10pcs","40",159.5
"Beverage","Lemon Duo Peach Lemon 7% | 330ml","330",70.95
"Beverage","Jardin Signature Americano Black | 230ml","230",50
"Beverage","Jardin Signature Americano Sweet | 230ml","230",50
"Beverage","Jardin Signature Royal Hazelnut | 230ml","230",50
"Beverage","Jardin Café Real Shine Muscat | 230ml","230",50
"Beverage","Jardin Café Real Blue Lemonade | 230ml","230",50
"Beverage","Hoegaarden White Beer 5 + 1 | 330ml","330",540
"Beverage","Stella Artois Beer Bottle 5 + 1 | 310ml","310",625
"Beverage","Hardys Crest Cabernet Sauvignon | 750ml B1T1","750",582
"Beverage","Bos Coffee Latte Rtd | 240ml","240",64.5
"Beverage","Bos Coffee Mocha Rtd | 240ml","240",64.5
"Beverage","Bos Coffee Hazelnut Rtd | 240ml","240",64.5
"Beverage","Bo's Coffee Macchiato Rtd | 240ml","240",64.5
"Beverage","Extra Joss Energy Drink Mango | 4g 6pcs","4",51.5
"Beverage","Extra Joss Energy Drink Grape | 4g 6pcs","4",51.5
"Beverage","Kome Ichizu Junmai Sake | 720ml","720",780
"Beverage","The Macallan Night On Earth The Journey | 700ml","700",13720
"Beverage","Hana Akita Original Sake | 720ml","720",860
"Beverage","The Macallan Night On Earth | 700ml","700",16050
"Beverage","Thai Coco Almond Coconut Drink | 1L","1",164.5
"Beverage","Thai Coco Sesame Coconut Drink | 1L","1",164.5
"Beverage","Thai Coco Original Coconut Drink | 1L","1",164.5
"Beverage","Del Monte Fruity Zing Calamansi | 330ml","330",27.5
"Beverage","Del Monte Fruity Zing Apple Lychee | 330ml","330",27.5
"Beverage","Vida C Zero Salty Lychee Sparkling | 325ml","325",44.5
"Beverage","Vida C Zero Lemon Sparkling | 325ml","325",44.5
"Beverage","Vida C Zero Citrus Sparkling | 325ml","325",44.5
"Beverage","UCC 3 In 1 Iced Salted Caramel | 25g 10pcs","25",159.5
"Beverage","UCC 3 In 1 Iced Chocolate Vanilla | 25g 10pcs","25",159.5
"Beverage","Tampico Zero Sugar Citrus Drink | 1L","1",65.95
"Beverage","Tampico Citrus Flavored Drink | 1L","1",65.95
"Beverage","Tampico Apple Flavored Drink | 1L","1",65.95
"Beverage","Summit Natural Drinking Water | 1.5L","1.5",26
"Beverage","Lipton Yellow Label Tea | 2g 50pcs","2",296.5
"Beverage","Lipton Green Tea | 1.5g 50tea bags","1.5",499.95
"Beverage","Sprite Can Save 15Php | 320ml 6pcs","320",210
"Beverage","Biofitea Herbal Dietary Tea | 2g 5pcs","2",34.5
"Beverage","Aldi Turmeric Tea Bottle | 320g","320",274.5
"Beverage","Aldi Turmeric Tea With Calamansi Bottle | 320g","320",264.5
"Beverage","Aldi Turmeric Ginger & Lemon Grass | 320g","320",279.5
"Beverage","Krem Top Coffee Creamer | 150g","150",54.5
"Beverage","Alaska Krem Top Coffee Creamer Non Dairy | 250g Pouch","250",67.5
"Beverage","Angel Coffee Creamer Pouch | 200g","200",49.5
"Beverage","Cream All Coffee Creamer Pouch | 220g","220",65
"Beverage","San Mig 3In1 Coffee Sugar Free Strong | 9g 10pcs","9",91.5
"Beverage","San Mig Coffee 3in1 Original Hanger | 20g 10pcs","20",70
"Beverage","San Mig Coffee 3-in-1 Sugarfree Tipid Pack | 7g 10Sachets","7",77.5
"Beverage","Nescafe Original | 28g 10Sachets","28",77.5
"Beverage","Nescafe Creamy White | 29g 10Sachets","29",92.5
"Beverage","Nescafe 3 In 1 Creamy Latte | 20g 10pcs","20",92.5
"Beverage","Nescafe Refill Decaf | 80g","80",133.5
"Beverage","Nescafe Classic Refill | 20g","20",25.75
"Beverage","Nescafe Classic Refill | 40g","40",51.75
"Beverage","Kopiko 3-in-1 Coffee Mix Black | 30g 30pcs","30",239.5
"Beverage","Royal Tru Orange Save 15Php | 320ml 6pcs","320",210
"Beverage","Kopiko Black 3-in-1 Coffee Mix Black | 20g 10pcs","20",79.95
"Beverage","Kopiko Brown 3-in-1 Coffee Mix Brown | 25g 10pcs","25",79.95
"Beverage","Kopiko Blanca 3-in-1 Coffee Mix Blanca | 30g 10pcs","30",89.5
"Beverage","Kopiko Double Cups 3-in-1 Coffee Mix Original | 36g 10pcs","36",104.5
"Beverage","Great Taste Smooth & Chocolatey 3-in-1 Coffee Mix | 50g 5pcs","50",70.5
"Beverage","Great Taste Premium Blend Coffee | 20g","20",26.25
"Beverage","Great Taste White 3-in-1 Coffee Mix Twin Pack | 30g 10pcs","30",88.5
"Beverage","Bc Coffee Club Barako Blend | 300g","300",299.5
"Beverage","BC Coffee Club Arabica Blend | 300g","300",349.5
"Beverage","BC Coffee Club Fresh Roasted | 500g","500",409.5
"Beverage","Batangas Coffee Brew Special Blend | 300g","300",319.5
"Beverage","Batangas Coffee Brew | 500g","500",474.5
"Beverage","Swissmiss Hazelnut Singles | 26g","26",16.75
"Beverage","Swissmiss Milk Choco Singles | 26g","26",16.75
"Beverage","Swissmiss Marshmallow Singles | 28g","28",16.75
"Beverage","Ricoa Cocoa Powder | 70g","70",71.5
"Beverage","Peotraco Cocoa Powder | 250g","250",127.5
"Beverage","Peotraco Cocoa Powder | 500g","500",239.5
"Beverage","Ovaltine All in One Powder | 495g","495",164.5
"Beverage","Ovaltine 3 in 1 | 25g","25",13.95
"Beverage","Milo Choco Malt Powdered Milk Drink Activ Go Winner | 24g 12pcs","24",103
"Beverage","Alfonso Chocolate Cacao | 200g","200",146.5
"Beverage","Pepsi Zero Sugar Lime | 500ml","500",34.5
"Beverage","Pepsi Pet | 500ml","500",34.5
"Beverage","Paldo Pororo Drink Strawberry | 235ml","235",65.95
"Beverage","Paldo Pororo Drink Apple | 235ml","235",65.95
"Beverage","Nature's Yogurt Peach | 1.5L","1.5",154.5
"Beverage","Nature's Yogurt Apple | 1.5L","1.5",154.5
"Beverage","Wilkins Distilled Water | 500mL","500",17
"Beverage","Summit Natural Drinking Water | 1L","1",19.5
"Beverage","Mountain Dew Pet Regular | 500ml","500",34.5
"Beverage","Mountain Dew Zero Sugar | 500ml","500",34.5
"Beverage","Mountain Dew Zero Sugar | 320ml","320",34.5
"Beverage","Mountain Dew Zero Sugar | 1.5L","1.5",65.95
"Beverage","Sip Purified Water | 350ml","350",10
"Beverage","Sip Purified Water | 1L","1",20
"Beverage","Sip Purified Water | 500ml","500",12
"Beverage","Monster Energy Drink Green | 355ml","355",89.5
"Beverage","Blue Enlivening Orange | 500ml","500",37.5
"Beverage","Blue Peppy Lychee | 500ml","500",37.5
"Beverage","Blue Inspiring Calamansi | 500ml","500",37.5
"Beverage","Absolute Distilled Water | 1.5L","1.5",36
"Beverage","Sola Iced Tea Lemon | 473ml","473",62.5
"Beverage","Sola Iced Tea Raspberry | 473ml","473",62.5
"Beverage","Real Leaf Green Tea Honey Lemon | 480ml","480",24.5
"Beverage","Real Leaf Green Tea Honey Apple | 480ml","480",24.5
"Beverage","Nestea Iced Tea Lemon Ice | 500ml","500",26.95
"Beverage","Nestea Iced Tea Lemon | 500ml","500",26.95
"Beverage","Nestea Iced Tea Apple | 500ml","500",26.95
"Beverage","Lipton Tea Red | 450ml","450",27.95
"Beverage","Lipton Tea Lemon | 450ml","450",27.95
"Beverage","C2 Red Tea Raspberry | 355ml","355",26.5
"Beverage","C2 Green Tea Apple | 355mL","355",26.5
"Beverage","C2 Green Tea Lemon | 1L","1",56.5
"Beverage","C2 Green Tea Plain | 500mL","500",31.5
"Beverage","C2 Green Tea Lemon | 455ml","455",31.5
"Beverage","C2 Green Tea Apple | 500mL","500",28.5
"Beverage","ZestO Calamansi Soda in Can | 330ml","330",33.95
"Beverage","ZestO Soda Calamansi | 1.5L","1.5",61.5
"Beverage","ZestO Soda Dalandan | 1.5L","1.5",61.5
"Beverage","ZestO Dalandan Soda in Can | 330ml","330",33.95
"Beverage","Sprite Zero | 320ml","320",37.5
"Beverage","Schweppes Can Tonic Water | 320ml","320",38.5
"Beverage","Schweppes Sparkging Soda Water | 330mL Can","330",38.5
"Beverage","Royal Can Tru Orange | 320ml","320",37.5
"Beverage","Rc Cola | 250ml","250",24.95
"Beverage","Rc Pet Cola | 1.5L","1.5",59.5
"Beverage","Pepsi Zero Sugar Lime | 1.5L","1.5",65.95
"Beverage","Pepsi | 1.5L PET","1.5",59
"Beverage","Mug Rootbeer Can | 320ml","320",34.5
"Beverage","Mountain Dew | 330mL Can","330",34.5
"Beverage","Mountain Dew Pet | 1.5L","1.5",65.95
"Beverage","Juicy Lemon Fruit Soda Pet | 1.5L","1.5",59.5
"Beverage","Fruit Soda Orange | 1.5L","1.5",59.5
"Beverage","Coke Light | 320ml","320",37.5
"Beverage","Coca Cola Coke Light PET | 1.5L","1.5",67.5
"Beverage","Cali Shandy Can Sparkling Pineapple Light Drink | 330ml","330",32.5
"Beverage","Cali Shandy Apple Ice in Can | 330ml","330",32.5
"Beverage","Cali Shandy Regular in Can | 330ml","330",32.5
"Beverage","Arcy S Root Beer | 1.5L","1.5",59.5
"Beverage","Up Pet Regular | 1.5L","1.5",65.95
"Beverage","Tang Powder Juice Orange | 375g","375",326.5
"Beverage","Tang Powdered Juice Honey Lemon | 25g","25",21
"Beverage","Tang Grape Powdered Juice Drink | 19g","19",20.5
"Beverage","Tang Powdered Juice Drink Strawberry | 25g","25",21.5
"Beverage","Tang Powder Juice Pomelo | 19g","19",21
"Beverage","Tang Powdered Juice Drink Mango | 25g","25",20.5
"Beverage","Tang Powdered Juice Drink Four Seasons | 25g","25",20.5
"Beverage","Tang Powdered Juice Drink Calamansi | 25g","25",20.5
"Beverage","Tang Powdered Juice Drink Dalandan | 25g","25",20.5
"Beverage","Nestea Iced Tea Lemon Blend | 250g","250",199.5
"Beverage","Nestea Iced Tea Apple Blend Litro Pack | 19g","19",19.95
"Beverage","Zesto Juice Grape | 200ml","200",9.5
"Beverage","Tropicana Twister Pulp Orange | 355ml","355",29.95
"Beverage","Tropicana Twister Juicy Pulp | 1L","1",62.5
"Beverage","Tropicana Pet Orange | 355ml","355",29.95
"Beverage","Tropicana Twister Juice Drink Orange Pet | 1L","1",62.5
"Beverage","Squeezed 4U Calamansi Concentrated Honey | 320ml","320",184.5
"Beverage","Smart C Juice Drink Pomelo Grapefruit | 500ml","500",34.5
"Beverage","Smart C Calamansi Splash | 500ml","500",34.5
"Beverage","Smart C Juice Drink Lemon Squeeze | 500ml","500",34.5
"Beverage","Plus Juice Mango | 250ml","250",11.5
"Beverage","Plus Juice Apple | 250ml","250",1
"Beverage","Plus Juice Orange | 250ml","250",1
"Beverage","Mogu Mogu Yogurt | 320ml","320",45
"Beverage","Mogu Mogu Grape Juice | 320ml","320",45
"Beverage","Mogu Mogu Stawberry Juice | 320ml","320",45
"Beverage","Mogu Mogu Juice Drink Coconut | 320mL","320",45
"Beverage","Mogu Mogu Juice Drink Lychee | 320mL","320",45
"Beverage","Minute Maid Juice Drink Fresh Orange | 800ml","800",40.5
"Beverage","Minute Maid Nutri + Mango Orange | 1L","1",53.75
"Beverage","Minute Maid Juice Drink Fresh Orange | 1L","1",53.75
"Beverage","Del Monte Fit N Right Pineapple | 1L","1",89.5
"Beverage","Del Monte Fit N Right Four Seasons | 1L","1",89.5
"Beverage","Del Monte Juice Pineapple Heart Smart | 1L","1",130.5
"Beverage","Del Monte Juice Drink Pineorange | 1L Tetra","1",111.5
"Beverage","Del Monte Sweetened Pineapple Juice | 1L","1",108.95
"Beverage","Del Monte Juice Drink Four Season | 1.3L Canned","1.3",129.5
"Beverage","Del Monte Juice Drink Apple | 1.3L Canned","1.3",129.5
"Beverage","Del Monte Canned Juice Sweetened Pineapple | 220ml","220",36.5
"Beverage","Del Monte Juice Drink Mango | 240mL Canned","240",44.5
"Beverage","Del Monte Juice Drink Four Seasons | 240mL Canned","240",36.5
"Beverage","Del Monte Juice Drink Heart Smart Pineapple | 240mL Canned","240",38.95
"Beverage","Big 250 Juice Drink Mango | 250mL","250",1
"Beverage","Big 250 Juice Drink Orange | 250mL","250",1
"Beverage","Sting Energy Drink Strawberry | 320ml","320",21.95
"Beverage","Red Bull Energy Drink Supreme | 150ml","150",41.5
"Beverage","Gatorade Sports Drink Tropical Fruit | 1.5L","1.5",116.95
"Beverage","Gatorade Sports Drink Blue Bolt | 1.5L PET","1.5",101.25
"Beverage","Gatorade Sports Drink Pet Orange | 500ml","500",45
"Beverage","Gatorade Sports Drink Grape | 500mL PET","500",45
"Beverage","Gatorade Sports Drink Tropical | 500mL PET","500",45
"Beverage","Gatorade Sports Drink Blue Bolt | 500mL PET","500",45
"Beverage","Kopiko L.A.Coffee Minibag | 25g 10pcs","25",82.5
"Beverage","Extra Joss Energy Drink | 4g 6pcs","4",51.5
"Beverage","Cobra Berryblast Energy Drink | 330ml","330",20.5
"Beverage","Cobra Smart Energy | 330ml","330",21.5
"Beverage","Cobra Energy Drink | 330ml","330",20.5
"Beverage","Tiger Beer Black Strong | 500mL can","500",74.5
"Beverage","Tanduay Ice Signature Vodka Lemonade | 330ml","330",38.5
"Beverage","Tanduay Ice Light Alcomix Pomelo | 330ml","330",35.95
"Beverage","Tanduay Ice Alcomix Red Miracle | 330ml","330",35.95
"Beverage","Tanduay Ice Alcomix Blue Illusion | 330ml","330",35.95
"Beverage","Tanduay Ice Original | 330ml","330",35.95
"Beverage","San Miguel Beer Super Dry Can | 330ml","330",79.5
"Beverage","San Miguel Beer Lemon Can | 330ml","330",54.5
"Beverage","Heineken Beer Can | 330ml","330",76.5
"Beverage","Heineken Beer Can | 500ml","500",112.5
"Beverage","Heineken Beer in Bottle | 330ml","330",76.5
"Beverage","Jele Beautie Drink Strawberry | 150ml","150",31.5
"Beverage","Jele Beautie Drink Lychee | 150ml","150",31.5
"Beverage","Jele Beautie Drink Mixed Fruit | 150ml","150",31.5
"Beverage","Johnnie Walker Black Scotch Whiskey | 1L With 50ml 2pcs","1",1369
"Beverage","Ichitan Thai Milk Tea | 310ml","310",45
"Beverage","Ichitan Thai Milk Coffee | 310ml","310",45
"Beverage","Heineken Beer Silver Bottle | 330ml","330",76.5
"Beverage","Heineken Beer Silver Can | 330ml","330",76.5
"Beverage","H&Y Jellybee Choco M | 24pcs (76.80g)","24",30
"Beverage","GSM Blue Mojito Flavored Spirit | 1L","1",189
"Beverage","Good Day Coffee Grande White | 30pcs 25g","30",208.5
"Beverage","Good Day Coffee Grande White | 10pcs 25g","10",69.5
"Beverage","Gaya Farm Sweet White Peach | 1.5L","1.5",199.5
"Beverage","Gaya Farm Pulpy Aloe Vera | 1.5L","1.5",179.5
"Beverage","Gatorade Citrus Quench No Sugar | 1.5L","1.5",119.5
"Beverage","Fundador Super Special | 1L","1",295
"Beverage","Extra Joss Maxx Mixed Berries | 237ml","237",14.5
"Beverage","Extra Joss Maxx Mixed Fruits | 237ml","237",14.5
"Beverage","Del Monte Pineapple Fiber-Enriched Save 10 | 220ml 6pcs","220",227
"Beverage","Del Monte Pineapple Ace Save 10 | 220ml 6pcs","220",209
"Beverage","Del Monte Heart Smart Pineapple Save 10 | 220ml 6pcs","220",227
"Beverage","Del Monte Four Seasons Save 10 | 220ml 6pcs","220",209
"Beverage","Del Monte Canned Pineapple Juice 2T | 530ml","530",66.5
"Beverage","Coke Zero Can Save P15 | 320ml 6pcs","320",200
"Beverage","Coke Can Save 15 Php | 320ml 6pcs","320",200
"Beverage","Choko Choko Refill | 50pcs","50",76.5
"Beverage","Cafe Puro Glass Regency | 50g","50",73.5
"Beverage","Cafe Puro Ep | 100g","100",92.5
"Beverage","Cafe Barako De Lipa Coffee | 350g","350",299.5
"Beverage","Blend 45 Malunggay Doble Pack | 52g 10pcs","52",124.5
"Beverage","Nescafe Gold Intense | 50g","50",164.5
"Beverage","Pocari Sweat Ion Drink | 900ml","900",84.5
"Beverage","7Up Regular | 2L","2",78.95
"Beverage","Cream All Creamer | 5g 24pcs","5",46.5
"Beverage","Royal Pet Tru Orange | 500ml","500",37.95
"Beverage","Coke Pet Light | 500ml","500",37.95
"Beverage","Coke Zero | 500ml","500",37.5
"Beverage","Coke Pet Regular | 500ml","500",37.5
"Beverage","Coke Zero Sugar Vanilla | 320ml","320",37.5
"Beverage","Absolute Distilled Water | 1L","1",25
"Beverage","Minute Maid Nutri Plus Orange Mango | 330ml","330",26.5
"Beverage","Jele Beautie Drink Grape | 150ml","150",31.5
"Beverage","Jele Beautie Drink Acai Berry | 140ml","140",31.5
"Beverage","Jele Beautie Drink Black Curran | 150ml","150",31.5
"Beverage","Starbucks Double Shot Espresso | 220ml","220",89.5
"Beverage","Starbucks Frappucino Mocha | 280ml","280",109.5
"Beverage","Starbucks Frappucino Coffee | 280ml","280",109.5
"Beverage","Aldi Foods Turmericwt Calamansi | 500g","500",389.5
"Beverage","Turmeric Calamansi Tea | 180g","180",142.5
"Beverage","Minute Maid Nutri + Mango Orange | 240ml","240",27.95
"Beverage","Minute Maid Nutri + Orange | 240ml","240",27.95
"Beverage","Mogu Mogu Jelly Strawberry With Nata | 150g","150",38.95
"Beverage","Mogu Mogu Jelly Lychee With Nata | 150g","150",38.95
"Beverage","C2 Peach | 500ml","500",31.5
"Beverage","C2 Peach Solo | 230ml","230",13.95
"Beverage","C2 Peach | 1L","1",56.5
"Beverage","Kanto Vodka Salted Caramel | 700ml","700",1080
"Beverage","Ube Cream Liqueur | 700ml","700",1620
"Beverage","Agimat Gin | 700ml","700",1950
"Beverage","Nutrifizz Lemon Lime |330ml","330",44.5
"Beverage","Nutrifizz Yogurt Soda |330ml","330",44.5
"Beverage","Kopiko Winter Blend Mallows |40g 10pcs","40",132.5
"Beverage","Kopiko Winter Blend Chocolate Sprinkler |31g 10pcs","31",132.5
"Beverage","SM Bonus Fp Orange Juice | 200ml","200",9
"Beverage","Philbrand Sweet Lemonsito Puree | 1kg","1",204.5
"Beverage","Sola Iced Tea Red Apple | 473ml","473",62.5
"Beverage","Rite N Lite Watermelon + Apple | 250ml","250",29.5
"Beverage","Rite N Lite Strawberry + Kiwi | 250ml","250",29.5
"Beverage","Carnival Red Party Disposable Cups 20pcs | 16oz","20",103.75
"Beverage","Novellino Hamper | 750ml 3pcs","750",780
"Beverage","Wilkins Pure Water | 1L","1",17.5
"Beverage","Wilkins Pure Water | 500ml","500",11
"Beverage","Rc Cola No Sugar | 1L","1",39.5
"Beverage","Smart C Honey Calamansi | 500ml","500",34.5
"Beverage","Smart C Cranberry Dew | 500ml","500",34.5
"Beverage","Ceres Tropical Blast Nectar | 1L","1",109.5
"Beverage","Ceres Multifruit Blast Nectar | 1L","1",109.5
"Beverage","Ceres Mango Orange Twist Nec Tar | 1L","1",109.5
"Beverage","Ceres Mango Fruit Juice | 1L","1",166.5
"Beverage","J&B Rare Scotch Whisky | 700ml","700",349
"Beverage","Johnnie Walker Red Label | 375ml","375",330
"Beverage","Charles & James Light Whisky | 1L","1",299
"Beverage","Lo'r Essenso 2in1 Columbian | 16g 8pcs","16",164.5
"Beverage","Lo'r Essenso 3in1 Brazillian | 25g 8pcs","25",164.5
"Beverage","Lo'r Essenso 2in1 Regular | 25g 8pcs","25",164.5
"Beverage","Lo'r Essenso 2in1 Regular | 16g 8pcs","16",164.5
"Beverage","Philbrand Four Season Nectar No Sugar | 250ml","250",54.5
"Beverage","Philbrand Mango Nectar No Sugar | 250ml","250",61.5
"Beverage","Philbrand Calamansi Nectar No Sugar | 250ml","250",46.5
"Beverage","Philbrand Guava Nectar No Sugar | 250ml","250",49.5
"Beverage","Swiss Miss Funtasy Mallows | 28g","28",16.75
"Beverage","Ichitan Brown Sugar Milk | 310ml","310",45
"Beverage","Jack Daniels Coke | 320ml","320",84.5
"Beverage","Culture Blends Salted Caramel | 25g 7pcs","25",104.5
"Beverage","Blend 45 Kondensada Twinpack | 40g 10pcs","40",126.5
"Beverage","Johnnie Walker Blue Cask Edition | 1L","1",14500
"Beverage","Singleton Single Malt 15yo | 700ml","700",3340
"Beverage","Del Monte Melon Cucumber | 1L","1",111.5
"Beverage","Sprite Lemon+ Can | 320ml","320",37.5
"Beverage","Barefoot Pink Moscato | 750ml","750",484
"Beverage","San Miguel Cerveza Blanca Can | 330ml","330",79.5
"Beverage","Alaska Fruitti Yo! Strawberry | 80ml 6pcs","80",56.5
"Beverage","Alaska Fruitti Yo! Apple | 80ml 6pcs","80",56.5
"Beverage","Frontera Hamper | 750ml 2pcs","750",830
"Beverage","Rainbow Magic Goku Goku Jelly Drink | 230g","230",13.5
"Beverage","Cadbury Roast Almond Tin Can | 200g","200",339.5
"Beverage","Cadbury Fruit & Nut Tin Can | 200g","200",339.5
"Beverage","Culture Blend 3in1 Energy Creamy Bag | 25g 10pcs","25",133.95
"Beverage","Coke Zero | 180ml 6pcs","180",139.5
"Beverage","Popping Boba Icetea Mango | 320g","320",59.5
"Beverage","Popping Boba Icetea Strawberry | 320g","320",59.5
"Beverage","Popping Boba Icetea Lychee | 320g","320",59.5
"Beverage","Coco Gurt Original | 280g","280",76.5
"Beverage","Coco Gurt Mango | 280g","280",76.5
"Beverage","100% Fruitjuice With Pulp Pineapple | 490g","490",72.5
"Beverage","100% Fruitjuice With Pulp Mango | 490g","490",72.5
"Beverage","100% Fruitjuice With Pulp Soursop | 490g","490",72.5
"Beverage","Taguchen Tea Bages Green | 2g 17pcs","2",259.5
"Beverage","Yamang Bukid Turmeric 10 in 1 Pouch | 400g","400",381.5
"Beverage","Sunsoya Matcha Latte 3 in 1 Milk Tea | 20g 10pcs","20",174.95
"Beverage","Sunsoya Cofee 3 in 1 Milk Tea | 20g 10pcs","20",174.95
"Beverage","Sunsoya Classic Milk Tea | 20g 10pcs","20",174.95
"Beverage","Sunsoya Choco 3 in 1 Milk Tea | 20g 10pcs","20",174.95
"Beverage","Royal Tea Milk Pouch | 14g","14",328.5
"Beverage","Kankunis Herbal Tea In Can | 20pcs","20",224.5
"Beverage","Heath & Heather Organic Manuka | 2g 20pcs","2",199.5
"Beverage","Heath & Heather Organic Lemon | 1.5g 20pcs","1.5",199.5
"Beverage","Heath & Heather Organic Matcha | 2g 20pcs","2",199.5
"Beverage","Heath & Heather Organic Ginger | 2g 20pcs","2",199.5
"Beverage","Heath & Heather Organic Green Tea Jasmine | 30g 20pcs","30",199.5
"Beverage","Celestial Tea Lemon Zinger | 47g 20pcs","47",216.5
"Beverage","Celestial Tea Decaf Green | 36g 20pcs","36",216.5
"Beverage","Biofit Herbal Dietary Tea | 30pcs","30",179.5
"Beverage","Bahi Turmeric Tea | 180g","180",144.5
"Beverage","Clipper Snore & Peace Organic Tea | 30g 20pcs","30",254.5
"Beverage","Nestle Coffeemate Original | 16oz (453.5g)","453.5",299.5
"Beverage","UCC Special Blended Coffee | 90g","90",569.5
"Beverage","UCC Coffee Class One Premium | 210g","210",759.5
"Beverage","UCC Coffeeblend Taste No.118 | 90g","90",479.5
"Beverage","UCC Coffeeblend Taste No.117 | 90g","90",599.5
"Beverage","UCC Coffeeblend Taste No.114 | 90g","90",599.5
"Beverage","UCC Coffee Blend Taste No.113 | 90g","90",479.5
"Beverage","San Mig Coffee 3 in 1 Sugarfree Mild Flavor | 7g 10pcs","7",77.5
"Beverage","Owl Kopitiam Roast 3 in 1Coffee | 20g 25pcs","20",294.5
"Beverage","Owl 3 in 1 Instant Coffee Strong | 20g 35pcs","20",266.5
"Beverage","Nescafe Gold Intense | 200g","200",537.75
"Beverage","Kopiko Café Mocha Twin Pack | 51g 5pcs","51",71.5
"Beverage","Jimm's 5in1 Cofee SF With Stevia | 10g 20pcs","10",252.5
"Beverage","Illy Ground Coffee Dark Roast | 250g","250",849.5
"Beverage","Illy Decaf Coffee Beans | 250g","250",849.5
"Beverage","Illy Dark Roasted Coffee Beans | 250g","250",849.5
"Beverage","Great Taste White Smooth & Choco | 30g 10pcs","30",89.5
"Beverage","Great Taste Granules Strong | 40g","40",52.95
"Beverage","Great Taste Granules Strong | 20g","20",26.75
"Beverage","Great Taste Premium Classic Stick | 2g 36pcs","2",104.5
"Beverage","The Coffee Bean & Tea Leaf Mocha Latte | 240ml","240",94.5
"Beverage","The Coffee Bean & Tea Leaf Cafe Latte | 240ml","240",94.5
"Beverage","Siete Baracos Coffee Black Gold Ground | 454g","454",509.5
"Beverage","Siete Baracos Coffee All Purpose Ground | 454g","454",414.5
"Beverage","Megans Premium Choco Tablea | 200g","200",146.5
"Beverage","Energen Champion Twin Pack | 60g 8pcs","60",139.5
"Beverage","Cocoa Monster Premium Pure Tablea Box | 168g","168",214.5
"Beverage","Cocoa Monster Pure Tablea Big | 150g","150",130
"Beverage","Alfonso's 3In1 Instant Hot Choco Cup | 30g","30",23.5
"Beverage","Alfonso's 3In1 Gourmet Choco Mix | 30g","30",119.5
"Beverage","Alfonso's Choco Champorado | 55g","55",32.5
"Beverage","Volvic Natural Mineral Water | 500ml","500",64.5
"Beverage","Volvic Natural Mineral Water | 1.5L","1.5",139.5
"Beverage","Perrier Bottle 33CL | 330ml","330",82
"Beverage","Evian Natural Mineral Water | 500ml","500",74.5
"Beverage","Evian Natural Mineral Water Rebirth | 750ml","750",139.5
"Beverage","Blue Cactus Tangerine | 500ml","500",37.5
"Beverage","Rauch Nativa Juice Green Tea Lemon | 1L","1",134.5
"Beverage","Nockchawon Honey Citron Tea | 480g","480",369.5
"Beverage","Mr. Brown Velvet Milktea | 580ml","580",71.5
"Beverage","Mine Shine Milk Tea Drink | 600ml","600",72.5
"Beverage","Kirin Afternoon Milk Tea | 500ml","500",116.5
"Beverage","Unif Premium Assam Milk Tea | 500ml","500",62.5
"Beverage","Zest O Fruit Soda Pomelo | 1.5L","1.5",61.5
"Beverage","Zest O Pet Root Beer | 1.5L","1.5",61.5
"Beverage","Royal Can Tru Lemon | 320ml","320",37.5
"Beverage","Rite N Lite Rootbeer | 250ml","250",29.5
"Beverage","Rite N Lite Peach | 250ml","250",29.5
"Beverage","Rite N Lite Lemon Lime | 250ml","250",29.5
"Beverage","Rite N Lite Lemon | 250ml","250",29.5
"Beverage","Rite N Lite Cucumber | 250ml","250",29.5
"Beverage","Rite N Lite Orange | 250ml","250",29.5
"Beverage","Zest O Fresh Pick Orange Juice | 200ml","200",11.5
"Beverage","Vita Coco Coconut Water | 330ml","330",47.5
"Beverage","The Berry Company Superberry Red Juice | 1L","1",188.5
"Beverage","The Berry Company Superberry Purple Juice | 1L","1",188.5
"Beverage","The Berry Company Blueberry Juice | 1L","1",188.5
"Beverage","Phil Brand Pineapple Juice Nectar | 250ml","250",32.5
"Beverage","Phil Brand Canned 202 Mango Juice | 250ml","250",44.5
"Beverage","Lipa Canned Fresh Buko Juice | 520ml","520",82.5
"Beverage","Del Monte Tipco 100% Red Grape | 1L","1",162.5
"Beverage","Del Monte Tipco 100% Cherryberry | 1L","1",162.5
"Beverage","Chamdor White | 750ml","750",375
"Beverage","Chamdor Sparkling Red Grape Juice | 750ml","750",375
"Beverage","Walsh Grenadine Syrup | 750ml","750",208
"Beverage","Fortunella Red Wine | 750ml","750",397
"Beverage","Dalmore 15YO | 700ml","700",8170
"Beverage","Dalmore 12YO | 700ml","700",4800
"Beverage","Carlos Light | 1L","1",438
"Beverage","Captain Morgan Original Spiced Rum | 750ml","750",515
"Beverage","Barefoot Rose | 750ml","750",484
"Beverage","Antonov Vodka | 700ml","700",218
"Beverage","Andy Player Blended Whisky | 500ml","500",185
"Beverage","San Mig Pale Pilsen | 330ml 6pcs","330",327
"Beverage","San Mig Light Can | 330ml 6pcs","330",327
"Beverage","Red Horse Can | 330ml 6pcs","330",323.5
"Beverage","Primera Light Brandy | 750ml","750",140
"Beverage","Heineken Bottle | 330ml 6packs","330",444
"Beverage","Tang Fruit & Vegetable Orange+Carrot | 19g","19",21.5
"Beverage","Tang Fruit & Vegetable Dalandan+Malunggay | 19g","19",21.5
"Beverage","Starbucks Caramel Macchiato Capsules | 127.8g 12pcs","127.8",519.5
"Beverage","Starbucks Cappuccino Capsules | 120g 12pcs","120",519.5
"Beverage","Starbucks Americano Capsules | 102g 12pcs","102",449.5
"Beverage","Kopiko Lucky Day Rtd | 180ml","180",23.5
"Beverage","Great Taste Supreme Toffee Hazelnut | 26g 10pcs","26",99.5
"Beverage","Great Taste Supreme Black Forest | 26g 10pcs","26",99.5
"Beverage","Great Taste Granules | 1.8g 36pcs","1.8",109.5
"Beverage","Gatorade No Sugar Citrus | 500ml","500",45
"Beverage","Gatorade No Sugar Blue Bolt | 500ml","500",45
"Beverage","Evina Turmeric And Lemongrass | 250g","250",134.5
"Beverage","Bahi Ginger Tea | 500g","500",316.5
"Beverage","Evina Tea Freshmint | 12g 20pcs","12",138.95
"Beverage","Mountain Brew Arabica Blend Whole | 250g","250",229.5
"Beverage","Yamang Bukid Turmeric 10 in 1 Pouch | 100g","100",161.5
"Beverage","Aldi Turmeric Ginger Tea | 2g 12pcs","2",144.5
"Beverage","Dewars 8YO Ilegal Smooth | 750ml","750",1140
"Beverage","Good Day Chococino Twinpack | 50g 5pcs","50",47.5
"Beverage","Good Day Vanilla Latte Twinpack | 50g 5pcs","50",47.5
"Beverage","Good Day Mocacino Twinpack | 50g 5pcs","50",47.5
"Beverage","Franzia Caberet Sauvignon | 3L","3",1285
"Beverage","Franzia Merlot | 3L","3",1285
"Beverage","Emperador Coffee Brandy | 750ml","750",153
"Beverage","Don Papa Masskara Rum | 700ml","700",1430
"Beverage","Jura 12YO Sherry Cask | 700ml","700",2620
"Beverage","Arbor Mist Peach Moscato | 750ml","750",433
"Beverage","Arbor Mist Raspberry Pink Moscato | 750ml","750",433
"Beverage","Lemon Dou Signature Lemon | 330ml","330",67.5
"Beverage","Lemon Dou Honey Lemon | 330ml","330",64.5
"Beverage","Lemon Dou Devil Lemon | 330ml","330",70.95
"Beverage","Treetop Apple | 1L","1",186.5
"Beverage","Hoegaarden Rosee Can | 500ml","500",149
"Beverage","Hoegaarden White Beer Can | 500ml","500",112
"Beverage","Chingu Watermelon Soju | 360ml","360",115
"Beverage","Chingu Grape Soju | 360ml","360",115
"Beverage","Woomera White Moscato | 750ml","750",455
"Beverage","Woomera Sweet Red Wine | 750ml","750",380
"Beverage","Casa Lo Matta Merlot | 750ml","750",327
"Beverage","Casa Lo Matta Cabarnet Sauvignon | 750ml","750",327
"Beverage","Bacardi Zombie | 750ml","750",797
"Beverage","Bacardi Rum Punch | 750ml","750",797
"Beverage","Lolea Sparkling Sangria Red | 750ml","750",700
"Beverage","Dewars 8YO Caribbean Smooth Whisky | 750ml","750",1140
"Beverage","Ballantines Finest Whisky | 700ml","700",589
"Beverage","Tanqueray Sevilla | 1L","1",1770
"Beverage","Ginto Barrel Aged Gin | 600ml","600",140
"Beverage","Tanduay Cocktails Green Margarita | 3L","3",420
"Beverage","Tanduay Cocktails Pinacolada | 3L","3",420
"Beverage","Tanduay Cocktails Strawberry Daiquiri | 3L","3",420
"Beverage","Novellino Sparkling Juice Red | 750ml","750",235
"Beverage","Twinings Cold Infuse Strawberry & Mint | 2.5g 12pcs","2.5",304.5
"Beverage","Twinings Cold Infuse Passion Fruit & Mango | 2.5g 12pcs","2.5",304.5
"Beverage","Twinings Cold Infuse Berry & Apple | 2.5g 12pcs","2.5",304.5
"Beverage","UCC Milk Coffee RTF Pet | 250ml","250",99.95
"Beverage","Jack Daniels Tennessee Honey | 700ml","700",1220
"Beverage","Tamnavulin Shery Cask Edition | 700ml","700",1687
"Beverage","Fettercairn 12YO Single Malt Whisky | 700ml","700",3650
"Beverage","UCC Black Coldbrew Coffe Rtd Pet | 500ml","500",104.5
"Beverage","Good Day Korean Melon Soju | 360ml","360",109.5
"Beverage","Good Day Korean Apple Soju | 360ml","360",109.5
"Beverage","Pacquiao 3in1 Coffee White Twinpack | 48g 5pcs","48",70
"Beverage","Pacquiao 3in1 Coffee Brown Twinpack | 48g 5pcs","48",70
"Beverage","Pacquiao 3in1 Coffee Original Twinpack | 48g 5pcs","48",70
"Beverage","Culture Blend Choco Mocha | 27g 7pcs","27",89.5
"Beverage","Culture Blend 3in1 American Blend | 20g 7pcs","20",89.5
"Beverage","Culture Blend White Coffee | 30g 7pcs","30",89.5
"Beverage","Squeezed 4 U Calamansi Concentrate | 750ml","750",349.5
"Beverage","Twinings Pure Green Tea | 2g 10pcs","2",139.5
"Beverage","Twinings Pure Camomile | 1g 10pcs","1",139.5
"Beverage","Twinings Lemon & Ginger | 1.5g 10pcs","1.5",139.5
"Beverage","Ucc Ice Creamy 3In1 Coffee Mix | 25g 10pcs","25",141.5
"Beverage","Lipton Mandarin Orange Red Tea | 1L","1",54.5
"Beverage","Lipton Lemon Black Tea | 1L","1",54.5
"Beverage","So Nice Original | 360ml","360",70
"Beverage","Rite N Lite Lychee | 250ml","250",29.95
"Beverage","Rite N Lite Calamansi | 250ml","250",29.95
"Beverage","Evina Turmeric And Kalamansi | 250g","250",134.5
"Beverage","Nestle Cucumber Lemonade | 140g","140",225
"Beverage","Aldi Turmeric Ginger Lemongrass Tea | 180g","180",149.5
"Beverage","Aldi Pureblend Gingerbrew | 500g","500",334.5
"Beverage","Aldi Pureblend Gingerbrew | 200g","200",134.5
"Beverage","Aldi Turmeric Ginger & Lemon Pouch | 500g","500",389.5
"Beverage","Aldi Turmeric Ginger & Lemon Grass | 14g 12pcs","14",197.5
"Beverage","Milo Active Go | 1kg","1",289.5
"Beverage","Rico Matcha Bubble Milk Tea 350g","350",53.5
"Beverage","Rico Taro Bubble Milk Tea 350g","350",53.5
"Beverage","Rico Bubble Milk Tea 350g","350",53.5
"Beverage","Rico Brown Sugar Bubble Milk Tea 350g","350",53.5
"Beverage","Evina Ins Tea Turmeric Cinamon | 12g 20pcs","12",138.95
"Beverage","Evina Instant Tea Ginger Strong | 12g 20pcs","12",196.5
"Beverage","Evina Ins Tea Ginger Lemongrass | 7g 20pcs","7",179.5
"Beverage","Evina Instant Tea Ginger Citrus | 12g 20pcs","12",138.95
"Beverage","Evina Ginger Tea Original | 12g 20pcs","12",138.95
"Beverage","Mountain Brew Barako Blend Ground | 250g","250",184.5
"Beverage","Mountain Brew Arabica Blend Ground | 250g","250",229.5
"Beverage","Elisha Sparkling Orange | 350ml","350",49.5
"Beverage","Elisha Sparkling Kiwi Watermelon | 350ml","350",49.5
"Beverage","Elisha Sparkling Green Apple | 350ml","350",49.5
"Beverage","Good Day Coffee Latte | 28g 10pcs","28",86.5
"Beverage","Ito En Oi Ocha Green Tea | 2g 20pcs","2",290
"Beverage","Twinnings Strawber Mango Tea | 2g 25pcs","2",339.5
"Beverage","Twinnings Lady Grey Tea | 2g 25pcs","2",329.5
"Beverage","Twinnings Wild Berry Tea | 2g 25pcs","2",329.5
"Beverage","May Sparkling Juice Apple | 750ml","750",229.95
"Beverage","Good Day Capuccino | 25g 30pcs","25",229.5
"Beverage","Del Monte Tipcp 100% Orange Mix | 1L","1",162.5
"Beverage","Starbucks Frappucino Coffee | 281ml","281",149.5
"Beverage","Locally Super Fruits Mangosteen | 1L","1",149.5
"Beverage","Twinnings Earl Grey Tea | 2g 10pcs","2",149.5
"Beverage","Twinnings Green Tea Jasmine | 1.8g 10pcs","1.8",149.5
"Beverage","Twinnings English Breakfast Tea | 2g 10pcs","2",149.5
"Beverage","San Mig Coffee Sugarfree White Tipid | 9g 20pcs","9",169.5
"Beverage","Harvey Fresh Juice Tropical | 1L","1",149.5
"Beverage","Harvey Fresh Juice Apple | 1L","1",149.5
"Beverage","Harvey Fresh Juice Orange | 1L","1",149.5
"Beverage","Locally Blended Juice Pink Guava | 1L","1",114.5
"Beverage","Fontana Juice Lemonade | 1L","1",107.95
"Beverage","Fontana Juice Grapefruit | 1L","1",107.95
"Beverage","Natures Spring Distilled Water | 10L","10",99.5
"Beverage","Dole Pineapple Juice | 1.36L","1.36",142.5
"Beverage","Energen Pandesal Mate | 30g 10pcs","30",94.5
"Beverage","Energen Champion Chocomalt Drink | 30g 10pcs","30",94.5
"Beverage","Tiger Beer Crystal Light Can | 500ml","500",91.5
"Beverage","Good Day Capuccino | 25g 10pcs","25",76.5
"Beverage","San Miguel Super Dry Beer Bottle | 330ml","330",79.5
"Beverage","Sunkist Premium Orange | 1L","1",99.5
"Beverage","Sunkist Premium Apple | 1L","1",89.5
"Beverage","Treetop Cranberry Juice | 330ml","330",94.5
"Beverage","Maya Champorado | 227g","227",74.5
"Beverage","Mogu Mogu Pink Guava | 320ml","320",45
"Beverage","Sarap Pinoy Champorado | 113.5g","113.5",36.75
"Beverage","Dole Pineapple Juice Unsweetened | 240ml","240",37.5
"Beverage","Locally Blended Juice Can Dalandan | 240ml","240",35.95
"Beverage","Locally Blended Juice Can Calamansi | 240ml","240",35.95
"Beverage","SmartC Juice Drink Pomelo Grapefruit | 350ml","350",27.5
"Beverage","SmartC Juice Drink Orange Crush | 350ml","350",27.5
"Beverage","SmartC Juice Drink Lemon Squeeze | 350ml","350",27.5
"Beverage","SmartC Juice Drink Dalandan Burst | 350ml","350",27.5
"Beverage","SmartC Juice Drink Calamansi Splash | 350ml","350",27.5
"Beverage","Natures Spring Ph 9.0 Alkaline | 1L","1",23.5
"Beverage","Yellow Tail Gold Moscato | 750ml","750",550
"Beverage","Tanduay Daiquiri | 700ml","700",140
"Beverage","Tanduay Dark & Stormy | 700ml","700",140
"Beverage","Good Day Friz Original | 240ml","240",37.5
"Beverage","Good Day Friz Orange | 240ml","240",37.5
"Beverage","Cobra Rise Lemon Blast | 290ml","290",21.5
"Beverage","Cobra Rise Blue Cola | 290ml","290",21.5
"Beverage","Charles & James Extra | 1L","1",450
"Beverage","C2 Dalandan Solo | 230ml","230",13.95
"Beverage","C2 Dalandan | 335ml","335",23.55
"Beverage","C2 Freeze Melon Solo | 335ml","335",23.55
"Beverage","C2 Freeze Melon Solo | 230ml","230",13.95
"Beverage","Martell XO Supreme Cognac | 700ml","700",12150
"Beverage","Absolut Swedish Vodka 40PF Blue | 1L","1",1060
"Beverage","Ceres Fruit Juice Orange | 1L","1",166.5
"Beverage","Happy Day Tetra Juice Apple | 1L","1",169.95
"Beverage","Happy Day Juice Orange | 1L","1",179.5
"Beverage","Happy Day Juice Multivitamin | 1L","1",169.95
"Beverage","Ceres Fruit Juice Cranberry & Kiwi | 1L","1",166.5
"Beverage","Ceres Tetra Fruit Juice Apple | 1L","1",166.5
"Beverage","Ceres Fruit Juice Red Grape | 1L","1",166.5
"Beverage","Fontana Juice Pomegranate Apple | 1L","1",126.5
"Beverage","UCC 3in1 Coffee Strong | 20g 10pcs","20",134.5
"Beverage","UCC 3in1 Coffee Regular | 20g 10pcs","20",134.5
"Beverage","UCC Roastmaster Dropcofee Sumiyaki | 8g 8pcs","8",234.5
"Beverage","UCC Roastmaster Dropcofee Italian Roast | 8g 8pcs","8",224.5
"Beverage","UCC Roastmaster Dropcofee Special Blend | 8g 8pcs","8",224.5
"Beverage","Jimms Roasted Ground Coffee| 250g","250",454.5
"Beverage","Mogu Mogu Cotton Candy | 320ml","320",45
"Beverage","Mogu Mogu Bubble Gum | 320ml","320",45
"Beverage","Nescafe 3In1 Creamy Latte | 20g 20pcs","20",185
"Beverage","Nestle Coffeemate Sachet | 5g 24pcs","5",50
"Beverage","Chivas Regal 12yo Scotch Whisky | 700ml","700",1049
"Beverage","Carlos 1 Solera Brandy | 700ml","700",1130
"Beverage","Stella Artois Prem Lager Beer | 310ml","310",125
"Beverage","Carlo Rossi California Red | 3L","3",1375
"Beverage","42 Below Vodka | 750ml","750",1116.28
"Beverage","Locally Blended Juice Mango | 1L","1",114.5
"Beverage","Fontana Juice Tomato | 1L","1",107.95
"Beverage","Fontana Juice Grape | 1L","1",107.95
"Beverage","Fontana Juice Apple | 1L","1",107.95
"Beverage","Fontana Juice Orange | 1L","1",107.95
"Beverage","Tsingtao Beer Can | 500ml","500",92
"Beverage","Sapporo Premium Bottled Beer | 330ml","330",111
"Beverage","Jameson Irish Whisky | 700ml","700",929
"Beverage","Absolut Swedish Vodka Kurant | 700ml","700",965
"Beverage","Absolut Swedish Vodka Citron | 700ml","700",875
"Beverage","Strong Zero Double Lemon | 350ml","350",105
"Beverage","Strong Zero Shekwasha | 350ml","350",105
"Beverage","Sapporo Premium Canned Beer | 330ml","330",106
"Beverage","Fundador Ultra Smooth | 1.75ml","1.75",972
"Beverage","Tequila Rose | 750ml","750",1155
"Beverage","Bacardi Apple | 750ml","750",850
"Beverage","Bacardi Lemon | 750ml","750",1175
"Beverage","Stella Artois Candy | 330ml","330",100
"Beverage","Martell Cordon Bleu | 700ml","700",10440
"Beverage","Jager Meister Liqueur | 700ml","700",870
"Beverage","Martini Prosecco | 750ml","750",965
"Beverage","Martini Rose | 750ml","750",965
"Beverage","Martini & Rossi Asti Spumante | 750ml","750",965
"Beverage","Alfonso 1 Brandy | 1.75L","1.75",965
"Beverage","Jose Cuervo Gold Espl Tequilla | 700ml","700",899
"Beverage","Beringer Fndrs Est Merlot | 750ml","750",985
"Beverage","Beringer Fndrs Est Cabernet Sauvignon | 750ml","750",985
"Beverage","Franzia California Red | 3L","3",999
"Beverage","Franzia Chillable Red | 3L","3",999
"Beverage","Jose Cuervo Classico Tequilla | 700ml","700",925
"Beverage","Two Oceans Sauvignon Merlot | 1.5L","1.5",965
"Beverage","Tanqueray London Dry Gin | 750ml","750",899
"Beverage","Montes Classic Series Cnet Sauvgnn | 750ml","750",1135
"Beverage","Montes Classic Series Merlot | 750ml","750",1135
"Beverage","Absolut Swedish Vodka 40PF Blue | 700ml","700",790
"Beverage","Stoli Chnaya Vodka | 750ml","750",590
"Beverage","Natures Spring PH9.0 Alakaline | 6L","6",91.5
"Beverage","Hoegaarden White Can | 330ml","330",103
"Beverage","Jacobs Creek Merlot | 750ml","750",530
"Beverage","Fundador Gold Reserve | 700ml","700",740
"Beverage","Martini Rossi Vermouth Rosso | 1L","1",975
"Beverage","Kahlua Liquiour | 700ml","700",760
"Beverage","Jacobs Creek Shiraz Cabernet | 750ml","750",530
"Beverage","San Miguel Bottle Premium Malt Beer | 330ml","330",79.5
"Beverage","Gatorade Sports Drink Pet Blue Bolt | 900ml","900",75.95
"Beverage","Bacardi Black | 750ml","750",960
"Beverage","Tanduay Rhum 5yo 80PF | 375ml","375",79
"Beverage","San Miguel Bottle Cerverza Negra | 330ml","330",79.5
"Beverage","Fundador Double Light | 1.75ml","1.75",695
"Beverage","Fundador Light | 1.75L","1.75",695
"Beverage","Chivas Regal Prem Scotch Whisky | 4.5L","4.5",8180
"Beverage","Jim Beam White 5yo Bourbon Whisky | 750ml","750",892
"Beverage","Bacardi Cranberry Rhum Mixed | 275ml","275",89
"Beverage","Chivas Regal Ryl Slte Scotch Whisky | 700ml","700",9000
"Beverage","Budweiser Can | 330ml","330",73
"Beverage","Mug Root Beer | 1.5L","1.5",65.95
"Beverage","Bacardi Mojito Classic | 750ml","750",797
"Beverage","Carlo Rossi Sweet Red | 1.5L","1.5",782
"Beverage","Carlo Rossi Red Muscat Wine | 1.5L","1.5",782
"Beverage","Carlo Rossi Spanada Sangria | 1.5L","1.5",782
"Beverage","Carlo Rossi Burgundy Red | 1.5L","1.5",782
"Beverage","So Nice Green Grape Soju | 360ml","360",70
"Beverage","So Nice Grapefruit Soju | 360ml","360",70
"Beverage","The Bar Pink Gin | 355ml","355",70
"Beverage","GSM Blue Light Gin | 350ml","350",69
"Beverage","Ginebra San Miguel Frasquito | 350ml","350",80
"Beverage","Mirinda Orange | 1.5L","1.5",64.5
"Beverage","Ginebra San Miguel Round | 350ml","350",77
"Beverage","Woodbridge Merlot | 750ml","750",790
"Beverage","Woodbridge Cabernet Sauvignon | 750ml","750",790
"Beverage","Woodbridge California Red Zinfandel | 750ml","750",790
"Beverage","Baileys Irish Cream | 700ml","700",850
"Beverage","SM Bonus Creamer Cannister | 3g 40pcs","3",64.5
"Beverage","Alfonso I Light | 1.75L","1.75",675
"Beverage","Budweiser | 330ml","330",79
"Beverage","Remy Martin Club | 700ml","700",5795
"Beverage","Bacardi Superior | 750ml","750",689
"Beverage","Bacardi Gold | 750ml","750",689
"Beverage","The Macallan 12yo Double Cask | 700ml","700",6750
"Beverage","Themacallan Snglmlt Sctch Yo 12yo | 700ml","700",8000
"Beverage","Kopiko Creamy Caramelo Twinpack | 50g 5pcs","50",71.5
"Beverage","Fundador Supremo 15yo | 1L","1",5545
"Beverage","Johnnie Walker Red Label Scotch Whisky | 700ml","700",599
"Beverage","Fundador Ultra Smooth | 1L","1",575
"Beverage","San Miguel Bottled Beer Zero | 330ml","330",61
"Beverage","Jamaica Lime Juice | 350ml","350",55
"Beverage","Yellow Tail Red Moscato | 750ml","750",550
"Beverage","Yellow Tail Moscato | 750ml","750",520
"Beverage","Yellow Tail Shiraz | 750ml","750",550
"Beverage","Yellow Tail Cabernet Sauvignon | 750ml","750",550
"Beverage","Yellow Tail Pink Moscato | 750ml","750",550
"Beverage","Tanduay Rhum 5y | 250ml","250",60
"Beverage","Club Mix Lime Juice | 350ml","350",56
"Beverage","Smirnoff Vodka Green Apple | 700ml","700",640
"Beverage","Treetop Canned Juice Apple | 320ml","320",59.95
"Beverage","Two Oceans Caberne Svgnon Merlot | 750ml","750",445
"Beverage","Smart C Juice Drink Pomelo | 1L","1",56.5
"Beverage","Smart C Juice Drink Lemon | 1L","1",56.5
"Beverage","San Mig Beer | 330ml","330",51.5
"Beverage","Ginebra San Miguel Angelito | 250ml","250",62
"Beverage","William Lawsons Blended Scotch Whisky | 750ml","750",620
"Beverage","Tanduay Premium 15yo Rhum | 700ml","700",463
"Beverage","Smirnoff Red Vodka | 700ml","700",600
"Beverage","Barefoot Sweet Red | 750ml","750",484
"Beverage","Barefoot Sauvignon Blanc | 750ml","750",484
"Beverage","Barefoot Red Moscato | 750ml","750",484
"Beverage","Barefoot Cabernet Sauvignon | 750ml","750",484
"Beverage","Terra Vega Cbernet Sauvignon Sweet Wine | 750ml","750",523
"Beverage","Johnnie Walker Black Scotch Whisky | 3L","3",5250
"Beverage","Imperial Blue Superior Whisky | 1L","1",428
"Beverage","Beringer Chardonnay | 750ml","750",575
"Beverage","Beringer Cabernet Sauvignon | 750ml","750",545
"Beverage","Hardy's Stamp Cabernet Merlot | 750ml","750",525
"Beverage","Beringer White Zinfandel | 750ml","750",575
"Beverage","Glenfidich Single Malt 18yo | 700ml","700",6275
"Beverage","Gossips Sweet Lips Pink Moscato | 750ml","750",510
"Beverage","Gossips Sweet Lip Dolcetto & Syrah | 750ml","750",510
"Beverage","Gossips Sweet Lips Wine | 750ml","750",510
"Beverage","Gossips Melot | 750ml","750",510
"Beverage","Gossips Cabernet Sauvignon | 750ml","750",510
"Beverage","Gossips Shiraz | 750ml","750",510
"Beverage","Terra Vega Merlot | 750ml","750",483
"Beverage","Terra Vega Cabernet Sauvignon | 750ml","750",483
"Beverage","Fundador Ultra Smooth | 700ml","700",425
"Beverage","Singleton Singlemalt Whisky 18yo | 700ml","700",6240
"Beverage","J Walker Gold Label Reserve | 1.75L","1.75",5275
"Beverage","Fundador Supremo 12yo | 1L","1",3885
"Beverage","Jose Cuervo Margarita Mix | 1L","1",382
"Beverage","Arbor Mist Blackberry Merlot | 750ml","750",433
"Beverage","Arbor Mist Red Moscato Cherry | 750ml","750",433
"Beverage","Hardy's Varietal Range Moscato | 750ml","750",460
"Beverage","Hardy's Varietal Range Cabernet Sauvignon | 750ml","750",460
"Beverage","Hardy's Varietal Range Merlot | 750ml","750",460
"Beverage","Hardy's Varietal Range Chardonnay | 750ml","750",460
"Beverage","Hardy's Varietal Range Shiraz | 750ml","750",460
"Beverage","Mogu Mogu Melon | 320ml","320",45
"Beverage","Alfonso 1 Solera Brandy | 700ml","700",405
"Beverage","Novellino Rosso Vivace | 750ml","750",375
"Beverage","Novellino Bianco Vivace | 750ml","750",375
"Beverage","Novellino Rosso Vivace Light | 750ml","750",375
"Beverage","Gilbey's Premium Vodka | 1L","1",385
"Beverage","Lipton Yellow Label Tea | 2g 100pcs","2",524.5
"Beverage","Tanduay Rhum 12yo Superior | 700ml","700",340
"Beverage","Mompo Mass Wine | 750ml","750",415
"Beverage","Henessy Vsop Cognac | 700ml","700",3860
"Beverage","Maya Champorado | 113.5g","113.5",40
"Beverage","Frontera Moscato | 750ml","750",417
"Beverage","Frontera Chardonnay | 750ml","750",417
"Beverage","Frontera Merlot | 750ml","750",417
"Beverage","Viã A Sta Crlna Antres Crbnt Svgnn | 750ml","750",365
"Beverage","Viã A Sta Crlna Antares Merlot | 750ml","750",365
"Beverage","Wild Vines Blackberry Merlot | 750ml","750",363
"Beverage","Gatorade Blue Bolt | 350ml","350",36.5
"Beverage","Alfonso 1 Zero | 1L","1",355
"Beverage","Emperador Double Light | 1.5L","1.5",315
"Beverage","Emperador Light | 1.5L","1.5",378
"Beverage","Twinings Greentea Forst Fruits | 1.5g 25pcs","1.5",324.5
"Beverage","El Hombre Tequilla Gold | 700ml","700",334
"Beverage","Glenfidich Single Malt 15yo | 700ml","700",4225
"Beverage","Gilbey's Gin Smoother Blend | 1L","1",345
"Beverage","Chamdor Peach | 750ml","750",375
"Beverage","Fundador Double Light | 700ml","700",300
"Beverage","Fundador Light | 700ml","700",286
"Beverage","Remy Martin Vsop | 700ml","700",3840
"Beverage","Alhambra Solera Light | 1L","1",290
"Beverage","Tres Cepas Light Brandy | 1L","1",324
"Beverage","Mojitos Gold Tequila | 750ml","750",317
"Beverage","Twinnings Green Tea Mint | 1.5g 25pcs","1.5",339.5
"Beverage","Twinings Green Tea Jasmine | 1.8g 25pcs","1.8",339.5
"Beverage","Napoleon Brandy Vsop 80PF | 750ml","750",286
"Beverage","Twinnings English Brkfast Tea | 2g 25pcs","2",329.5
"Beverage","Novellino Strawberry Passion | 750ml","750",311
"Beverage","Novellino Wild Blacberry | 750ml","750",296
"Beverage","Novellino Bianco Classico | 750ml","750",311
"Beverage","Novellino Rosso Classico Light | 750ml","750",311
"Beverage","Novellino Strawberry Passion Light | 750ml","750",311
"Beverage","Novellino Rossita Dizionale | 750ml","750",311
"Beverage","Novellino Luscious Peach | 750ml","750",311
"Beverage","Chivas Regal 18yo | 700ml","700",2799
"Beverage","Franzia California Red | 750ml","750",364
"Beverage","Jinro Soju | 700ml","700",315
"Beverage","Gilbey's Premium Vodka | 700ml","700",305
"Beverage","Emperador Light Imported | 1L","1",287
"Beverage","Johnnie Walker 18yo | 750ml","750",3820
"Beverage","Novellino Sangria | 750ml","750",282
"Beverage","C2 Milktea Caramel | 270ml","270",34.5
"Beverage","C2 Milktea Wintermelon | 270ml","270",34.5
"Beverage","Treetop Cranberry Juice | 2L","2",339.5
"Beverage","Santa Carolina Red Wine | 750ml","750",300
"Beverage","Locally Blended Juice Can Guyabano | 240ml","240",35.95
"Beverage","Gilbey's Gin Smoother Blend | 700ml","700",276
"Beverage","Alfonso 1 Light Brand | 700ml","700",275
"Beverage","Tanduay Rhum 5YO 80PF | 1L","1",253
"Beverage","Smirnoff Red Vodka | 350ml","350",305
"Beverage","Dona Elena Sweet Red Wine | 750ml","750",275
"Beverage","Zafiro Strawberry | 700ml","700",325
"Beverage","Zafiro Premium Gin | 700ml","700",315
"Beverage","Jinro Soju Light | 750ml","750",225
"Beverage","Vino Fontana Red Wine | 750ml","750",295
"Beverage","Mojitos Silver Tequila | 750ml","750",246
"Beverage","Margarita Queen | 750ml","750",243
"Beverage","Johnnie Walker Gold Label Reserve | 1L","1",2435
"Beverage","Doña Elena Red Wine | 750ml","750",264
"Beverage","Dona Elena White Wine | 750ml","750",264
"Beverage","Grey Goose Vodka | 750ml","750",2815
"Beverage","Glenfidich Scotch Whisky 12yo | 700ml","700",2845
"Beverage","Johnnie Walker Red Label | 3L","3",2450
"Beverage","El Hombre Tequilla | 700ml","700",240
"Beverage","Rossa Mia Sangria | 1L","1",220
"Beverage","Treetop Pet Juice Apple | 2L","2",269.5
"Beverage","Henessy Very Special | 700ml","700",2060
"Beverage","Emperador Deluxe | 700ml","700",192
"Beverage","Maria Clara Sangria 20PF | 750ml","750",206
"Beverage","Ginebra San Miguel Premium Gin | 750ml","750",245
"Beverage","Fundador Exclusivo | 700ml","700",1919
"Beverage","Jager Meister Liqueur | 1.75L","1.75",2000
"Beverage","UCC 3in1 Coffee Regular | 20g 20pcs","20",249.5
"Beverage","UCC 3in1 Coffee Strong | 20g 20pcs","20",249.5
"Beverage","Jack Daniels Tennesse Whisky | 1L","1",1780
"Beverage","Singleton Singlemalt | 700ml","700",2055
"Beverage","Toska Vodka | 700ml","700",248
"Beverage","G Taste Ice Coffee Choco Mocha | 200ml","200",23.5
"Beverage","G Taste Ice Coffee Caramel Macchiato | 200ml","200",23.5
"Beverage","Great Taste Iced Coffee Vanilla Latte | 200ml","200",23.5
"Beverage","White Castle 69 Whisky | 700ml","700",199
"Beverage","Emperador Double Light | 1L","1",197
"Beverage","Don Papa Rum | 700ml","700",1855
"Beverage","Montes Alpha Cabernet Sauvignon | 750ml","750",1855
"Beverage","Montes Alpha Syrah | 750ml","750",1855
"Beverage","Johnnie Walker Double Black | 700ml","700",1409
"Beverage","Jack Daniels Tennesse Whisky | 700ml","700",1265
"Beverage","Dewars Scotch Whisky 15yo | 750ml","750",2070
"Beverage","Emperador Gold Brandy | 750ml","750",130
"Beverage","Chivas Regal 12Yo Scotch Whisky | 1L","1",1169
"Beverage","Locally Super Fruits Passion Fruit | 1L","1",149.5
"Beverage","Locally Super Fruits Dragonfruit | 1L","1",149.5
"Beverage","Carlo Rossi Burgundy Red | 4L","4",1780
"Beverage","Tanduay Rhum 5yo 80PF | 750ml","750",145
"Beverage","Tanduay White Premium Rhum | 750ml","750",143
"Beverage","Dewars Scotch Whisky 12yo | 750ml","750",1099
"Beverage","Hoegaarden Rosee Can | 330ml","330",130
"Beverage","Natures Spring Ph9.0 Alkaline | 500ml","500",15.5
"Beverage","Tanduay Select Blended Rum | 700ml","700",140
"Beverage","Ginebra San Miguel Frasco | 700ml","700",152
"Beverage","Emperador Double Light | 750ml","750",153
"Beverage","Emperador Brandy Light | 750ml","750",153
"Beverage","Emperador Brandy | 750ml","750",153
"Beverage","Henessy XO Cognac | 700ml","700",13830
"Beverage","GSM Blue Flavors Gin Margarita | 700ml","700",152
"Beverage","GSM Mojito Flavored Spirit | 700ml","700",140
"Beverage","GSM Blue Light Gin | 700ml","700",128
"Beverage","GSM Blue Flavors Gin Pomelo | 700ml","700",152
"Beverage","Mogu Mogu Stawberry Juice | 1L","1",129.5
"Beverage","Mogu Mogu Grape Juice | 1L","1",129.5
"Beverage","Johnnie Walker Red Label | 1.75L","1.75",1295
"Beverage","Hoegaarden Rosee Can | 248ml","248",112
"Beverage","Bombay Sapphire | 750ml","750",1090
"Beverage","Fontana Juice Cranberry | 1L","1",126.5
"Beverage","Goodday Korean Cherry Soju | 360ml","360",109.5
"Beverage","Goodday Korean Green Grape Soju | 360ml","360",109.5
"Beverage","Goodday Korean Peach Soju | 360ml","360",109.5
"Beverage","Goodday Korean Original Soju | 350ml","350",99.5
"Beverage","Jose Cuervo Gold Espl Tequilla | 1L","1",1230
"Beverage","Jim Beam Black 6yo Bourbon Whisky | 750ml","750",1070
"Beverage","Jinro Green Grape | 360ml","360",113
"Beverage","Jinro Grapefruit | 360ml","360",113
"Beverage","Jinro Chamisul Soju Classic | 360ml","360",120
"Beverage","Jinro Chamisul Soju Fresh | 360ml","360",120
"Beverage","The Bar Fruity Mix Green Grape | 700ml","700",132
"Beverage","The Bar Fruity Mix P Grapefruit | 700ml","700",132
"Beverage","The Bar Pink Gin | 700ml","700",138
"Beverage","The Bar Lime Gin | 700ml","700",138
"Beverage","The Bar Premium Dry Gin | 700ml","700",138
"Beverage","Corona Extra Beer | 330ml","330",96
"Beverage","Tanduay Rhum Light | 750ml","750",129
"Beverage","Happy Day Juice Tomato | 1L","1",169.5
"Beverage","Remy Martin XO Excellence | 700ml","700",13405
"Beverage","Tsingtao Beer | 640ml","640",129
"Beverage","Batangas Pure Cacao | 100g","100",132.5
"Beverage","Locally Blended Juice Dalandan Tetra | 1L","1",100
"Beverage","Natures Spring Distilled Water | 6.6L","6.6",79.5
"Beverage","SM Bonus Creamer Cannister | 3g 50pcs","3",67.5
"Beverage","Hersheys Cocoa | 453g","453",614.5
"Beverage","San Miguel Beer Can Lychee | 330ml","330",54.5
"Beverage","Blend 45 Coffee 3in1 | 18g 10pcs","18",52
"Beverage","Nescafe Gold Intense | 100g","100",319.5
"Beverage","Sola Iced Tea Lemon | 250ml","250",44.5
"Beverage","Sola Iced Tea Raspberry | 250ml","250",44.5
"Beverage","Sprite Pet | 500ml","500",37.95
"Beverage","Squeezed U Ginger Juice Conc | 500ml","500",364.5
"Beverage","Royal Can Tru Grape | 330ml","330",37.5
"Beverage","Real Leaf Frutcy Icedtea Lemonice | 480ml","480",24.5
"Beverage","Tang Powder Juice Lychee | 20g","20",21
"Beverage","Blend 45 Coffee | 25g","25",22.5
"Beverage","Zest O Fresh Pick Apple Juice | 200ml","200",11.5
"Beverage","May Sparkling Juice White | 750ml","750",229.95
"Beverage","May Sparkling Juice Red | 750ml","750",229.95
"Beverage","OVALTINE-ALL IN ONE_POWDER-840g","840",264.5
"Beverage","Nescafe Gold Blend | 50g","50",164.5
"Beverage","Kopiko Cafe Blanca Mini Bag | 30g 10pcs","30",89.5
"Beverage","Great Taste White Caramel | 30g 10pcs","30",89.5
"Beverage","Great Taste Brown Barako | 30g 10pcs","30",89.5
"Beverage","BIG-250 DRINK_PINEAPPLE -250ml","250",10.25
"Beverage","Big 250 Drink Guyabano | 250ml","250",1
"Beverage","Big 250 Drink Grape | 250ml","250",1
"Beverage","Ricoa Cocoa | 1kg","1",902.5
"Beverage","Lipton Yellow Label Tea | 2g 25pcs","2",164.5
"Beverage","Golden Spoon Salabat | 360g","360",144.95
"Beverage","Tiger Beer Crystal Light Can | 330mL","330",59.5
"Beverage","Mogu Mogu Juice Lychee | 1L","1",129.5
"Beverage","Mogu Mogu Juice Coconut | 1L","1",129.5
"Beverage","Squeezed 4 U Dalandan Concentrate | 750ml","750",349.5
"Beverage","Happy Day Tetra Juice Cranberrry1 | 1L","1",174.5
"Beverage","GOOD DAY KOREAN BLUEBERRY SOJU 360ml","360",109.5
"Beverage","NOVELLINO ROSSO CLASSICO 750ML","750",311
"Beverage","FRONTERA CABERNET SAUVIGNON 750ML","750",417
"Beverage","Fundador Brandy | 700ml","700",473
"Beverage","GREAT TASTE WHITE CREMA 30g 10s","30",89.5
"Beverage","Nescafe Gold Sticks |2g 10pcs","2",84.75
"Beverage","Thirstless Orange |199ml","199",7.5
"Beverage","Thirstless Apple |199ml","199",7.5
"Beverage","Teazle Zero Yuja And Green Tea | 500ml","500",74.5
"Beverage","Teazle Zero Strawberry And Rooibos | 500ml","500",74.5
"Beverage","Teazle Zero Peach And Oolong Tea | 500ml","500",74.5
"Beverage","Teazle Zero Peach And Earl Grey | 500ml","500",74.5
"Beverage","Teazle Zero Grape Fruit And Black Tea Flavor | 500ml","500",74.5
"Beverage","Kweichow Moutai Bulao Wf | 125ml","125",4420
"Beverage","Kweichow Moutai Bulao Blue Vintage | 500ml","500",19550
"Beverage","Nestle Coffeemate | 150g","150",54.5
"Beverage","Nutriboost Straw Save P3.00 | 110ml 4pcs","110",49
"Beverage","Lipton Green Tea | 1.5g 25pcs","1.5",239.5
"Beverage","Royal Tru Orange | 180ml 6pcs","180",139.5
"Beverage","Sprite Regular | 180ml 6pcs","180",139.5
"Beverage","Tarami Konjac Jelly Pouch Mango | 150g","150",99.5
"Beverage","Tarami Konjac Jelly Pouch Grapes | 150g","150",99.5
"Beverage","C2 Green Tea Apple Sugarfree | 335ml","335",26.5
"Beverage","Absolut Sprite 7% | 320ml","320",56
"Beverage","Lotte Starlight Chungha Grape | 295ml","295",179.5
"Beverage","Lotte Rose Chungha Apple | 295ml","295",179.5
"Beverage","Royal Tru Orange Zero Sugar | 1.5L","1.5",67.5
"Beverage","Tampico Strawberry Banana Drink | 1L","1",65.95
"Beverage","Tampico Apple Drink | 237ml","237",23.5
"Beverage","Tampico Strawberry Banana Drink | 237ml","237",23.5
"Beverage","Tampico Zero Sugar Citrus Drink | 237ml","237",23.5
"Beverage","Yellowtail Merlot | 750ml","750",550
"Beverage","Tang Iced Tea Lemon | 25g","25",20
"Beverage","Tang Iced Tea Apple | 25g","25",20
"Beverage","Lipton Green Tea | 1.5g 10tea bags","1.5",108.5
"Beverage","Kopiko Blanca 3-in-1 Coffee Mix | 30g 30pcs","30",268.5
"Beverage","Great Taste Premium Blend Coffee Black | 50g","50",51.5
"Beverage","Natural One Juice Grape Apple | 900ml","900",175
"Beverage","Floridas Ornge W Cal Vit D Sme Pulp | 1.5L","1.5",340
"Beverage","Floridas Orange W Cal Vit D No Pulp | 1.5L","1.5",340
"Beverage","Floridas Orange Juice Some Pulp | 1.5L","1.5",340
"Beverage","Rossa Mia Sangria Hamper | 1L 2pcs","1",440
"Beverage","Riunite Lambrusco Red | 750ml","750",460
"Beverage","Golden A Juice Concentrate Four Seasons | 500ml","500",249.5
"Beverage","Golden A Juice Concentrate Mango | 500ml","500",239.5
"Beverage","Golden A Juice Concentrate Tea Calamansi | 500ml","500",189.5
"Beverage","Golden A Juice Concentrate Sago't Gulaman | 500ml","500",184.5
"Beverage","Smart C Calamansi Drink | 1L","1",56.5
"Beverage","Wang Lo Kat Sweet Herbal Tea | 310ml","310",48.5
"Beverage","Sip Plus Original Grape Fruit | 500ml","500",39.5
"Beverage","Sip Plus Honey Yuzu | 500ml","500",39.5
"Beverage","Sip Plus Original Grape Fruit | 350ml","350",34.5
"Beverage","Sip Plus Honey Yuzu | 350ml","350",34.5
"Beverage","Tang Disney Strawberry Lemonade | 19g","19",22.5
"Beverage","Tang Disney Mixed Berries Lemonade | 19g","19",22.5
"Beverage","Vida C Lemon | 325ml","325",44.5
"Beverage","Vida C Orange | 325ml","325",44.5
"Beverage","Tita Lulu Instant Ube Champorado | 55g","55",36.5
"Beverage","Royal Can True Orange Zero Sugar | 320ml","320",37.5
"Beverage","Jiggels Jelly Juice Strawberry | 220ml","220",10.95
"Beverage","Jiggels Jelly Juice Orange | 220ml","220",10.95
"Beverage","Gaya Farm Well Grown Tomato | 1.5L","1.5",179.5
"Beverage","C Vitt Orange Vitamin Drink | 140ml","140",32.5
"Beverage","C Vitt Lemon Vitamin Drink | 140ml","140",32.5
"Beverage","Dutchmill Blueberry | 90ml 4pcs","90",47.5
"Beverage","Dutchmill Orange | 90ml 4pcs","90",47.5
"Beverage","Tang Fruit Plus Orange | 14g","14",26.5
"Beverage","Starbucks Double Shot Mocha | 220ml","220",89.5
"Beverage","Great Taste 3In1 Orig Twinpack | 33g 5pcs","33",45.25
"Beverage","Great Taste 3 In 1 Cream O Twin Pack | 56g 5pcs","56",82.5
"Beverage","Great Taste 3 In 1 Brown Barako Twin Pack | 52g 5pcs","52",69.5
"Beverage","Equal NSA Mocha Coffee | 15g 10pcs","15",229.5
"Beverage","Equal NSA Classic Espresso | 15g 10pcs","15",229.5
"Beverage","Equal NSA Caramel Latte Coffee | 15g 10pcs","15",229.5
"Beverage","Equal NSA Americano Coffee | 15g 10pcs","15",229.5
"Beverage","Silca Coffee Espresso Blend | 250g","250",325
"Beverage","San Miguel Beer Lychee | 330ml 6pcs","330",330
"Beverage","San Miguel Beer Apple | 330ml 6pcs","330",330
"Beverage","Milo Active Go With free Mug | 1Kg","1",289.5
"Beverage","Lipton Lemon Zero Sugar | 450ml","450",27.95
"Beverage","DM Fit N Right Green Apple 330ml","330",34
"Beverage","DM Fit N Right Green Apple | 1L","1",89.5
"Beverage","A&W Rootbeer | 320ml","320",37.5
