Category,Name,Net weight,Price
"Snacks","M.Y. San SkyFlakes Crackers | 25g 10pcs","25",64.5
"Snacks","Rebisco Sandwich Cracker Choco | 32g 10pcs","32",69.95
"Snacks","Regent Cheese Ring | 60g","60",18.5
"Snacks","Goldilocks Polvoron Pinipig | 300g 12pcs","300",199.5
"Snacks","Fibisco Choco Mallows | 100g","100",43.5
"Snacks","Oishi Pillows Chocolate | 38g","38",10.5
"Snacks","Nissin Wafer Choco | 12g 20pcs","12",50.5
"Snacks","Growers Salted Pistachio Nuts | 80g","80",144.5
"Snacks","Presto Creams Choco Peanut Butter | 30g 10pcs","30",68.5
"Snacks","Wl Muncher Nuts Orig Green Peas | 70g","70",16.95
"Snacks","BOY BAWANG MIXED NUTS GARLIC 100G","100",40.75
"Snacks","Goldilocks Polvoron Classic | 300g 12pcs","300",189.75
"Snacks","Nissin Butter Coconut | 14g 12pcs","14",44.5
"Snacks","Sunflower Crackers Plain | 10pcs","10",71.5
"Snacks","Mentos Fruit Mix | 135g 50pcs","135",46.5
"Snacks","Frutos Doublicious Candy | 50pcs","50",43.5
"Snacks","SM Bonus Marshmallows | 200g","200",51.5
"Snacks","Oishi Sponge Crunch Choco Soaked Snack | 30g","30",10.5
"Snacks","Martys Crackling Vegetable Chicharon Salt Vinegar | 26g","26",7.95
"Snacks","Jack & Jill Maxx Candy Honey Lemon | 50pcs","50",47.5
"Snacks","Frooty Twin Lollipop | 20pcs","20",28.5
"Snacks","Oishi Prawn Crackers Spicy | 90g","90",27.5
"Snacks","Presto Creams Choco | 30g 10pcs","30",68.5
"Snacks","Stick-O Wafer Stick Choco | 850g","850",169
"Snacks","Goldilocks Classic Polvoron | 600g 24pcs","600",374.5
"Snacks","Lemon Square Milkie Chocolate Biscuit | 127g 10pcs","127",67.5
"Snacks","WL Tattoos Corn Chips Spicy Pizza | 58g","58",8.5
"Snacks","Danish Strawberry Sandwich | 25g 10pcs","25",66.5
"Snacks","Oreo Chocolate | 29.4g 9pcs","29.4",77.95
"Snacks","Jack&Jill Nips Choco Malt | 40g","40",21.5
"Snacks","Ricoa Curly Tops | 24pcs","24",52.5
"Snacks","Phil Brand Mango Chocolate | 120g","120",389.5
"Snacks","Cocoa Monster Chocolate Mango Cubes | 170g","170",274.5
"Snacks","Chocovron Bitseize Crisped Rice | 80g","80",75
"Snacks","Nutella B Ready T6 | 132g","132",189.5
"Snacks","M.Y. San Fita Crackers | 30g","30",64.5
"Snacks","Nissin Bread Stix | 20g 10pcs","20",69.5
"Snacks","Oishi Bread Pan Cheese and Onion | 24g","24",7.95
"Snacks","Jack & Jill Nova Country Cheddar | 38g","38",19.25
"Snacks","Jack & Jill Piattos Sour Cream and Onion | 40g","40",17.95
"Snacks","Nissin Egg Nog Cookies | 18g 10pcs","18",69.5
"Snacks","Ricoa Flat Tops | 100pcs","100",194.5
"Snacks","Jack & Jill Mr. Chips Nacho Cheese | 98g","98",20.95
"Snacks","Jack & Jill VCut Potato Chips Spicy BBQ | 25g","25",19.5
"Snacks","Oishi Cracklings Salt & Vinegar | 50g","50",16.95
"Snacks","Jack & Jill Vcut Potato Chips Spicy Barbecue | 60g","60",34.5
"Snacks","Cream-O Chocolate Sandwich Cookes Choco | 30g 10pcs","30",74.5
"Snacks","Oishi Bread Pan Cheese and Onion | 42g","42",13.95
"Snacks","Oreo Vanilla | 29.4g 9pcs","29.4",77.95
"Snacks","Jack & Jill Piattos Cheese | 85g","85",35.95
"Snacks","Jack & Jill Mr. Chips Nacho Cheese | 24g","24",6.95
"Snacks","Gardenia Toasties | 30g 10pcs","30",75
"Snacks","Rebisco Hansel Plain | 32g 10pcs","32",69.95
"Snacks","Jack & Jill Nova Country Cheddar | 78g","78",34.5
"Snacks","Oishi Bread Pan Buttered Toast | 24g","24",7.95
"Snacks","Tomi Super Sweet Corn | 110g","110",27.95
"Snacks","Rebisco Dingdong Mixed Nut | 100g","100",24.5
"Snacks","Regent Snacku Vegetable Crackers | 60g","60",18.5
"Snacks","Jack & Jill Dewberry Strawberry N Cream | 33g 10pcs","33",85
"Snacks","Choc Nut Peanut Milk Chocolate | 24pcs","24",54.5
"Snacks","Oreo Strawberry | 29.4g 9pcs","29.4",77.95
"Snacks","Leslie Cheezy Cheezy | 70g","70",32.5
"Snacks","Rebisco Sandwich Cracker Strawberry | 10pcs","10",69.95
"Snacks","Cream-O Crinkles | 30g 10pcs","30",79.5
"Snacks","Hello Wafer Chocolate | 15g 10pcs","15",60
"Snacks","Chiz Curls | 18g","18",7.95
"Snacks","Fibisco The Ultimate Chocolate Chip Cookies | 600g Tin","600",259.95
"Snacks","Ricoa Flat Tops | 30pcs","30",59.5
"Snacks","Pinnacle Crisscross Creamy Cheese | 20g","20",6.95
"Snacks","M.Y. San SkyFlakes Crackers Condensada | 30g 10pcs","30",72.5
"Snacks","Rebisco Happy Nuts Garlic | 100g","100",36.5
"Snacks","Clover Chips Cheese | 55g","55",28.5
"Snacks","Rebisco Combi Triple Choco | 30g 10pcs","30",71.5
"Snacks","Dewberry Blueberrie 'N Cream | 33g 10pcs","33",85
"Snacks","Choco Crunchies Chocolate Covered Biscuits | 200g","200",81.5
"Snacks","Jack & Jill Cloud 9 Classic | 7g 36pcs","7",87.5
"Snacks","Jack & JIll Chippy BBQ | 108g","108",26.5
"Snacks","Crispy Patata Baked Potato | 24g","24",7.95
"Snacks","Rebisco Sandwich Flavor Bunch | 31g 10pcs","31",69.95
"Snacks","Milo Champ Bites | 15g","15",8.95
"Snacks","Oishi Kirei Yummy Flakes Shrimp Flavor | 45g","45",19.5
"Snacks","M.Y. San SkyFlakes Crackers | 900g","900",214.5
"Snacks","Tortillos BBQ | 100g","100",27.5
"Snacks","Smartfood Popcorn White Cheddar | 155.9g","155.9",109.95
"Snacks","Honey Butter Potato Chips | 60g","60",47.5
"Snacks","Moby Caramel Puffs | 60g","60",15.25
"Snacks","M.Y. San Skyflakes Fit Oat Fiber | 25g 10pcs","25",77.5
"Snacks","Oishi Onion Rings | 16g","16",7.95
"Snacks","Roller Coaster Cheddar Cheese | 85g","85",26.5
"Snacks","Pic A Ultimate Cheddar | 90g","90",38.95
"Snacks","Jack & Jill Piattos Roadhouse BBQ | 40g","40",19.5
"Snacks","Lotte Foods Lucheon Meat Chicken | 340g","340",147.5
"Snacks","Oishi Bread Pan White Cheddar Cheese | 24g","24",7.95
"Snacks","Jack & Jill Dewberry Blueberry Cheesecake | 33g 10pcs","33",85
"Snacks","M.Y. San Butter Cookies | 800g","800",339.5
"Snacks","Happy Nuts Salted | 5g 20pcs","5",24.5
"Snacks","M.Y. San Fita Crackers | 600g","600",214.5
"Snacks","Rebisco Bravo Biscuit | 10pcs","10",69.95
"Snacks","Loaded Choco Filled | 32g","32",9.5
"Snacks","Boy Bawang Garlic Garlic | 100g","100",18
"Snacks","Sumo Mini Sandwich Cookies Cream | 20g 10pcs","20",69.5
"Snacks","Potchi Gummikendi Strawberry Cream | 50pcs","50",43.5
"Snacks","Kit Kat Wafer | 17g 6pcs","17",90
"Snacks","Oishi Prawn Crackers Spicy | 60g","60",18.5
"Snacks","Quaker Mini Oaties Honey Nuts | 28g","28",14.5
"Snacks","Oishi Bread Pan Buttered Toast Flavor | 42g","42",13.95
"Snacks","Pringles Original | 107g can","107",92.5
"Snacks","Mentos Mint Candy | 135g 50pcs","135",46.5
"Snacks","MAGIC FLAKES FLAVORED CRACKER CHEESE 28.G (10 PCS)","10",65
"Snacks","Jack & Jill Berry Knots | 25g","25",8.95
"Snacks","Tortillos Cheese | 100g","100",27.5
"Snacks","Oishi Pillows Ube Filled Crackers | 38g","38",10.5
"Snacks","M.Y. San Happy Time Assorted | 1.5kg","1.5",449.5
"Snacks","M.Y. San Graham Crackers Honey | 210g","210",49.5
"Snacks","Oishi Fishda Kropek | 22g","22",7.95
"Snacks","Nagaraya Cracker Nuts Garlic | 80g","80",23.5
"Snacks","M.Y San Graham | 10pcs","10",76.5
"Snacks","Pinnacle Crisscross Cheesy Sour Cream and Onion | 20g","20",6.95
"Snacks","Chicharon ni Mang Juan Sukang Paombong | 90g","90",26.5
"Snacks","Oishi Fishda Kropek | 80g","80",26.5
"Snacks","Chicharon Ni Mang Juan Sukang Paombong | 26g","26",7.95
"Snacks","Nissin Bread Stix Cheese | 20g 10pcs","20",69.5
"Snacks","Oishi Crispy Patata | 85g","85",27.5
"Snacks","Chips Delight Chocolate Chip Cookies Chips | 35g","35",14.5
"Snacks","Hana Seaweed Laver | 7g 3pcs","7",124.5
"Snacks","Moby Crunchy Chocolate | 60g","60",18.5
"Snacks","Oishi Kirei Yummy Flakes | 60g","60",27.5
"Snacks","Jack & Jill Potato Chips Classic Barbeque | 60g","60",42.5
"Snacks","Rebisco Wafer Time Rich Creamy | 27g 10pcs","27",82.5
"Snacks","Lauras Egg Cracklet | 20g 10pcs","20",80
"Snacks","Rebisco Marie Biscuit Gold Plain | 40g 10pcs","40",64.95
"Snacks","Nagaraya Cracker Nuts Butter | 80g","80",23.5
"Snacks","Pic-A Ultimate Cheddar | 180g","180",59.95
"Snacks","Leslie Clover Chips Cheese | 145g","145",64.95
"Snacks","Gardenia Butter Toasted Bread | 125g","125",42.5
"Snacks","Oishi Rinbee Cheese Sticks | 85g","85",27.5
"Snacks","Quaker Mini Oaties Chocolate Chip | 26g","26",16.5
"Snacks","Khong Guan Iced Gem Biscuit | 30g 12pcs","30",91.5
"Snacks","TROLLI HOTDOG 9G (5 PCS)","9",34.5
"Snacks","Trolli Gummi World Assorted | 198g","198",111.5
"Snacks","Trolli Gummi Pizza | 124g","124",91.5
"Snacks","TROLLI GUMMY CANDY NEON SQUIGGLES 100G","100",69.5
"Snacks","Trolli Gummi Neon Squiggles | 500g","500",279.5
"Snacks","Trolli Gummi Sour Glow Worms | 500g","500",279.5
"Snacks","Trolli Gummi Classic Bear | 500g","500",279.5
"Snacks","Chupa Chups Sour Bites | 20g","20",15.5
"Snacks","4D GUMMY FRUITS 96G","96",54.5
"Snacks","4D Gummy Blocks |100g","100",54.5
"Snacks","O Puff Greentea Filled Marshmallow | 24pcs","24",30
"Snacks","Markenburg Camper Marshmallows Regular | 130g","130",35.95
"Snacks","Markenburg Marshmallow Large White | 283g","283",94.5
"Snacks","Markenburg Marshmallow Regular Assorted | 250g","250",69.95
"Snacks","Toblerone Bitter Sweet | 100g","100",164.5
"Snacks","Toblerone Milk Chocolate | 50g 6pcs","50",494.5
"Snacks","Ferrero Rocher | 200g 16pcs","200",464.5
"Snacks","Cadbury Dairy Milk Chocolate | 85g","85",106.5
"Snacks","Cadbury Dairy Milk Fruit & Nut | 80g","80",104.5
"Snacks","Cadbury Dairy Milk Fruit & Nut | 165g","165",164.5
"Snacks","Skittles Original Fruit | 45g","45",46.5
"Snacks","Mentos Strawberry Mix | 135g 50pcs","135",46.5
"Snacks","Sunmaid Raisins | 250g","250",142.5
"Snacks","Goldilocks Caramel Popcorn | 85g","85",56.5
"Snacks","Act II Popcorn Butter 3CT | 85g","85",199.5
"Snacks","JOVY BANANA CHIPS 100G","100",69.5
"Snacks","JOVY BANANA CHIPS 400G","400",214.5
"Snacks","HOP Polvoron Crisprice Zerosugar | 18pcs","18",214.5
"Snacks","HOP Polvoron Choco Covered | 192g 12pcs","192",182.5
"Snacks","HOP Polvoron Cookies & Cream | 234g 18pcs","234",182.5
"Snacks","HOP Polvoron Pinipig | 234g 18pcs","234",182.5
"Snacks","HOP Polvoron Purpleyam | 234g 18pcs","234",182.5
"Snacks","HOP Polvoron Cashew | 234g 18pcs","234",182.5
"Snacks","Hop Polvoron Classic | 234g 18pcs","234",182.5
"Snacks","HOP Polvoron Assorted | 260g 20pcs","260",194.5
"Snacks","Frabelle Salted Egg Potato Chips | 100g","100",219.5
"Snacks","Frabelle Foods Fish Skin Chips Regular Salted Egg | 100g","100",219.5
"Snacks","Tostas Thin Crispy BBQ Cheese | 49g","49",16.95
"Snacks","Stips Salted Egg Potato Chips Spicy | 200g","200",356.5
"Snacks","Stips Salted Egg Potato Original | 200g","200",356.5
"Snacks","Stips Salted Egg Fish Skin Spicy | 150g","150",356.5
"Snacks","Stips Salted Egg Fish Skin Original | 150g","150",356.5
"Snacks","Oh So Healthy Kimchi | 50g","50",116.5
"Snacks","Oh So Healthy Guava Papaya Banana | 40g","40",104.5
"Snacks","Oh So Healthy Mango Sweet Potato | 40g","40",104.5
"Snacks","FritoLay Doritos Tortilla Chips Smokin BBQ | 198.4g","198.4",169.95
"Snacks","Doritos Tortillas Chips Taco | 190g","190",169.95
"Snacks","Bambi Nacho Chips | 150g","150",69.5
"Snacks","GARDENIA BUTTER TOAST 60G (10 PCS)","60",192.5
"Snacks","Meiji Hello Panda Milk | 43g","43",47.5
"Snacks","Meiji Hello Panda Strawberry | 40g","40",47.5
"Snacks","Meiji Hello Panda Double Choco | 40g","40",47.5
"Snacks","Meiji Hello Panda Chocolate | 40g","40",47.5
"Snacks","Meiji Plain Crackers With Oat | 104g","104",99.5
"Snacks","Meiji Plain Crackers | 104g","104",99.5
"Snacks","Glico Pocky Strawberry | 38g","38",49.5
"Snacks","Glico Pocky Cookies & Cream | 40g","40",49.5
"Snacks","Glico Pocky Chocolate | 40g","40",49.5
"Snacks","Butter Cream Choco Crackers With Rainbow G | 25g 10pcs","25",74.5
"Snacks","Mrs. Goodman Chunkee Cookie Creampie | 20g 10pcs","20",109.95
"Snacks","Mrs. Goodman Chunkee Soft Cookies | 35g 10pcs","35",109.95
"Snacks","Lotus Biscoff Cookies | 250g","250",181.5
"Snacks","Oreo Mini Chocolate | 20.4g","20.4",15.5
"Snacks","Chips Delight Cookies Brownies | 200g","200",74.5
"Snacks","Richoco White Wafer | 24g 10pcs","24",66.5
"Snacks","Richoco Chocolate Wafer | 24g 10pcs","24",66.5
"Snacks","Nissin Wafer Double Chocolate | 55g","55",14.5
"Snacks","Nissin Wafer Cheese | 50g","50",14.5
"Snacks","Loacker Quadratini Dark Chocolate | 125g","125",134.5
"Snacks","Loacker Quadratini Wafer Biscuit Kakao | 125g","125",134.5
"Snacks","Loacker Quadratini Wafer Biscuit Napolitaner | 125g","125",134.5
"Snacks","Cal Cheese | 48g","48",15
"Snacks","SM Bonus Raisins | 200g","200",86.5
"Snacks","SM Bonus Mixed Biscuits | 2.5kg","2.5",342.5
"Snacks","Scotts Chewy Vit C Mixed Berries | 30pcs","30",176.75
"Snacks","Konu Mini Krunch Rainbow Jar | 160g","160",100
"Snacks","Konu Mini Krunch Chocolate Jar | 160g","160",100
"Snacks","Moniegold Sweet Tamarind | 190g","190",59.5
"Snacks","Moniegold Sweet Spicy Tamarind | 190g","190",59.5
"Snacks","Ram Raisins | 225g","225",119.5
"Snacks","Growers Mix Nuts | 80g","80",78.5
"Snacks","Growers Glazes Pili Nuts Family Size | 80g","80",124.5
"Snacks","Nagaraya Cracker Nuts Adobo | 80g","80",23.5
"Snacks","Tobi Mexican Peanuts Super Hot | 120g","120",74.5
"Snacks","Tobi Garlic Peanuts | 120g","120",69.5
"Snacks","Boy Bawang Lechon Manok Flavor | 90g","90",21.5
"Snacks","Hello Kitty Surprise Egg | 10g","10",54.5
"Snacks","Push Pop Jumbo Candy | 30g","30",54.5
"Snacks","Porky Best Chicharon Regular | 60g","60",51.5
"Snacks","Porky Best Chicharon Hot | 60g","60",51.5
"Snacks","Lauras Butter Cookies Tins | 250g","250",184.5
"Snacks","Lauras Broas Tubs Lady Finger Biscuits | 350g","350",319.5
"Snacks","Nissin Butter Coconut | 90g","90",26.5
"Snacks","Lotte Pepero Choco Cookie | 32g","32",59.5
"Snacks","Fibisco Soda Crackers Plain | 25g 10pcs","25",69.5
"Snacks","Fibisco Chocolate Crunchies | 60g","60",28.5
"Snacks","Mondelez Oreo Choco Cookies | 220.80g","220.80",81.5
"Snacks","Oreo Small Crushed Cookie Pieces | 454g","454",199.5
"Snacks","Richoco Choco Big Rolls | 300g","300",144.5
"Snacks","Nissin Wafer Cheese Kingsize | 22g 10pcs","22",67.5
"Snacks","Goya Dark Almond | 90g","90",84.5
"Snacks","Goya Cookies & Cream | 30g","30",26.5
"Snacks","Goya Raisins Covered With Milk Choco | 33g","33",26.5
"Snacks","Goya Chocolate Coins Big Pack | 280g","280",209.5
"Snacks","Choco Mucho Cookies & Cream | 30g","30",9.5
"Snacks","Cadbury Dairy Milk Chocolate bar | 165g","165",154.5
"Snacks","Cadbury Dairy Milk Lickables | 20g","20",59.5
"Snacks","Regent King Crab Crackers | 85g","85",26.5
"Snacks","Oishi Fish Crackers | 90g","90",27.5
"Snacks","Lays Swiss Cheese | 50g","50",55.5
"Snacks","Jack & Jill Piattos Supersized Cheese Flavored Potato Chips Party Pack | 170g","170",71.5
"Snacks","Hersheys Kisses Cookies & Cream | 36g","36",59.5
"Snacks","Hershey S Cookies N Cream Chocolate | 40g","40",54.5
"Snacks","Hersheys Dark Chocolate | 40g","40",54.5
"Snacks","Cadbury Pop Out Heart | 150g","150",159.5
"Snacks","SM Bonus California Raisins Seedless | 100g","100",44.5
"Snacks","SM Bonus Dried Mango | 200g","200",239.5
"Snacks","SM Bonus Marshmallows Mini | 200g","200",54.5
"Snacks","SM Bonus Marshmallows | 80g","80",21
"Snacks","Sunmaid Raisins | 100g","100",59.5
"Snacks","Ram Raisins | 200g","200",104.5
"Snacks","Ram Raisins | 100g","100",52.5
"Snacks","Philippine Brand Dried Mango Sliced | 200g","200",275
"Snacks","Philippine Brand Dried Mango | 100g","100",139.5
"Snacks","Moniegold Tamarind Chewy Candy | 80g","80",46.5
"Snacks","Moniegold Chewey Tamarind Candy | 50g","50",22.5
"Snacks","Moniegold Tamarind Chewy Candy | 150g","150",82.5
"Snacks","Chivalry Cow Label | 10pcs","10",294.5
"Snacks","Chivalry Pusit Medium | 10pcs","10",226.5
"Snacks","Cebu Dried Mango | 100g","100",139.5
"Snacks","Cebu Dried Mango | 200g","200",275
"Snacks","7D Dried Mango | 200g","200",276.5
"Snacks","7D Dried Mango | 100g","100",138.5
"Snacks","Wl Muncher Coated Greenpeas | 70g","70",16.95
"Snacks","WL Super Bawang | 100g","100",24.5
"Snacks","WL Muncher Coated Greenpeas Beef Spicy | 200g","200",48.5
"Snacks","WL Corn Bits Nuts Special Bbq | 70g","70",16.95
"Snacks","Wl Corn Bits Nuts Special Mix | 70g","70",18.5
"Snacks","Wl Corn Bits Nuts Special Original | 70g","70",16.95
"Snacks","WL Corn Bits Supreme Bbq | 200g","200",48.5
"Snacks","Wl Corn Bits Supreme Mix | 200g","200",51.5
"Snacks","Tobi Squash Seeds | 100g","100",69.5
"Snacks","Tobi Toasted Cashew Nuts | 100g","100",164.5
"Snacks","Sugo Greaseless Hot & Spicy Peanuts | 50g","50",14.5
"Snacks","Sugo Greaseless Salted Peanuts | 50g","50",14.5
"Snacks","Sugo Grease Less Hot and Spicy Peanuts | 100g","100",36.5
"Snacks","Sugo Grease Less Salted Peanuts | 100g","100",36.5
"Snacks","Oishi Mobster Caramel Cheese Popcorn | 60g","60",19.5
"Snacks","Oishi Chocolate Popcorn | 60g","60",19.5
"Snacks","Oishi Popcorn Caramel | 60g","60",19.5
"Snacks","Nut N Else Wow Casoy Garlic | 300g","300",409.5
"Snacks","Nut N Else Wow Mani Garlic Peanut | 400g","400",251.5
"Snacks","Nagaraya Cracker Nuts BBQ | 80g","80",23.5
"Snacks","Nagaraya Cracker Nuts Hot Spicy | 80g","80",23.5
"Snacks","Nagaraya Cracker Nuts Adobo | 160g","160",46.5
"Snacks","Nagaraya Cracker Nuts BBQ | 160g","160",46.5
"Snacks","Nagaraya Cracker Nuts Garlic | 160g","160",46.5
"Snacks","Nagaraya Cracker Nuts Hot & Spicy | 160g","160",46.5
"Snacks","Nagaraya Cracker Nuts Butter | 160g","160",46.5
"Snacks","Boy Bawang Adobo | 90g","90",21.5
"Snacks","Boy Bawang Hot Garlic | 90g","90",21.5
"Snacks","Boy Bawang Chili Cheese | 80g","80",21.5
"Snacks","Boy Bawang Chichacorn Garlic | 100g","100",32.5
"Snacks","Kettle Korn Butter Licious | 120g","120",54.5
"Snacks","Kettle Korn Whole Grain Glazed Popcorn Salted Caramel | 120g","120",54.5
"Snacks","Kettle Korn Whole Grain Glazed Popcorn Sweet & Salty | 120g","120",54.5
"Snacks","Kettle Korn Whole Grain Glazed Popcorn Cheese | 120g","120",54.5
"Snacks","JBC Hi Ho Bbq Coated Nuts | 5g 20pcs","5",24.5
"Snacks","Happy Classic Adobong Mani | 100g","100",36.5
"Snacks","Happy Peanut Sweet Chili | 100g","100",36.5
"Snacks","Dingdong Sweet & Spicy | 95g","95",24.5
"Snacks","Dingdong Mixed Nuts | 5g 20pcs","5",24.5
"Snacks","Dingdong Hot & Spicy | 100g","100",24.5
"Snacks","Rebisco Dingdong Real Garlic | 100g","100",24.5
"Snacks","Growers Peanut Garlic Party Pack | 280g","280",126.5
"Snacks","Growers Peanut Savour Hot Party Pack | 280g","280",136.5
"Snacks","Growers Toasted Cashew Nuts | 80g","80",89
"Snacks","Growers Cashew Nuts Salted | 80g","80",114.5
"Snacks","Growers Savoury Hot Peanut | 80g","80",46.5
"Snacks","Growers Peanut Garlic S | 8g 20pcs","8",48.5
"Snacks","Growers Peanut Garlic | 80g","80",34.5
"Snacks","Porkybest Chicharon | 100g","100",79.5
"Snacks","Porkybest Chicharon Hot Family Size | 100g","100",79.5
"Snacks","Goldilocks Ube Polvoron | 300g 12pcs","300",199.5
"Snacks","Goldilocks Polvoron Cashew | 300g 12pcs","300",199.5
"Snacks","Goldilocks Cookies & Cream Polvoron | 300g 12pcs","300",199.5
"Snacks","Fry & Pop Lobster Crackers | 200g","200",47.5
"Snacks","Fry & Pop Vegetable Crackers | 200g","200",47.5
"Snacks","Fry & Pop Shimp Crackers | 200g","200",47.5
"Snacks","Fry & Pop Onion & Garlic | 200g","200",47.5
"Snacks","Fry & Pop Squid Flakes | 200g","200",47.5
"Snacks","Chocovron Choco Coated Cookies & Cream | 240g","240",189.5
"Snacks","WL Cheepee Corn Chips | 120g","120",24.5
"Snacks","WL Cheez Zum | 60g","60",17.5
"Snacks","WL Cheez Zum Cheese Ring Snacks | 88g","88",26.5
"Snacks","WL Cheez Zum Corn Puffed Snacks | 88g","88",26.5
"Snacks","Wl Tattoos Corn Tube Bbq Flavor | 60g","60",12.5
"Snacks","Wl Tattoos Corn Chips | 120g","120",24.5
"Snacks","WL Tattoos Corn Tube Spicy Cheese | 60g","60",12.5
"Snacks","Humpy Dumpy Chili & Garlic | 110g","110",27.95
"Snacks","Humpy Dumpy Buttered Cheese | 110g","110",27.95
"Snacks","Mexicorn BBQ | 110g","110",27.95
"Snacks","Mexicorn Viva Cheese | 110g","110",27.95
"Snacks","Regent Cheese Ball | 60g","60",18.5
"Snacks","Regent Sweet Corn | 60g","60",18.5
"Snacks","Regent King Crab Crackers | 160g","160",45
"Snacks","Regent Tempura Shrimp | 100g","100",24.5
"Snacks","Pringles Original Can | 149g","149",119.5
"Snacks","Pringles Cheddar Cheese Can | 158g","158",119.5
"Snacks","Pringles Can Sour Cream and Onion | 42g","42",46.5
"Snacks","Pringles Can Original | 42g","42",46.5
"Snacks","Pringles Cheese | 110g can","110",104.5
"Snacks","Pringles Sour Cream and Onion | 110g can","110",92.5
"Snacks","Choco Sponge Crunch Party Size | 120g","120",47.5
"Snacks","Oishi Ridges Cheese Garlic | 60g","60",36.5
"Snacks","Oishi Ridges Bbq | 60g","60",36.5
"Snacks","Oishi Ridges Cheese | 60g","60",36.5
"Snacks","Oishi Ridges Onion and Garlic | 60g","60",36.5
"Snacks","Oishi Prawn Crackers Sweet & Extra Hot | 60g","60",18.5
"Snacks","Oishi Prawn Crackers Regular | 60g","60",18.5
"Snacks","Oishi Prawn Crackers Sweet Extra Hot | 90g","90",27.5
"Snacks","Oishi Prawn Crackers Classic | 90g","90",27.5
"Snacks","Baked Porky Popps Classic Vinegar | 34g","34",36.5
"Snacks","Baked Porky Popps Hot & Spicy | 34g","34",36.5
"Snacks","Oishi Panchos Taco Flavor | 85g","85",27.5
"Snacks","Oishi Panchos Nacho Cheese Flavor | 85g","85",27.5
"Snacks","Oishi Panchos Barbecue Flavor | 85g","85",27.5
"Snacks","Oishi Natural Potato Chips Sweet Spicy | 60g","60",36.5
"Snacks","Oishi Gourmet Picks Salted Egg | 60g","60",47.5
"Snacks","Oishi Potato Fries Barbeque | 50g","50",16.95
"Snacks","Oishi Potato Fries Plain Salted | 50g","50",16.95
"Snacks","Oishi Potato Fries Cheese | 50g","50",16.95
"Snacks","Oishi Potato Crisps Cheese | 18g","18",7.95
"Snacks","Oishi Potato Crisps Beef N Chili | 50g","50",19.5
"Snacks","Oishi Potato Crisps Creamy Garlic | 50g","50",19.5
"Snacks","Oishi Potato Crisps Cheese | 50g","50",19.5
"Snacks","Nutri Star Chicken Bbq Flavor | 60g","60",18.5
"Snacks","Okeji Tempura | 100g","100",27.95
"Snacks","Peewee Flavor Snack Pizza Supreme | 95g","95",27.95
"Snacks","Peewee Sizzling BBQ Flavor Snack Supreme | 95g","95",27.95
"Snacks","Peewee Sizzling BBQ Flavor Snack Supreme | 60g","60",18.5
"Snacks","Peewee Pizza Flavor Snack Supreme | 60g","60",18.5
"Snacks","Moby Crunchy Chocolate | 25g","25",7.95
"Snacks","Moby Caramel Puffs | 25g","25",7.95
"Snacks","Moby Crunchy Chocolate | 90g","90",27.95
"Snacks","Moby Caramel Puffs | 90g","90",27.95
"Snacks","Richee Milk | 60g","60",18.5
"Snacks","Cheez It Cheese & Ham | 95g","95",27.95
"Snacks","Cheez It Cheese | 95g","95",27.95
"Snacks","Cheez It Cheese & Ham | 60g","60",18.5
"Snacks","Cheez It Cheese | 60g","60",18.5
"Snacks","Mega Mexicana Taco Shells | 130g","130",78.5
"Snacks","MEGA MEXICANA NACHOS 180G","180",76.5
"Snacks","Martys Baconette Strips Bacon | 90g","90",29.5
"Snacks","Martys Crackling Vegetable Chicharon Plain | 90g","90",23.5
"Snacks","Martys Crackling Vegetable Chicharon Salt Vinegar | 90g","90",23.5
"Snacks","Martys Crackling Vegetable Chicharon Spicy Vinegar | 90g","90",23.5
"Snacks","Leslie Nacho Corn Cheese | 100g","100",28.95
"Snacks","Leslie Nacho Corn BBQ | 100g","100",28.95
"Snacks","Leslie Cheeze Red Hot | 150g","150",61.5
"Snacks","Leslie Cheezy | 150g","150",61.5
"Snacks","Leslie Cheezy O | 60g","60",25
"Snacks","Leslie Cheezy Buffalo Wings | 70g","70",32.5
"Snacks","Leslie Cheeze Red Hot | 70g","70",32.5
"Snacks","Leslie Clover Chips Ham&Cheese | 85g","85",38.95
"Snacks","Leslie Clover Chips Chili & Cheese | 85g","85",38.95
"Snacks","Lays Stax Original | 100g","100",75
"Snacks","Lays Stax Cheese | 100g","100",75
"Snacks","Lays Stax Thailand Sour Cream and Onion | 100g","100",75
"Snacks","Lays Kyushu Seaweed | 50g","50",54.95
"Snacks","Lay's Potato Chips Sour Cream and Onion | 170g","170",169.95
"Snacks","La La Tempura Shrimp Flavoured Snack | 100g","100",34.5
"Snacks","Lala Fish Cracker | 100g","100",34.5
"Snacks","Jack & Jill Chiz Curls | 55g","55",22.5
"Snacks","Jack & Jill Vcut Onion & Garlic | 60g","60",42.5
"Snacks","Jack & Jill Vcut Potato Chips Cheese | 60g","60",42.5
"Snacks","Jack & Jill Potato Chips Classic Sour Cream & Onion | 60g","60",42.5
"Snacks","Jack & Jill Potato Chips Plain Salted Flavor | 60g","60",42.5
"Snacks","Pic A BBQ Overload | 90g","90",38.95
"Snacks","Pic A Sweet Chili Snack Mix | 170g","170",64.5
"Snacks","Pic-A BBQ Overload | 180g","180",64.5
"Snacks","Jack & Jill Piattos Roast Beef | 85g","85",38.95
"Snacks","Jack & Jill Piattos Nacho Pizza | 85g","85",38.95
"Snacks","Piattos Roadhouse BBQ | 85g","85",38.95
"Snacks","Jack & Jill Chippy Mild & Tasty | 108g","108",26.5
"Snacks","Chippy Garlic & Vinegar | 110g","110",26.5
"Snacks","Jack & Jill Chippy Chili & Chiz | 108g","108",26.5
"Snacks","Calbee Potato Chips Cheddar & Sourcream | 28g","28",23.5
"Snacks","Calbee Potato Chips Classic Salted | 28g","28",23.5
"Snacks","Calbee Potato Chips Classic Salted | 170g","170",134.5
"Snacks","CALBEE POTATO CHIPS CHEDDAR & SOURCREAM 170G","170",134.5
"Snacks","Honey Butter Potato Chips | 170g","170",134.5
"Snacks","Granny Goose Tortillos Cheese | 160g","160",42.5
"Snacks","Granny Goose Tortillos Chili | 100g","100",27.5
"Snacks","Granny Goose Tortillos Chili | 160g","160",42.5
"Snacks","Granny Goose Tortillos BBQ | 160g","160",42.5
"Snacks","Chicharon ni Mang Juan Espesyal Sukat Sili | 90g","90",26.5
"Snacks","Cheetos Crunchy Cheese | 215g","215",147.5
"Snacks","Oishi Bread Pan Toasted Garlic Flavor | 42g","42",13.95
"Snacks","Oishi Bread Pan White Cheddar Cheese | 42g","42",13.95
"Snacks","Nissin Egg Nog Cookies Regular | 130g","130",39.5
"Snacks","Nissin Egg Nog Cookies | 32g","32",13.5
"Snacks","Nissin Bread Stix | 35g","35",13.5
"Snacks","Lauras Puto Seko | 100g","100",34.5
"Snacks","Lauras Breadstick Small | 100g","100",34.5
"Snacks","Laurias Otap in Can | 600g","600",277.5
"Snacks","Lauras Otap Special | 210g","210",79.5
"Snacks","Laurias Egg Cracklet | 150g","150",59.5
"Snacks","Rebisco Maxi Mix | 1.5kg","1.5",424.5
"Snacks","Rebisco Partymix Biscuits | 1.68kg","1.68",379.5
"Snacks","Rebisco Extreme Choco Coated Sandwich | 25g 10pcs","25",69.95
"Snacks","Rebisco Hansel Premium Cheese Sandwich | 127g","127",69.95
"Snacks","Rebisco Sandwich Butter | 10pcs","10",69.95
"Snacks","Rebisco Sandwich Cream | 10pcs","10",69.95
"Snacks","Rebisco Sandwich Fiesta Pastillas | 10pcs","10",69.95
"Snacks","Rebisco Honey Butter Crackers | 32g 10pcs","32",69.95
"Snacks","Rebisco Whole Wheat Crackers | 32g 10pcs","32",69.95
"Snacks","Rebisco Crackers Plain | 35g 10pcs","35",69.95
"Snacks","Rebisco Super Thins Choco Cracker | 26g 10pcs","26",69.95
"Snacks","Rebisco Super Thin Crackers Milk | 26g 10pcs","26",69.95
"Snacks","Oishi Pillows Chocolate Crackers | 24g 10pcs","24",74.5
"Snacks","Oishi Pillows Chocolate | 150g","150",47.5
"Snacks","Monde Nissin Butter Coconut Bites | 30g","30",10.5
"Snacks","M.Y. San Skyflakes Cracker Onion Chives | 25g 10pcs","25",72.5
"Snacks","M.Y. San Skyflakes Cheese | 25g 10pcs","25",72.5
"Snacks","M.Y San Skyflakes Fit Flaxseed | 25g 10pcs","25",77.5
"Snacks","M.Y. San Skyflakes Garlic | 25g 10pcs","25",72.5
"Snacks","Skyflakes Sandwich Sweet Mantikilya | 30g 10pcs","30",72.5
"Snacks","M.Y. San SkyFlakes Sandwich Cracker Tsokolate | 30g 10pcs","30",72.5
"Snacks","M.Y. San Skyflakes Crackers | 200g","200",49.5
"Snacks","M.Y. San Fita Spreadz Spicy Tuna | 25g 10pcs","25",79.5
"Snacks","Fita Spreadz Bacon | 25g 10pcs","25",79.5
"Snacks","M.Y. San Graham Crackers Honey | 700g","700",219.5
"Snacks","Milky Marie Biscuits | 10pcs","10",54.5
"Snacks","Meiji Hello Panda Milk | 32g","32",30
"Snacks","Meiji Hello Panda Double Choco | 32g","32",30
"Snacks","Meiji Hello Panda Strawberry | 32g","32",30
"Snacks","Meiji Hello Panda Choco Foil | 35g","35",30
"Snacks","Meiji Yan Yan Vanilla | 50g","50",56.5
"Snacks","Meiji Yan Yan Creamy Choco Hazelnut | 44g","44",56.5
"Snacks","Meiji Yanyan Strawberry | 50g","50",56.5
"Snacks","Meiji Yan Yan Double Creme | 44g","44",56.5
"Snacks","Meiji Yanyan Chocolate | 50g","50",56.5
"Snacks","Magic Flakes Butter Cream | 28g 10pcs","28",65
"Snacks","Magic Flakes Chocolate Cream | 28g 10pcs","28",65
"Snacks","Magic Flavors Onion Chives Crackers | 28g 10pcs","28",65
"Snacks","Magic Flakes Crackers Junior Premium | 16g 10pcs","16",34.5
"Snacks","Magic Flakes Crackers Premium | 28g 10pcs","28",65
"Snacks","Magic Creams Junior Choco Cream | 16g 10pcs","16",34.5
"Snacks","Magic Creams Jr Butter & Berry | 16g 10pcs","16",34.5
"Snacks","Magic Creams Junior Condensada | 16g 10pcs","16",34.5
"Snacks","Lotte Pepero Stick Chocolate | 47g","47",54.5
"Snacks","Lotte Pepero Stick White Choco | 32g","32",59.5
"Snacks","Lotte Peppero Stick Almond | 32g","32",59.5
"Snacks","Tiger Energy Biscuits Choco | 21g 10pcs","21",76.5
"Snacks","Tiger Energy Biscuits Vanilla | 25.2g 10pcs","25.2",76.5
"Snacks","Delfi Knick Knacks Chocolate | 21g","21",8.95
"Snacks","Delfi Knick Knacks Milk | 21g","21",8.95
"Snacks","Delfi Knick Knack Strawberry | 21g","21",9.5
"Snacks","Delfi Knick Knacks Strawberry Coated Biscuits | 50g","50",15.95
"Snacks","Knick Knacks Milk | 50g","50",15.5
"Snacks","Knick Knacks Chocolate | 50g","50",15.5
"Snacks","Juju Disney Number Biscuits | 95g","95",34.5
"Snacks","Jack & Jill Milky Knots | 25g","25",8.95
"Snacks","Magic Chips Bbq | 28g","28",8.5
"Snacks","Goya Pretzel Twist Cream White Chocolate | 21g","21",9.5
"Snacks","Goya Pretzel Twist Dark Chocolate | 21g","21",9.75
"Snacks","Goya Pretzel Twist Milk Chocolate | 21g","21",9.5
"Snacks","Fibisco Biscuit Jolly | 10pcs","10",72.5
"Snacks","Sunflower Mango Sandwich | 27g 10pcs","27",74.5
"Snacks","Sunflower Strawberry Sandwich | 27g 10pcs","27",74.5
"Snacks","Croley Cracker Buttercream Lecheflan | 25g 10pcs","25",74.5
"Snacks","Croley Buttercream Cracker Ube | 25g 10pcs","25",74.5
"Snacks","Croley Buttercream Cracker Choco | 25g 10pcs","25",74.5
"Snacks","Croley Cracker Buttercream Macaroons | 25g 10pcs","25",74.5
"Snacks","Croley Buttercreams Cracker Ensaymada | 25g 10pcs","25",74.5
"Snacks","Juju Choco Snack Biscuits With Chocolate Cream | 45g","45",34.5
"Snacks","Juju Choco Snack Biscuit | 45g","45",34.5
"Snacks","Choco Mucho Chocolate Sandwich | 33g 10pcs","33",84.5
"Snacks","Choco Mucho White Filing Sandwich | 33g 10pcs","33",84.5
"Snacks","Rebisco Frooties Strawberry | 30g 10pcs","30",69.95
"Snacks","Rebisco Hansel Sandwich Flavor Bunch | 32g 10pcs","32",69.95
"Snacks","Rebisco Hansel Milk Sandwich | 10pcs","10",69.95
"Snacks","Rebisco Hansel Choco | 10pcs","10",69.95
"Snacks","Quaker Mini Oaties Apple & Cinnamon | 28g","28",14.5
"Snacks","Quaker Mini Oaties Cookie Raisins | 26g","26",14.5
"Snacks","Presto Creams Sandwich Cookies Choco Vanilla | 30g 10pcs","30",68.5
"Snacks","Ovaltine Chocolate Malt Cookies | 130g","130",51.5
"Snacks","Nissin Bingo Choco Vanilla Sandwich | 28g 10pcs","28",69.5
"Snacks","Nissin Bingo Choco Orange Sandwich | 28g 10pcs","28",69.5
"Snacks","Nissin Bingo Double Choco Sandwich | 10pcs","10",69.5
"Snacks","Mondelez Oreo Double Stuff | 119.1g","119.1",52.5
"Snacks","Mondelez Oreo Cookies | 110.4g","110.4",40
"Snacks","Mondelez Oreo Mini Chocolate Cookies | 58.4g","58.4",44.5
"Snacks","Mondelez Oreo Mini Vanilla Cookies | 58.4g","58.4",44.5
"Snacks","Mondelez Chips Ahoy Cookies | 85.5g","85.5",62.5
"Snacks","Mondelez Chips Ahoy | 38g","38",27.5
"Snacks","Cream O Deluxe Choco | 33g 10pcs","33",79.5
"Snacks","Cream-O Chocolate Chip Cookies | 36g 10pcs","36",104.5
"Snacks","Fibisco Biscuit Hi-ro | 10pcs","10",73.5
"Snacks","Chips Delight Choco Stripped | 70g","70",34.5
"Snacks","Chips Delight Choco Stripped | 175g","175",87.5
"Snacks","Chips Delight Cookies Rainbow Candy | 80g","80",32.5
"Snacks","Chips Delight Chocolate Chip Cookies | 80g","80",32.5
"Snacks","Chips Delight Chocolate Chip Cookies | 200g","200",74.5
"Snacks","Super Stix Jr Choco | 330g","330",69.75
"Snacks","Super Stix Jr Milk | 330g","330",85
"Snacks","Super Stix Jr Pandan | 330g","330",85
"Snacks","Super Stix Jr Mocha | 330g","330",85
"Snacks","Stick O Wafer Stick Jr Strawberry | 380g","380",84.5
"Snacks","Stick O Wafer Stick Jr Ube | 380g","380",84.5
"Snacks","Choco Chum Choco Burst | 32g","32",9.5
"Snacks","Choco Chum White Choco Burst | 32g","32",9.5
"Snacks","Choco Chum Choco Burst | 65g","65",18.5
"Snacks","Loaded Nutty Filled | 32g","32",9.5
"Snacks","Loaded Cheese Filled | 32g","32",9.5
"Snacks","Loaded White Choco Filled | 32g","32",9.5
"Snacks","Richeese Wafer Cheese | 48g","48",11.95
"Snacks","Richeese Wafer Cheese | 20g 10pcs","20",66.5
"Snacks","Rebisco Wafertime Strawberry | 11g 20pcs","11",56.5
"Snacks","Rebisco Wafertime Milk | 11g 20pcs","11",56.5
"Snacks","Rebisco Wafertime Crispy Chocofilled | 13g 20pcs","13",56.5
"Snacks","Nissin Cubee Choco N Cream | 25g","25",12.5
"Snacks","Nissin Cubee Vanilla Fudge | 25g","25",12.5
"Snacks","Nissin Stick Wafer Strawberry G | 22g 10pcs","22",69.95
"Snacks","Nissin Stick Wafer Choco | 22g 10pcs","22",69.95
"Snacks","Monde Nissin Waffle Deluxe Choco | 23g 12pcs","23",164.5
"Snacks","Nissin Wafer Choco King Size | 22g 10pcs","22",67.5
"Snacks","Nissin Wafer Yummy Butter | 12g 20pcs","12",61.5
"Snacks","Nissin Vanilla Wafer | 12g 20pcs","12",61.5
"Snacks","Wafrets Brix Choco Vanilla | 24g 10pcs","24",71.5
"Snacks","Wafrets Brix Cheese | 24g 10pcs","24",71.5
"Snacks","Wafrets Brix Choco | 24g 10pcs","24",71.5
"Snacks","Hello Wafer Vanilla | 15g 10pcs","15",60
"Snacks","Goya Quadros Crispy Wafers White Choco | 60g","60",39.5
"Snacks","Goya Quadros Crispy Wafers Chocolate | 60g","60",39.5
"Snacks","Fairys Cone Cup | 18pcs","18",43.5
"Snacks","Fairys Cone Sugar | 12pcs","12",49.5
"Snacks","Meiji Black Chocolate | 120g","120",176.5
"Snacks","Meiji White Chocolate | 40g","40",79.5
"Snacks","Meiji Milk Chocolate | 120g","120",176.5
"Snacks","Meiji Strawberry Chocolate | 120g","120",176.5
"Snacks","Meiji Kouka Cacao 86% | 60g","60",159.5
"Snacks","Meiji Kouka Cacao 72% | 65g","65",159.5
"Snacks","Konu Mini Crunch Choco Jar | 360g","360",164.5
"Snacks","Konu Mini Crunch Macha Jar | 360g","360",164.5
"Snacks","JS Crispy Chicken Isaw Salted Egg | 100g","100",174.5
"Snacks","JS Crispy Chicken Isaw Spicy | 100g","100",174.5
"Snacks","JS Crispy Chicken Isaw Plain With Suka | 100g","100",174.5
"Snacks","JS Crispy Chicken Isaw Classic | 100g","100",174.5
"Snacks","Hersheys Cookies And Cream Salted Caramel | 38g","38",52.5
"Snacks","Hersheys Cookies And Cream Rich And Coffee | 38g","38",52.5
"Snacks","Cravewell Mixedveg Wasabi | 35g","35",84.5
"Snacks","Cravewell Mixedveg Kimchi | 35g","35",84.5
"Snacks","Cravewell Mixedveg Crab Curry | 35g","35",84.5
"Snacks","Founding Farmers String Bean Crisps Seasalt | 65g","65",194.5
"Snacks","Founding Farmers Pumpkin Crisps Sea Salt | 120g","120",219.5
"Snacks","Founding Farmers Shiitake Mushroom Crisp Wasabi | 100g","100",219.5
"Snacks","Cravewell Peach Apple and Blueberry | 20g","20",134.5
"Snacks","Cravewell Papple and Straw Spheres | 20g","20",134.5
"Snacks","Cravewell Apple and Straw Spheres | 20g","20",134.5
"Snacks","Cravewell Straw and Bberry Spheres | 20g","20",134.5
"Snacks","Cravewell Purple Roots Sourcream | 105g","105",174.5
"Snacks","Cravewell Purple Roots Sweet and Salty | 105g","105",174.5
"Snacks","Maxi Tropical Roots Chips | 100g","100",107.5
"Snacks","Maxi Sweet Potato Seasalt | 70g","70",164.5
"Snacks","Amos Peelerz Banana Flavor | 65g","65",56.5
"Snacks","Amos Peelerz Orange Flavor | 65g","65",56.5
"Snacks","WL Panda Wafer Stick Chocolate | 45g","45",17.5
"Snacks","WL Panda Wafer Roll Chocolate | 325g","325",75
"Snacks","Danish Choco Cream Filled | 43g 10pcs","43",72.5
"Snacks","Danish Strawberry Cream Filled | 43g 10pcs","43",72.5
"Snacks","Danish Choco Cookies Sandwich | 47g 10pcs","47",109.5
"Snacks","Super Crunch Chip Pinoy Bawang | 32g","32",10
"Snacks","Super Crunch Chip Lechon Kawali | 32g","32",10
"Snacks","Super Crunch Chip Sukat Sili | 32g","32",10
"Snacks","Push Pop Assorted | 14g","14",34.5
"Snacks","Push Pop Triple Power Candy | 34g","34",67.5
"Snacks","Oishi Hexi Crisps Cheese Flavor | 28g","28",7.95
"Snacks","Oishi Taters Thins Cucumber | 18g","18",7.95
"Snacks","Oishi Taters Thins Cucumber | 75g","75",27.5
"Snacks","Mik Mik Powder | 24pcs","24",16.5
"Snacks","Rebisco Hansel Crackers Cheese | 29g 10pcs","29",69.95
"Snacks","Regent Classic Cookies Ube | 360g","360",159.5
"Snacks","Regent Classic Cookies Mix Nuts | 360g","360",159.5
"Snacks","Mik Mik Milk Powder | 20pcs","20",16.5
"Snacks","Juju Lollipop On A Ring | 15g","15",24.5
"Snacks","Juju Wrist Band With Candy | 8g","8",51.5
"Snacks","Oishi Crack O Zuna Barbeque Flavor | 24g","24",7.95
"Snacks","Juju Cotton Candy Strawberry | 15g","15",22.5
"Snacks","Thai Coco Coconut Original Roll | 140g","140",169.5
"Snacks","Thai Coco Coconut Chocolate Roll | 140g","140",169.5
"Snacks","H&Y Yogurt Fruit Sticks | 180g 100pcs","180",37.5
"Snacks","Trolli Gummi Pizza Candy | 15.5g","15.5",13.5
"Snacks","Trolli Gummi Party Burger Minis | 90g","90",69.5
"Snacks","Trolli Gummi Big Burger | 50g","50",62.5
"Snacks","Trolli Gummi Lunch | 77g","77",69.5
"Snacks","Regent Cheesy Jalapeno Ring | 60g","60",23.5
"Snacks","Trolli Gummy Neon Squiggles | 45g","45",30
"Snacks","Lemon Square Inipit Buko Pandan | 21g 10pcs","21",64.5
"Snacks","Trolli Gummi Sour Gloworms | 45g","45",30
"Snacks","Trolli Gummi Classic Bear | 45g","45",30
"Snacks","Trolli Gummi Sour Gloworms | 100g","100",69.5
"Snacks","Trolli Gummi Classic Bear | 100g","100",69.5
"Snacks","Snowtime Berry Ice Assorted | 90ml 10pcs","90",91.5
"Snacks","Snowtime Ice Pops Assorted | 90ml 8pcs","90",27.5
"Snacks","Rainbow Magic Jelly | 288g 18pcs","288",27.95
"Snacks","Rainbow Magic Mango Pudding | 192g 12pcs","192",23.5
"Snacks","Jelliyum Fruit Flavored Jelly | 12pcs","12",21.5
"Snacks","Jelliyum Lychee Flavour | 12pcs","12",22.5
"Snacks","Jelliyum Lychee Conjac With Nata De Coco | 18pcs","18",42.5
"Snacks","Jellyum Icepop | 8pcs","8",27.95
"Snacks","H&Y Conjac Mango Pudding | 500g","500",46.5
"Snacks","H&Y Jelly Conjac Taro Ube | 300g","300",46.5
"Snacks","H&Y Conjac Jelly | 300g","300",46.5
"Snacks","ABC Jelly | 12pcs","12",21.5
"Snacks","O Puff Mango Cream Filled Marshmallow | 24pcs","24",30
"Snacks","O Puff Choco Cream Filled Marshmallow | 24pcs","24",30
"Snacks","Mentos Pure Fresh Mint Sugarfree Chwing Gum | 26g","26",44.5
"Snacks","Mentos Gum Juice Blast Berry Lime Sugarfree | 26g","26",44.5
"Snacks","Mentos Pure Fresh Wintergreen Sugarfree Gum | 26g","26",44.5
"Snacks","Ya Yammy Chicharon Medium | 150g","150",89.5
"Snacks","Wrigley's Doublemint Gum | 40pcs","40",84.5
"Snacks","Ya Yammy Chicharon Big | 215g","215",107.5
"Snacks","Ya Yammy Roasted Cashew | 370g","370",471.5
"Snacks","Wrigley's Resealable Doublemint Gum | 25pcs","25",49.5
"Snacks","Twix Caramel | 50g","50",59.5
"Snacks","Toblerone Milkchocolate | 35g","35",56.5
"Snacks","Toblerone Milk Choco | 50g","50",84.5
"Snacks","Toblerone Milk with Crunchy Almonds | 100g","100",164.5
"Snacks","Toblerone White | 100g","100",164.5
"Snacks","Toblerone Milk Choco | 100g","100",164.5
"Snacks","Snickers Classic | 51g","51",47.5
"Snacks","Ricoa Curly Tops | 10pcs","10",20
"Snacks","Ricoa Curly Tops | 30pcs","30",59.5
"Snacks","Ovaltine Tablet | 8g 12pcs","8",109.5
"Snacks","Nips White Chocolate Candy Coated Creamy White Chocolate | 40g","40",19.5
"Snacks","Wiggles Chocolate Coated Marshmallow | 28g","28",8.5
"Snacks","Nips Candy Coated Chocolate With Peanut Center | 43g","43",19.5
"Snacks","Nips Minis Milk Chocolate Candy Coated Chocolate | 24pcs","24",33.5
"Snacks","Nips Minis White Chocolate Candy Coated Creamy White Chocolate | 24pcs","24",33.5
"Snacks","Nips Milk Chocolate | 40g","40",19.5
"Snacks","Nips Peanut Deluxe | 90g","90",34.5
"Snacks","Meiji Choco Baby Chocolate | 32g","32",59.5
"Snacks","Mayfair Swirl Mini Tops | 10pcs","10",16.5
"Snacks","Mayfair Eggheads Choco Balls | 25pcs","25",30
"Snacks","Mayfair Blockbuster | 45pcs","45",34.5
"Snacks","Mars Choco Nougat | 47g","47",62.5
"Snacks","Maltesers | 37g","37",64.5
"Snacks","Maltesers Chocolate | 150g","150",206.5
"Snacks","M&M's Chocolate Milk | 180g","180",199.5
"Snacks","M&M's Chocolate Peanut | 37g","37",49.5
"Snacks","M&Ms Milk | 40g","40",49.5
"Snacks","Nestle Kitkat | 35g","35",35
"Snacks","Valmer Chocolate Sandwich | 36g 10pcs","36",79.5
"Snacks","Kinder Joy Chocolate For Girls | 20g","20",50.75
"Snacks","Kinder Joy Chocolate For Boys | 20g","20",50.75
"Snacks","Delfi Goya Malt Crunch Maltitos | 30g","30",37.5
"Snacks","Goya Chocolate Coins | 35g","35",25.95
"Snacks","Goya Chacha Bits Chocolate Minis Tube | 30g","30",45.5
"Snacks","Goya Take It 4Fingers Dark | 35g","35",51.5
"Snacks","Goya Take It 2 Fingers Milk Choco | 16g","16",18.5
"Snacks","Goya Take it | 37g","37",31.5
"Snacks","Trolli Sour Gecko | 19g 8pcs","19",91.5
"Snacks","Goya Almonds And Raisin With Milk Choco | 33g","33",28.95
"Snacks","Trolli Gummi Candy Assorted | 77g","77",62.95
"Snacks","Goya White Almonds | 33g","33",36.5
"Snacks","Goya Dark Almond | 35g","35",36.5
"Snacks","Goya Raisin | 30g","30",26.5
"Snacks","Goya Chocolate Almond | 30g","30",26.5
"Snacks","Goya Chocolate Cream | 35g","35",26.5
"Snacks","Goya Chocolate Milk | 30g","30",26.5
"Snacks","Goya Chocolate Dark | 35g","35",26.5
"Snacks","Ferrero Rocher T5s | 60g","60",129.25
"Snacks","Delfi Treasures Cookies & Cream | 36g","36",33.5
"Snacks","Delfi Treasures Golden Almond | 36g","36",38.5
"Snacks","Jack & Jill Cloud 9 White | 28g","28",9.5
"Snacks","Titay's Rosquillos Snack Pack | 35g","35",21.5
"Snacks","Cloud Chocolate Fudge | 28g","28",1
"Snacks","Titay's Hojaldres | 180g","180",89.5
"Snacks","Jack & Jill Cloud 9 Overload | 45g","45",17.95
"Snacks","Cloud 9 Bar Classic | 28g","28",7.75
"Snacks","Choco Mucho Minis White Chocolate | 8g 20pcs","8",52.5
"Snacks","Choco Mucho Minis Milk Choco | 8g 20pcs","8",52.5
"Snacks","Choco Mucho White Choco Caramel | 30g","30",9.5
"Snacks","Choco Mucho Dark Chocolate | 30g","30",9.5
"Snacks","Choco Mucho Milk Choco Caramel | 30g","30",9.5
"Snacks","Choc Nut Milk Chocolate King SP | 16pcs","16",62.5
"Snacks","Cadbury Dairy Milk Chocolate Bar | 12.50g","12.50",18.5
"Snacks","Cadbury Dairy Milk Fruit & Nut Bar | 25g","25",34.5
"Snacks","Cadbury Dairy Milk Chocolate Bar | 25g","25",32.5
"Snacks","Cadbury Dairy Milk Fruit & Nut | 57g","57",74.5
"Snacks","Cadbury Chocolate Dairy Milk Bar | 57g","57",69.5
"Snacks","Annies Choco Hany Special | 260g 16pcs","260",54.5
"Snacks","Hany Milk Chocolate King | 200g 24pcs","200",48.5
"Snacks","XO Candy Choco Shake | 175g 50pcs","175",47.5
"Snacks","X.O. Candy Coffee | 50pcs","50",47.5
"Snacks","X.O. Candy Butter Caramel | 50pcs","50",47.5
"Snacks","Snow Bear Menthol Candy | 50pcs","50",71.5
"Snacks","Mentos Candy Extreme Spearmint | 135g 50pcs","135",46.5
"Snacks","Mentos Air Action | 135g 50pcs","135",46.5
"Snacks","Mentos Candy Mixed Frut I | 37g","37",30
"Snacks","Mentos Candy Mint Rolls | 37g","37",30
"Snacks","Mentos Pure Fresh Spearmint | 35g","35",72.5
"Snacks","Mentos Pure Fresh Peppermint | 35g","35",72.5
"Snacks","Halls Candy Fresh Lime | 3g 50pcs","3",49.5
"Snacks","Halls Candy Mentholyptus | 3g 50pcs","3",49.5
"Snacks","Jack & Jill Maxx Candy Cherry | 50pcs","50",47.5
"Snacks","Super Stix Ube Jr | 330g","330",85
"Snacks","Sunshine Green Peas |50g","50",12.5
"Snacks","Sunshine Green Peas | 100g","100",39.5
"Snacks","Sunshine Green Peas | 10g 20pcs","10",30
"Snacks","Lush Candy | 50pcs","50",47.5
"Snacks","Hawhaw Milk Candy | 40pcs","40",39.5
"Snacks","Hawhaw Chocolate Candy | 40pcs","40",39.5
"Snacks","Fruitella Candy Orange | 32.4g","32.4",30
"Snacks","Fruitella Strawberry | 36g","36",30
"Snacks","Frutos Tropical Chewy Candy | 50pcs","50",43.5
"Snacks","Frutos Soft Chewy Candy | 50pcs","50",43.5
"Snacks","Frooty Pintoora Lollipops | 20pcs","20",28.5
"Snacks","Fisherman S Friend Sugarfree Cherry | 25g","25",59.5
"Snacks","Fisherman S Friend Original Extrastrong | 25g","25",59.5
"Snacks","Fisherman S Friend Sugarfree Mint | 25g","25",59.5
"Snacks","Chupa Chups Classic Lollipop | 12g","12",10
"Snacks","Snowtime Cola Ice Pops | 90ml 10pcs","90",77.5
"Snacks","Skittles Fruit Sour | 40g","40",46.5
"Snacks","RPM Honey Glazed Pilinuts | 80g","80",241.5
"Snacks","RPM Glazed Pilinuts With Sesame Seeds | 80g","80",241.5
"Snacks","RPM Garlic Pilinuts | 80g","80",241.5
"Snacks","Ring Pop | 10g","10",24.5
"Snacks","Regent Egg Roll Original | 320g","320",299.5
"Snacks","Pringles Snack Hot and Spicy | 102g","102",104.5
"Snacks","Pringles Cheese | 42g","42",49.5
"Snacks","Presto Nutty Bites Peanut Butter | 32g","32",9.5
"Snacks","Presto Nutty Bites Choco Butter | 32g","32",9.5
"Snacks","Phil Brand Dried Mango Gift Box | 200g","200",304.5
"Snacks","Phil Brand Dried Green Mangoes | 200g","200",269.5
"Snacks","Phil Brand Dried Green Mangoes | 100g","100",134.5
"Snacks","Ok Lumpia Shanghai Roll Sweet Corn | 65g","65",18.5
"Snacks","Ok Lumpia Shanghai Cream Cheese | 65g","65",18.5
"Snacks","Oishi Miggos Sweet Corn | 105g","105",27.5
"Snacks","Oishi Miggos Nacho Cheese | 105g","105",27.5
"Snacks","O Puff Ube Cream Filled Marshmallow | 24pcs","24",30
"Snacks","Markenburg Mallows Bombs Taro Ube | 100g","100",33.95
"Snacks","Mondelez Oreo Vanilla | 27.6g 6pcs","27.6",64.5
"Snacks","Monde Genji Strawberry Pie | 10.5g 9pcs","10.5",99.5
"Snacks","Monde Genji Lemon Pie | 10.5g 9pcs","10.5",99.5
"Snacks","Mmas Marshmallow Strawberry | 100g","100",47.5
"Snacks","Mmas Marshmallow Grape | 100g","100",47.5
"Snacks","Miramar Peanut Bar | 10pcs","10",45
"Snacks","Miramar Nougat Candy | 25pcs","25",26.5
"Snacks","Miramar Nougat Candy | 40pcs (170g)","40",39.95
"Snacks","Mentos Soda Kick | 135g","135",46.5
"Snacks","Mentos Mini Mint | 10g 20pcs","10",67.5
"Snacks","Meiji Apollo Chocolate Bag | 100.8g 12pcs","100.8",239.5
"Snacks","M&M'S Milk Links | 14.5g 10pcs","14.5",134.5
"Snacks","Loaded White Chocolate Filled | 65g","65",18.5
"Snacks","Loaded Chocolate Filled | 65g","65",18.5
"Snacks","Loacker Wafer Biscuit Quadratini Kakao | 250g","250",216.5
"Snacks","Loacker Wafer Biscuit Quadratini Napolitaner | 250g","250",216.5
"Snacks","Loacker Wafer Quadratini Vanille | 125g","125",134.5
"Snacks","Loacker Wafer Napoli | 45g","45",44.5
"Snacks","Loacker Wafer Biscuits Cream Kakao | 45g","45",44.5
"Snacks","Lindt Lindor Heart Mini | 37g","37",214.5
"Snacks","Lindt Lindor Irresistibly Smooth Assorted | 200g","200",649.5
"Snacks","Lay's Potato Chips Salt and Vinegar | 170g","170",169.95
"Snacks","Laura's Egg Cracklet | 250g","250",94.5
"Snacks","Kimnori Crispy Seaweed Curry | 4g 3pcs","4",106.5
"Snacks","Khong Guan Fiesta Assorted Biscuit | 1500g","1500",399.5
"Snacks","Khong Guan Biscuit Star Gem | 25g 10pcs","25",79.5
"Snacks","Kat Leines Roasted Cashew | 350g","350",474.5
"Snacks","Juju Popping Lollipop Cherry | 13.8g","13.8",14.5
"Snacks","Juju Candy Lipstick | 6g","6",61.5
"Snacks","Jovy Crispy Pili Nuts | 325g","325",388.5
"Snacks","JBC Hiho Crunchy Cracker Nuts BBQ | 160g","160",37.5
"Snacks","Jack & Jill Wafretz Brix Mocha | 24g 10pcs","24",71.5
"Snacks","Jack & Jill Nova Greens Sweet Corn | 78g","78",37.5
"Snacks","Jack & Jill Nova Greens Sweet Corn | 40g","40",19.5
"Snacks","J&J Potato Chips Plain Salted Mega Pack | 130g","130",92.5
"Snacks","Ice Breakers Mints Spearmint | 42g","42",109.5
"Snacks","Hi Chew Strawberry | 57g","57",38.5
"Snacks","Hi Chew Green Apple | 57g","57",38.5
"Snacks","Hi Chew Grapes | 57g","57",38.5
"Snacks","Goldilocks Pinipig Polvoron | 600g 24pcs","600",374.5
"Snacks","Frutos Strawberry Milkshake Chewy Candy | 50pcs","50",43.5
"Snacks","Frutos Soft Chewy Milk Candy | 50pcs","50",43.5
"Snacks","Frooty Milky Pop | 9g 20pcs 2pcs","9",44.5
"Snacks","Fisherman's Friend Suger Free Spearmint | 25g","25",59.5
"Snacks","Expo Spicy Hot Greaseless Peanut | 50g","50",11.5
"Snacks","Expo Greaseless Peanuts | 50g","50",11.5
"Snacks","Expo Coated Peanuts | 50g","50",11.5
"Snacks","Expo Coated Peanuts | 12pcs 8g","12",15.95
"Snacks","Edelyn's Greaseless Peanuts | 500g","500",379.5
"Snacks","Edelyn's Greaseless Peanuts | 250g","250",224.5
"Snacks","Dutche Dark Chocolate With Stevia | 100g","100",75
"Snacks","Dailyfix Tm Nutty and Nice | 100g","100",149.5
"Snacks","Dailyfix Tm Cranberry Yogurt | 100g","100",149.5
"Snacks","Dailyfix Tm Almond Dark Choco | 100g","100",149.5
"Snacks","Daesang O'Food Olive Oil Seaweed | 2pcs 4g","2",52.5
"Snacks","Daesang O'Food Cheese Seaweed | 2pcs 4g","2",58.5
"Snacks","Daesang O'Food Spicy Seaweed | 2pcs 4g","2",58.5
"Snacks","Daesang O'Food BBQ Seaweed | 2pcs 4g","2",58.5
"Snacks","Croley Lobo Trio Pouch | 110g","110",34.5
"Snacks","Croley Biscuits Assorted Green | 2.5kg","2.5",399.5
"Snacks","Columbia Frooty Chocolicious | 23pcs 19.5g","23",28.5
"Snacks","Cocoa Monsters Chocolate Mango | 70g","70",324.5
"Snacks","Cocoa Monsters Chocolate Mango | 140g","140",630
"Snacks","Choco Mani Sakto Bars | 24pcs","24",41.5
"Snacks","Chew C Milk Tea Chewy Candy | 75g","75",29.5
"Snacks","Chew C Matcha Chewy Candy | 75g","75",29.5
"Snacks","Cebu Dried Mangoes Chips | 200g","200",191.5
"Snacks","Cebu Dried Mango Giftbox | 200g","200",304.5
"Snacks","Cebu Dried Mango Chips | 50g","50",50
"Snacks","Carls Pork Chicharon Plate Big | 120g","120",87.5
"Snacks","Cal Cheese | 10pcs 20g","10",72.5
"Snacks","Bawang Na Bawang Crunchy Cornick | 100g","100",24.5
"Snacks","7D Mangorind | 90g","90",53.5
"Snacks","7D Mangorind | 175g","175",102.5
"Snacks","7D Dried Mango Pineapple Mix | 80g","80",91.5
"Snacks","7D Dried Mango Chocolate Coated | 80g","80",133.5
"Snacks","Fibisco Butter Cookies English Quality | 400g","400",224.5
"Snacks","Lays Truffle | 170g","170",189.5
"Snacks","Ruffles Potato Chips Regular | 170g","170",169.95
"Snacks","Ruffles Sour Cream & Onion | 170g","170",169.95
"Snacks","Lays BBQ | 170g","170",169.95
"Snacks","Goldilocks Classic Polvoron | 27g 10pcs","27",162.5
"Snacks","Lays Potato Chips Regular | 170g","170",164.5
"Snacks","W.L Cornbits Mix Jar | 450g","450",142.5
"Snacks","Jack & Jill Calbee Ripples Nori | 170g","170",134.5
"Snacks","Jack & Jill Calbee Potato Chips Wasabi | 170g","170",134.5
"Snacks","Pringles Snack Smoky BBQ | 134g","134",119.5
"Snacks","Jack & Jill Potato Chips Barbecue Megapack | 130g","130",92.5
"Snacks","Chips Ahoy Chocolate Cookies Original | 142.5g","142.5",94.5
"Snacks","Wrigley Pellets Doublemint | 30pcs","30",84.5
"Snacks","Choco Vron Bite Size Cookies & Cream | 80g","80",75
"Snacks","Mentos Mini Rainbow | 10g 20pcs","10",67.5
"Snacks","Doritos Tortila Chips Nacho Cheesier | 65g","65",62.5
"Snacks","Lays Sour Cream & Onion | 50g","50",54.95
"Snacks","Lays Original | 50g","50",54.95
"Snacks","Nagaraya Cracker Nuts Butter | 20g 10pcs","20",61.5
"Snacks","W.L Muncher Green Peas Original Flavor | 200g","200",48.5
"Snacks","Jack & Jill Piattos Spicy Cheese | 85g","85",38.95
"Snacks","Columbias Icool Mentholated Gum | 50pcs","50",43.5
"Snacks","Jack & Jill Nova Greens Nacho Cheese | 78g","78",37.5
"Snacks","Leslie Clover Chips BBQ | 85g","85",38.95
"Snacks","Columbia's Yakee Super Asim | 25+2pcs","2",27.5
"Snacks","Oishi Oheya Multigrain Snacks | 100g","100",27.5
"Snacks","Goya Winter Chill | 30g","30",28.5
"Snacks","Jack & Jill Mr. Chips Manamis Mais | 110g","110",19.5
"Snacks","Jack & Jill Potato Chips V Cut Cheese | 25g","25",19.5
"Snacks","Jack & Jill Tostillas Nacho Cheese | 32g","32",17.5
"Snacks","Jack & Jill Choco Knots | 50g","50",14.95
"Snacks","Trolli Gummi Sidewinder | 19g","19",13.5
"Snacks","Regent Tempura Shrimp Flavored Snacks | 35g","35",9.95
"Snacks","Snacku Vegetable Crackers | 25g","25",8.95
"Snacks","Golden Sweet Corn | 25g","25",8.95
"Snacks","Chicken Skin Mang Juan | 16g","16",7.95
"Snacks","Chicharon Ni Mang Juan Sukat Sili | 26g","26",7.95
"Snacks","Hersheys Kisses Cookies N Cream | 150g","150",204.5
"Snacks","Hersheys Kisses Cookies N Cream | 226g","226",299.5
"Snacks","Babble Joe Tutti Frutt | 25pcs","25",24.5
"Snacks","Babble Joe Orange | 25pcs","25",24.5
"Snacks","Pavias Mushroom Chicharon | 100g","100",109.5
"Snacks","Pavias Mushroom Chili Cheese | 100g","100",109.5
"Snacks","Pavias Mushroom Chicharon Cheese | 100g","100",109.5
"Snacks","Pavias Mushroom Salted Egg | 100g","100",109.5
"Snacks","Pavias Mushroom Chili Garlic | 100g","100",109.5
"Snacks","Kangkong King Chips Salted Egg | 60g","60",199.5
"Snacks","Kangkong King Chips Cheese | 60g","60",164.5
"Snacks","Kangkong King Chips Sour And Cream | 60g","60",164.5
"Snacks","Kangkong King Chips Spicy | 60g","60",164.5
"Snacks","Kangkong King Chips Original | 60g","60",164.5
"Snacks","Danish Milk Sandwich | 25g 10pcs","25",66.5
"Snacks","Danish Chocolate Sandwich | 25g 10pcs","25",66.5
"Snacks","Danish Cheese Sandwich | 25g 10pcs","25",66.5
"Snacks","Jack & Jill Cream O Brownie Cookie | 25g 12pcs","25",169.5
"Snacks","Sweet Dart Swerte White Balls | 50g","50",20.5
"Snacks","Sweet Dart I Like Choco Balls | 50g","50",21.95
"Snacks","Van Houten Dark Milk Assortment Drages | 40g","40",54.5
"Snacks","Van Houten Dark Milk Raisins Dragees | 40g","40",54.5
"Snacks","Van Houten Dark Milk Almond Dragees | 40g","40",54.5
"Snacks","Van Houten 52% Cocoa Almond Dragees | 40g","40",54.5
"Snacks","Van Houten Dark Milk Hazelnut | 140g","140",159.5
"Snacks","Van Houten Dark 52 Cocoa Almond | 140g","140",159.5
"Snacks","Van Houten Dark 52 Cocoa Almond | 40g","40",52.5
"Snacks","Van Houten Dark Milk Fruit & Nut | 140g","140",159.5
"Snacks","Van Houten Dark Milk Almonds | 140g","140",159.5
"Snacks","Van Houten Dark Milk Chocolate | 140g","140",159.5
"Snacks","Van Houten Dark Milk Fruit & Nut | 40g","40",52.5
"Snacks","Van Houten Dark Milk Almonds | 40g","40",52.5
"Snacks","Van Houten Dark Milk Chocolate | 40g","40",52.5
"Snacks","Orion O Rice Seaweed | 95g","95",89.5
"Snacks","Orion O Rice Natural Snow | 129g","129",89.5
"Snacks","Cadbury Dairymilk Sharebag | 125g","125",169.5
"Snacks","Dutche Christmas Plastic Gift | 81g","81",50
"Snacks","Nissin Butter Coconut | 28g 10pcs","28",68.5
"Snacks","WL Dip Dip Choco Strawberry | 30g","30",14.75
"Snacks","WL Dip Dip Strawberry | 30g","30",14.75
"Snacks","WL Panda Danish Choco Wafer | 52.68g","52.68",15
"Snacks","WL Panda Danish Vanilla Wafer | 52.68g","52.68",15
"Snacks","El Marios Chicharon Master | 110g","110",169.5
"Snacks","Memer Fish Cracker | 200g","200",69.5
"Snacks","Fairys Cone Belgian Waffle | 6pcs","6",66.5
"Snacks","Rebisco Frootees Combo | 32g 10pcs","32",69.95
"Snacks","Jack & Jill X.O Strawberry Cheesecake | 50pcs","50",47.5
"Snacks","Hersheys Kisses Cnc Creamy Almond | 81g","81",109.5
"Snacks","Hersheys Kisses Cnc Creamy Almond | 180g","180",229.5
"Snacks","Peanut Kisses | 200g","200",184.5
"Snacks","Peanut Kisses | 100g","100",104.5
"Snacks","Halloween Bears Fruit Gummies | 91g","91",52.5
"Snacks","Jelly Belly Assorted | 28g 10pcs","28",59.5
"Snacks","Hersheys Choco Cookies Cream | 40g 6pcs","40",277
"Snacks","Chupachups The Best Bag | 12g 8pcs","12",74.5
"Snacks","Regent Rice & Corn Cheese | 96g","96",86.5
"Snacks","4D Gummy Fast Food | 75g","75",69.5
"Snacks","Dutche Valentine Day Heart Dish | 156g","156",75
"Snacks","Tictac Mint Mono Jar | 152g","152",234.5
"Snacks","Tictac Orange Mono Jar | 152g","152",234.5
"Snacks","Jack & Jill Stick Snacks Cheddar | 28g","28",9.5
"Snacks","Jack & Jill Stick Snacks BBQ | 28g","28",9.5
"Snacks","Oatbedient Oat Milk Chocolate |1L","1",179.5
"Snacks","Oatbedient Oat Milk Barista |1L","1",179.5
"Snacks","Lays Garlic Butter Scallop |150g","150",169.95
"Snacks","Lays Wagyu Steak |150g","150",169.95
"Snacks","Lays Shrimp Roe |150g","150",169.95
"Snacks","Tiffany Digestive Biscuit Wheat |400g","400",134.5
"Snacks","Oishi Onion Rings |75g","75",27.5
"Snacks","Kitkat Salted Caramel Bar |99g","99",159.5
"Snacks","Kitkat Chunky White |160g","160",189.5
"Snacks","Kitkat Chunky Milk 4S |128g","128",199.5
"Snacks","Kitkat Double Chocolate |99g","99",159.5
"Snacks","Kitkat Hazelnut Bar |99g","99",159.5
"Snacks","Nabisco Toasted Chips Garlic |229g","229",269.5
"Snacks","Nabisco Toasted Chips Ranch |229g","229",269.5
"Snacks","Nabisco Toasted Chips Veggie |229g","229",269.5
"Snacks","Nabisco Toasted Chips Sweet Habanero |229g","229",269.5
"Snacks","Kokola Favorrico Chocolate Chip Cookie |400g","400",114.5
"Snacks","Sweet Station Mallow Stripes |100g","100",29.5
"Snacks","Sweet Station Mallow Cake |100g","100",29.5
"Snacks","Bounty Fresh Pork Chicharon |35g","35",40
"Snacks","Cadbury Crisp It |32g","32",44.5
"Snacks","Philppines Brand Chocolated Dried Mango | 65g","65",126.5
"Snacks","SM Bonus Clifornia Seedless Raisins | 200g","200",86.5
"Snacks","Cebu Dried Mango Chips | 100g","100",95
"Snacks","SM Bonus California Seedless Raisins | 100g","100",44.5
"Snacks","Granny Goose Krrrrunch Cheese | 60g","60",40.5
"Snacks","J&J Kropek Ni Mang Juan Spicy Pusit 80G","80",24.95
"Snacks","Orion Turtle Chips Corn Butter | 60g","60",43.5
"Snacks","Orion Corn Chip Spicy | 35g","35",43.5
"Snacks","Orion Corn Chip Butter | 35g","35",62.5
"Snacks","The Golden Duck Himalayan Salt | 125g","125",119.5
"Snacks","The Golden Duck Himalayan Salt | 45g","45",59.5
"Snacks","Kimnori Seaweed Butter Cheese | 4g 3pcs","4",106.5
"Snacks","Hana Yaki Sushi Nori | 13g","13",94.5
"Snacks","Hana Fried Fish Snacks Original | 50g","50",137.5
"Snacks","Hana Fried Fish Snacks Mayo Pepper | 50g","50",137.5
"Snacks","Hana Fried Fish Snacks Hot Pepper | 50g","50",137.5
"Snacks","Toblerone Truffles Chocolate | 180g","180",399.95
"Snacks","Pringles Sour Cream & Onion | 66g","66",69.5
"Snacks","Pringles Seaweed Burst | 102g","102",109.5
"Snacks","Pringles Original | 66g","66",69.5
"Snacks","Pringles Hi Cheese | 95g","95",109.5
"Snacks","Potchi Peel Me Juicy Mango Gummy | 30g","30",14.95
"Snacks","Luv Lov Choco Panda Milk Chocolate | 20pcs","20",59.5
"Snacks","Lotte Koala March Bitter Chocolate | 37g","37",39.5
"Snacks","Kameda Ichi Rice Shoyu Honey | 100g","100",124.5
"Snacks","Kameda Ichi Rice Mini Spicy | 120g","120",149.5
"Snacks","Kameda Ichi Rice Mini Honey | 120g","120",139.5
"Snacks","HBAF Wasabi Almond | 120g","120",269.5
"Snacks","HBAF Honey Butter Almond | 120g","120",269.5
"Snacks","HBAF Caramel Salted Almond Pretzel | 120g","120",269.5
"Snacks","Haribo Happy Grapes Gummy | 80pcs","80",59.5
"Snacks","Columbia Kool Choice Himalayan Candy | 50pcs","50",47.5
"Snacks","Columbia Choco Rico | 30pcs","30",59.5
"Snacks","Coco Kokokiss Chocorn Fingers | 110pcs","110",62.5
"Snacks","Coco I-Choco Cup | 15g 10pcs","15",56.5
"Snacks","Coco Dubai Chocolate Pistachio | 70g","70",79.5
"Snacks","Coco Dubai Chocolate Coconut | 70g","70",74.5
"Snacks","Coco Dubai Chocolate Almond | 70g","70",74.5
"Snacks","Coco Cream Bar Assorted Flavor | 300g","300",136.5
"Snacks","Coco Blasting Ice Cream Mix Flavor | 300g","300",136.5
"Snacks","Lotte Kkokalcone Spicy & Sweet | 67g","67",79.5
"Snacks","Lotte Kkokalcone Roasted | 67g","67",79.5
"Snacks","Lotte Kkokalcone Grilled Corn | 67g","67",79.5
"Snacks","WL Super Bawang Corn Snack Mix Savory Flavor | 500g","500",119.5
"Snacks","WL Super Bawang Corn Snack Garlic | 500g","500",132.5
"Snacks","Lays Tomato Ketchup | 170g","170",169.95
"Snacks","Lays Tomato Ketchup | 50g","50",55.5
"Snacks","Hello Wafer Strawberry Cheseecake | 14.8g","14.8",7.95
"Snacks","Jelliyum Berry Cool Ah | 54g 12pcs","54",21.5
"Snacks","Haribo Worms Zourr | 80g","80",62.5
"Snacks","WL Panda Cheese Stick Biscuit With Cheese | 25g","25",63.5
"Snacks","WL EC Twinlion Stick Chicken Flavor | 58g","58",12.5
"Snacks","Amos Peelerz Mango Flavor | 65g","65",57.5
"Snacks","4D Gummy Juice Burst Orange | 65g","65",56.5
"Snacks","Potchi Chocolate Mallows | 84g 24pcs","84",30
"Snacks","Potchi Chocolate Berry Mallows | 84g 24pcs","84",31.5
"Snacks","Chupa Chups Melody Pops | 15g","15",13.95
"Snacks","Dolphin Konjac Jelly Lychee | 300g","300",94.5
"Snacks","Dolphin Konjac Jelly Grape | 300g","300",94.5
"Snacks","Dolphin Konjac Jelly Peach | 300g","300",94.5
"Snacks","Dolphin Konjac Jelly Mango | 300g","300",94.5
"Snacks","Danisa Butter Cookies | 454g","454",329.5
"Snacks","Calbee Hokkaido Crab & Cheese | 170g","170",134.5
"Snacks","Irvins Truffle Potato Chips | 70g","70",244.5
"Snacks","Konu Cone Bites Mixed Flavor | 115g","115",100
"Snacks","Konu Cone Bites Cookies & Cream | 115g","115",100
"Snacks","Frabelle Foods Sweet & Spicy Dilis | 60g","60",79.5
"Snacks","Frabelle Foods Sweet & Spicy Pusit | 60g","60",99.5
"Snacks","Calbee Hokkaido Crab & Cheese | 60g","60",47.5
"Snacks","Konu Cone Bites Mixed Flavor | 43g","43",49.5
"Snacks","Oishi Pande Cranch Bread Sticks Garlic | 24g","24",7.95
"Snacks","Oishi Pandecranch Breadsticks Garlic | 38g","38",11.95
"Snacks","Oishi Pandecranch Breadsticks Cheese | 38g","38",11.95
"Snacks","Cadbury Dairy Milk Bites Almond | 120g","120",139.5
"Snacks","Cadbury Dairy Milk Bites Hazelnut | 120g","120",139.5
"Snacks","Hersheys Kisses Truffle Filled | 36g","36",61.5
"Snacks","Hersheys Kisses Strawberry Filled | 36g","36",61.5
"Snacks","Toblerone Tin Can | 152g","152",414.5
"Snacks","Toblerone Tin Can | 288g","288",724.5
"Snacks","Dr. Q Konjac Jelly Grape | 265g","265",162.5
"Snacks","Dr. Q Konjac Jelly Lychee | 265g","265",162.5
"Snacks","Jack & Jill Nips Creamy Tiramisu | 40g","40",21.5
"Snacks","Bakemate Malt N Milk Biscuit | 35g 10pcs","35",53.5
"Snacks","Bakemate Nice Coconut Biscuit | 35g 10pcs","35",53.5
"Snacks","Hershey's Kisses Milk Chocolate With Almond | 150g","150",204.5
"Snacks","Dutche Gold Coin | 70g 20pcs","70",32
"Snacks","Dutche Belgian Chocolate Bar | 500g","500",266.5
"Snacks","Cadbury Dairy Milk Favourites Assorted | 212.50g","212.50",299.5
"Snacks","Hersheys Milk Chocolate With Almond | 43g 6pcs","43",277
"Snacks","Hershey's Kisses Milk Chocolate | 150g","150",204.5
"Snacks","Toblerone White Minis | 200g","200",299.95
"Snacks","Toblerone Bitter Sweet Mini Bag | 200g","200",299.95
"Snacks","Tiwi Golden Coin | 100pcs","100",126.5
"Snacks","Royal Dansk Parol Tin | 454g","454",359.5
"Snacks","Rimi Gifts Scottisch Cookies | 250g","250",199.5
"Snacks","Rimi Danish Style Cookies | 340g","340",199.5
"Snacks","Rimi Gifts Chocolates | 72g","72",59.5
"Snacks","M&M's Chocolate Milk | 175.5g","175.5",289.5
"Snacks","M&M's Chocolate Peanut | 175.5g","175.5",289.5
"Snacks","Lindt Swiss Thins Milk Chocolate | 125g","125",494.5
"Snacks","Regent Crisps Seaweeds Flavor | 60g","60",32.5
"Snacks","Glico Cookies & Cream Tin Can | 6pcs","6",276
"Snacks","Glico Strawberry Tin Can | 6pcs","6",276
"Snacks","Glico Chocolate Tin Can | 6pcs","6",276
"Snacks","Twix Caramel Funsize | 159.5g","159.5",199.5
"Snacks","Glico Pocky Assorted Save 20 | 118g 3pcs","118",128.5
"Snacks","Khong Guan Clebration Assorted Biscuit | 350g","350",241.5
"Snacks","Cowhead Milk Cookies Bucket | 350g","350",254.5
"Snacks","Violet Crumble Nuggets | 135g","135",229.5
"Snacks","Violet Crumble Cubes Dark | 170g","170",229.5
"Snacks","Violet Crumble Cubes Caramel | 170g","170",199.95
"Snacks","Glico Pocky Choco Save 20 | 40g 3pcs","40",128.5
"Snacks","Nelson Sweets Halloween Lollipop | 30g","30",89.5
"Snacks","Nelson Sweets Halloween Lollipop | 60g","60",115
"Snacks","Halloween Twirly Jumbo | 60g","60",115
"Snacks","Halloween Mini Spiral | 10pcs","10",115
"Snacks","4D Gummy Eyeballs | 72g","72",47.5
"Snacks","4D Gummy Cupcakes | 72g","72",47.5
"Snacks","Marken Longlegs Mallows | 100g","100",54.5
"Snacks","Beardy Monster Kiss Pop | 200g","200",56.5
"Snacks","Beardy Great Monster Lollipop | 200g","200",56.5
"Snacks","Bpop | 15g","15",54.5
"Snacks","Trolli Gummy Assorted Celebration Pack | 77g","77",62.95
"Snacks","Trolli Gummi Pumpkin Assorted Mix | 90g","90",129.5
"Snacks","Jelly Belly Bubble Tea | 70g","70",139.5
"Snacks","Jelly Belly Bubble Tea | 28g","28",64.5
"Snacks","Striking Popping Lollipop Grape | 13.8g","13.8",59.5
"Snacks","Striking Popping Lollipop Cola | 13.8g","13.8",59.5
"Snacks","Striking Popping Lollipop Electric Shock | 13.8g","13.8",59.5
"Snacks","Striking Popping Lollipop Strawberry | 13.8g","13.8",59.5
"Snacks","Warheads New Sour Fruity Cubes | 113.3g","113.3",174.5
"Snacks","Warheads Sour Galactic Mix Cube | 99g","99",174.5
"Snacks","Nerds Gummy Cluster Rainbow | 85g","85",174.5
"Snacks","Cadbury Roast Almond Tin Can | 200g","200",339.5
"Snacks","Cadbury Fruit & Nut Tin Can | 200g","200",339.5
"Snacks","Smart Choice Rstd Split Cashews | 250g","250",289.5
"Snacks","Smart Choice California Pistachios | 250g","250",312.5
"Snacks","Smart Choice Raw Pumpkin Seeds | 250g","250",200
"Snacks","Smart Choice Raw Sunflower Kernel | 250g","250",107.5
"Snacks","Smart Choice California Walnuts | 250g","250",287.5
"Snacks","Smart Choice Raw Almonds | 250g","250",287.5
"Snacks","Nori Roll Seaweed Spicy | 2.5g 12pcs","2.5",156
"Snacks","Nori Seaweed Flakes Tabur Original | 60g","60",124.5
"Snacks","Nori Seaweed Flakes Tabur BBQ | 60g","60",124.5
"Snacks","Nori Seaweed Flakes Tabur Seafood | 60g","60",124.5
"Snacks","Nori Tempura Seaweed Original | 24g","24",49.5
"Snacks","Nori Tempura Seaweed Spicy | 24g","24",49.5
"Snacks","Nori Tempura Seaweed BBQ | 24g","24",49.5
"Snacks","Nori Roll Seaweed Original | 2.5g 12pcs","2.5",156
"Snacks","Nori Roll Seaweed BBQ | 2.5g 12pcs","2.5",156
"Snacks","Nori Seaweed Flakes Tabur Spicy | 60g","60",124.5
"Snacks","Jolly Fresh Pitted Prunes | 340g","340",274.5
"Snacks","Champion Pitted Prunes Bag | 226g","226",294.5
"Snacks","Sunkist Dry Roasted Pistachios | 150g","150",319.5
"Snacks","Sunkist Cashew Slight Salt | 160g","160",269.5
"Snacks","Nut N Else Wow Mani With Crispy Garlic | 100g","100",59.5
"Snacks","Nut N Else Wow Mani Garlic Peanut | 325g","325",194.5
"Snacks","Nut N Else Wow Kasoy With Crispy Garlic | 80g","80",112.5
"Snacks","Murgerbon Wasabi Almond | 200g","200",334.5
"Snacks","Murgerbon Tiramisu Almond | 180g","180",334.5
"Snacks","Murgerbon Honey Butter Almond | 200g","200",334.5
"Snacks","Murgerbon Cafemond | 200g","200",359.5
"Snacks","KSK Boy Bawang Golden Sweet Corn | 100g","100",32.5
"Snacks","Heritage Whole Cashew | 250g","250",269.5
"Snacks","Heritage Walnuts | 200g","200",324.5
"Snacks","Heritage Natural Whole Almonds | 250g","250",296.5
"Snacks","Heritage Blanched Sliced Almonds | 200g","200",244.5
"Snacks","Heritage Natural Whole Almonds | 500g","500",549.5
"Snacks","Chickboy Popnik Sweetcorn | 100g","100",17.5
"Snacks","Chickboy Popnik Cheese | 100g","100",17.5
"Snacks","Cha Cheer Sunflower Seeds Original | 130g","130",74.5
"Snacks","Cha Cheer Sunflower Seeds | 130g","130",74.5
"Snacks","Cha Cheer Sunflower Seeds Salted | 130g","130",74.5
"Snacks","Cha Cheer Sunflower Seeds Roasted | 250g","250",139.5
"Snacks","Boy Bawang Assorted Nuts | 85g","85",26.95
"Snacks","Blue Diamond Roasted Salted Almonds | 150g","150",274.5
"Snacks","Blue Diamond Premium Mixed Nuts | 135g","135",269.5
"Snacks","Blue Diamond Almonds Roasted Salted | 130g","130",269.5
"Snacks","Act II Salted Popcorn | 85g","85",71.5
"Snacks","Act II Popcorn Butter | 85g","85",71.5
"Snacks","Oishi Spicy Seafood Curls | 90g","90",27.5
"Snacks","Oishi Potato Fries Plain Salted | 90g","90",27.5
"Snacks","Oishi Potato Fries Cheese | 90g","90",27.5
"Snacks","Oishi Natural Potato Chips Plain Salt | 160g","160",94.5
"Snacks","Oishi 4X Cheese Corn Snack | 24g","24",7.95
"Snacks","Oishi 4X Barbecue Corn Snack | 24g","24",7.95
"Snacks","Nongshim Onion Rings | 50g","50",49.5
"Snacks","Nacho Chips Sour & Cream | 500g","500",199.5
"Snacks","Nacho Chips Plain | 500g","500",169.5
"Snacks","Nacho Chips Colored Mix | 500g","500",169.5
"Snacks","Nacho Chips Cheese | 500g","500",199.5
"Snacks","Nacho Chips Barbeque | 500g","500",199.5
"Snacks","Mister Freed Tortilla Kale & Spinach | 135g","135",174.5
"Snacks","Mister Freed Tortilla Chia Seed | 135g","135",174.5
"Snacks","Mackies Cheddar & Onion Ridge Potato Chips | 150g","150",169.5
"Snacks","Leslie Nacho Duos | 50g","50",15
"Snacks","Leslie Clover Bits Grab Bag Chicken | 35g","35",8.95
"Snacks","Leslie Cheezy Cheddar Jalapeno | 70g","70",32.5
"Snacks","Leslie Baked Cheezy White Cheddar | 40g","40",14.5
"Snacks","J&J Calbee Ripples Sour Cream & Onion | 170g","170",134.5
"Snacks","House Tongarasi Corn Yaki Chips | 75g","75",167.5
"Snacks","House Tongarasi Corn Salt Chips | 75g","75",167.5
"Snacks","Golden Duck Salted Egg Fish Skin | 105g","105",310
"Snacks","Golden Duck Salted Egg Crab | 102g","102",310
"Snacks","Farmer John Potato Chips Salted | 55g","55",43.5
"Snacks","Farmer John Potato Chips Cheddar & Sour Cream | 55g","55",43.95
"Snacks","Farmer John Potato Chips Sco | 55g","55",43.95
"Snacks","Farmer John Potato Chips Salt & Vinegar | 55g","55",43.95
"Snacks","California Cassava Chips Sour Cream & Onions | 120g","120",109.5
"Snacks","California Cassava Chips Barbeque | 120g","120",109.5
"Snacks","Bambi Taco Shell Corn | 12pcs","12",72.5
"Snacks","Bambi Taco Shell Bubbling | 12pcs","12",49.95
"Snacks","Bahaghari Taro Chips Truffle | 120g","120",159.5
"Snacks","Bahaghari Taro Chips Sweetened | 120g","120",159.5
"Snacks","Bahaghari Taro Chips Barbeque | 120g","120",159.5
"Snacks","Nongshim Shrimp Hot | 75g","75",54.5
"Snacks","Nongshim Shrimp Original | 75g","75",52.5
"Snacks","Farmer John Potato Chips BBQ | 55g","55",43.95
"Snacks","Chupa Chups Sourbelt Mixed Fruit | 8g","8",7
"Snacks","Markenburg Marshmallow Twist | 250g","250",69.95
"Snacks","Markenburg Marshmallow Large Assorted | 250g","250",69.95
"Snacks","Markenburg Mallow Bombs Mango | 100g","100",33.95
"Snacks","Markenburg Mallow Bombs Choco | 100g","100",33.95
"Snacks","Markenburg Camper Marshmallows Flower | 130g","130",35.95
"Snacks","Markenburg Camper Marshmallows Large | 130g","130",35.95
"Snacks","Judge Spearmint Bubblegum | 50pcs","50",36.5
"Snacks","Columbias V Fresh | 165g 50pcs","165",43.5
"Snacks","Columbias Pintoora Gumball | 25pcs","25",27.5
"Snacks","Wiggles Chocolate Coated Marshmallow | 7g 18pcs","7",40
"Snacks","Violet Crumble Original | 30g","30",79.5
"Snacks","Violet Crumble Dark | 30g","30",81.5
"Snacks","Violet Crumble Bitesize Pack | 170g","170",229.5
"Snacks","Toblerone Fruit &Nut | 100g","100",169.5
"Snacks","Meiji Stick Pack Milk Chocolate | 41g","41",64.5
"Snacks","Meiji Stick Pack Black Chocolate | 41g","41",64.5
"Snacks","Meiji Macadamia Black Choco | 58g","58",142.5
"Snacks","Meiji Macadamia Chocolate | 63g","63",154.5
"Snacks","Meiji Chocolate Apollo | 46g","46",54.5
"Snacks","Meiji Chocolate Almond Ball | 74g","74",144.5
"Snacks","Meiji Best 3 Chocolate | 108g","108",214.5
"Snacks","Meiji Bars Strawberry Chocolate | 46g","46",66.5
"Snacks","Meiji Bars Chocolate Milk | 50g","50",71.5
"Snacks","Meiji Bars Chocolate Black | 50g","50",71.5
"Snacks","Meiji Assorted Chocolate | 47g","47",86.5
"Snacks","Meiji Almond Black Choco | 74g","74",142.5
"Snacks","Meiji Almond Ball Chocolate | 79g","79",154.5
"Snacks","Lindt Swiss Classic Dark | 100g","100",234.5
"Snacks","Lindt Swiss Chocolate White Chocolate | 100g","100",234.5
"Snacks","Lindt Swiss Chocolate Milk | 100g","100",234.5
"Snacks","Lindt Swiss Chocolate Dark Hazelnut | 100g","100",274.5
"Snacks","Lindt Swiss Chocolate Milk Hazelnut | 100g","100",274.5
"Snacks","Lala Ube Pastillas | 35g 12pcs","35",174.95
"Snacks","Lala Chocolate Bar | 35g 12pcs","35",174.95
"Snacks","Jack &Jill Nips Strawberry Delight | 40g","40",21.5
"Snacks","Goya Very Berries | 30g","30",28.5
"Snacks","Goya Take It 2 Fingers | 16g 6pcs","16",94.5
"Snacks","Goya Matcha Latte | 33g","33",40.5
"Snacks","Cloud 9 Gold Choco Almond Fudge | 36g","36",21
"Snacks","Cadbury Hazelnut | 130g","130",164.5
"Snacks","Belgian No Sugar Added Milk With Hazelnuts | 100g","100",276.5
"Snacks","Belgian No Sugar Added Milk Chocolate | 100g","100",274.5
"Snacks","Belgian No Sugar Added Dark With Almonds | 100g","100",284.5
"Snacks","Belgian No Sugar Added Dark | 100g","100",276.5
"Snacks","Lindt Excellence 70% Dark | 100g","100",339.5
"Snacks","Goya Take It 4 Fingers Matcha | 35g","35",51.5
"Snacks","Storck Starr Candy Euclyptus | 50pcs","50",44.5
"Snacks","Mentos Tropical Mix | 135g 50pcs","135",46.5
"Snacks","Lipps Pop Stix Strawberry Lollipop | 20pcs","20",27.5
"Snacks","Lipps Pop Stix Color Rumble | 20pcs","20",27.5
"Snacks","Lipps Strawberry Flavor | 50pcs","50",44.5
"Snacks","Lipps Pop Stix Color Rumble | 50pcs+15","50",76.5
"Snacks","Jack&Jill Lush Stawberry | 50pcs","50",47.5
"Snacks","Gingerbon Peppermint | 125g","125",61.5
"Snacks","Gingerbon Ginger Sweet Candy Extra Strong | 125g","125",61.5
"Snacks","Gingerbon Ginger Sweet Candy Regular | 125g","125",61.5
"Snacks","Candy Man White Rabbit | 50pcs","50",54.5
"Snacks","Candy Man Viva Caramel | 50pcs","50",54.5
"Snacks","Candy Man Kendimint | 50pcs","50",54.5
"Snacks","Nissin Bread Stix Garlic Parmesan | 25g","25",10
"Snacks","Want Want Shelly Senbei | 72g","72",64.5
"Snacks","Want Want Senbei Big | 92g","92",94.5
"Snacks","Want Want Purple Potato Corn Cheese | 56g 10pcs","56",65.5
"Snacks","Rebisco Hansel Premium White Cheese | 124.6g","124.6",69.95
"Snacks","Noceda Jacobina | 25g 10pcs","25",134.5
"Snacks","Monde Choco Puff Sandwich | 24g 10pcs","24",99.5
"Snacks","Nabisco Ritz Toasted Chip Original | 229g","229",234.5
"Snacks","Meiji Lucky Stick Strawberry | 45g","45",45
"Snacks","Meiji Lucky Stick Chocolate | 45g","45",45
"Snacks","Meiji Kinoko Chocolate | 66g","66",94.5
"Snacks","McVitie's Original | 250g","250",136.5
"Snacks","McVitie's Milk Chocolate | 200g","200",179.5
"Snacks","McVitie's Dark Chocolate | 200g","200",179.5
"Snacks","McVitie's Digestive Original | 355g","355",191.5
"Snacks","McVitie's Digestive Milk Chocolate | 266g","266",236.5
"Snacks","McVitie's Digestive Dark Chocolate | 266g","266",236.5
"Snacks","Lemon Square Whatta Flakes Sugar Glazed | 30g 10pcs","30",66.5
"Snacks","Lemon Square Whatta Flakes Spanish Bread | 30g 10pcs","30",66.5
"Snacks","Julies Wheat Crackers | 25g 10pcs","25",104.5
"Snacks","Julies Lemon & Lemon Sandwich | 17g 10pcs","17",104.5
"Snacks","Julies Lemon & Cheddar Sandwich | 18g 10pcs","18",104.5
"Snacks","Julies Butter Waffles | 100g","100",99.5
"Snacks","Julies Butter Crackers | 25g 10pcs","25",69.5
"Snacks","Jeanne & Jamie's Digestives | 154g","154",71.95
"Snacks","Hwa Tai Luxury Vegetable Crackers | 185g","185",139.5
"Snacks","Hwa Tai Luxury Original Crackers | 185g","185",139.5
"Snacks","Hwa Tai Crackers Vegetable | 129g","129",104.5
"Snacks","Hwa Tai Crackers Original | 129g","129",104.5
"Snacks","Haitai Saltine Crackers | 141g","141",91.5
"Snacks","Haitai Original Crackers | 172g","172",99.5
"Snacks","Haitai Cheese Crackers | 172g","172",102.5
"Snacks","Haitai Almond Crackers | 133g","133",99.5
"Snacks","Cowhead Danish Butter Cookies | 400g","400",346.5
"Snacks","Arnotts Timtam Doublecoat | 200g","200",249.5
"Snacks","Arnotts Timtam Classic Dark | 200g","200",249.5
"Snacks","Arnotts Timtam Chocolate | 200g","200",249.5
"Snacks","Sheila G's Toffee Crunch | 142g","142",234.5
"Snacks","Sheila G's Salted Caramel | 142g","142",234.5
"Snacks","Sheila G's Chocolate Chips | 142g","142",234.5
"Snacks","Royal Dansk Embossed Butter Cookies | 454g","454",384.5
"Snacks","Quaker Cookies Variety Pack | 200g 7pcs+1","200",104.5
"Snacks","Orion Milk Cream | 138g","138",82.5
"Snacks","Orion Custard Softcake | 23g 12pcs","23",159.5
"Snacks","Orion Choco Pie | 30g 12pcs","30",147.5
"Snacks","Kokola Montego Choco Chip Cookies | 400g","400",294.5
"Snacks","Kokola Milky Vanilla Cookies | 400g","400",239.5
"Snacks","Kokola Kukis Mochachino | 400g","400",239.5
"Snacks","Kokola Butter Cookies | 400g","400",239.5
"Snacks","Goldilocks Cookies Raisin Oatmeal | 120g","120",52.5
"Snacks","Goldilocks Cookies Choco Chips | 120g","120",54.5
"Snacks","Fibisco Peanut Crunch | 200g","200",61.5
"Snacks","Chips Delight Mini 90% Reduced Sugar | 130g","130",91.5
"Snacks","Chips Delight Chocolate Chip Cookies Tub | 600g","600",264.5
"Snacks","Julies Oat25 Ten Grains Cookies | 20g 8pcs","20",104.5
"Snacks","Julies Oat25 Ten Strawberry Cookies | 20g 8pcs","20",104.5
"Snacks","Twinkee Waffle Sugarcones | 10pcs","10",49.5
"Snacks","Twinkee Bear Cones | 20pcs","20",42.5
"Snacks","Oishi Bizikits Sour&Onion Crackers | 28g","28",7.95
"Snacks","Oishi Bizikits Cheese Crackers | 28g","28",7.95
"Snacks","Nissin Breadstix Letters | 20g 10pcs","20",76.5
"Snacks","Jack & Jill Cream O Cake Bar Vanilla | 40g 10pcs","40",94.5
"Snacks","Jack & Jill Nova Country Cheddar Party Pack | 160g","160",74.5
"Snacks","Hello Panda Dip Dip Strawberry | 20g","20",20
"Snacks","Hello Panda Dip Dip Milk | 20g","20",20
"Snacks","Hello Panda Dip Dip Chocolate | 20g","20",20
"Snacks","Doritos Tortilla Chips Roasted Corn | 65g","65",62.5
"Snacks","Doritos Tortilla Chips Roasted Corn | 190g","190",169.95
"Snacks","Cadbury Shots | 35.2g","35.2",25
"Snacks","Hersheys Dark Salted Caramel | 40g","40",56.5
"Snacks","Hersheys Dark Rich Coffee | 40g","40",56.5
"Snacks","Lotus Biscoff Fresh Pack | 125g","125",106.5
"Snacks","Lotus Biscoff | 124g 16pcs","124",121.5
"Snacks","Ovaltine Cookies | 30g","30",13.95
"Snacks","Merci Pita Crackers | 200g","200",56.5
"Snacks","Margies Kinihad Plain | 135g","135",69.5
"Snacks","Margies Broas | 180g","180",85
"Snacks","Merci Pulceras | 175g","175",56.5
"Snacks","Merci Garlic Toast | 85g","85",54.5
"Snacks","Merci Caramel Tart | 85g 5pcs","85",64.5
"Snacks","Merci Buttersctch | 170g","170",74.5
"Snacks","Merci Toasted Mamon Big | 190g 32pcs","190",61.5
"Snacks","Merci Pineapple Tart | 135g","135",38
"Snacks","Merci Brojas | 120g 25pcs","120",56.5
"Snacks","Tots Barquiron De Casoy | 25pcs","25",49.5
"Snacks","Yupi Big Burger Cola | 32g","32",12.95
"Snacks","Goya Bits Surprise Toy | 34g","34",59.5
"Snacks","Goya Black Cookie Crunch | 35g","35",26.5
"Snacks","Lotte Pepero Crunchy Almond 32g","32",59.5
"Snacks","Lotte Pepero White Almond | 32g","32",59.5
"Snacks","Wafello Chocolate Wafer 21g 10pcs","21",72.5
"Snacks","D Patata Natural Potato Chips Sour Cream | 60g","60",29.5
"Snacks","D Patata Natural Potato Chips Original | 60g","60",29.5
"Snacks","Trolli Blue Planet | 75g","75",126.5
"Snacks","Cowhead Chocolate Chip Oat Cookies | 178g","178",134.5
"Snacks","Oh So Healthy Sour Cream Corn | 50g","50",129.5
"Snacks","Oh So Healthy Squash & Cheese | 50g","50",129.5
"Snacks","Moniegold Sweet & Spicy Tamarind | 800g","800",246.5
"Snacks","Moniegold Sweet Tamarind | 800g","800",246.5
"Snacks","Sugo Crackers Nuts Bbq | 100g","100",26.5
"Snacks","Sugo Crackers Nuts Butter | 100g","100",26.5
"Snacks","Sugo Crackers Nuts Garlic | 100g","100",26.5
"Snacks","Peas O Coated Green Peas Bbq | 100g","100",20
"Snacks","Oishi Chokulot Choco Curls | 22g","22",7.95
"Snacks","Oishi Oheya Multigrain Cheese 28g","28",7.95
"Snacks","Cadbury Hazelnut | 57g","57",74.5
"Snacks","Trolli Squiggles Twist | 100g","100",69.5
"Snacks","Trolli Squiggles | 100g","100",69.5
"Snacks","Muncher D Patata Chips Bbq Flavor | 60g","60",32.5
"Snacks","Muncher D Patata Potato Chips Cheese | 60g","60",32.5
"Snacks","Ok Yumshot Mixed Snacks | 70g","70",21.5
"Snacks","Ok Snapea Green Pea Snack Cheese | 108g","108",37.5
"Snacks","Ok Snapea Green Pea Snack Original | 108g","108",37.5
"Snacks","Gingerbon Honey Lemon | 125g","125",61.5
"Snacks","Yupi Puzzle Gummy | 40g","40",24.95
"Snacks","Mariani Pitted Dates | 227g","227",239.5
"Snacks","Oishi Ridges Onion & Garlic | 160g","160",94.5
"Snacks","WL Dip Dip Cream Choco | 30g","30",14.75
"Snacks","Kameda Seaweed Peanut Pack | 89g","89",229.5
"Snacks","Cal Cheese Choco | 48g","48",15.5
"Snacks","Glico Pocky Double Chocolate | 39g","39",49.5
"Snacks","Chips Delight Brownies With Choco | 124g","124",65.5
"Snacks","Chips Delight Brownies With Cashew | 108g","108",66.5
"Snacks","Chips Delight Brownies With White Choco | 124g","124",66.5
"Snacks","Yupi Neon Stix Tub | 270g","270",93.5
"Snacks","Yupi Sour Cola Tub | 270g","270",116.5
"Snacks","Yupi Strawberry Kiss Tub | 270g","270",116.5
"Snacks","Yupi Big Burger | 32g","32",15.95
"Snacks","Blowee Tatoo Gum | 90g 25pcs","90",23.95
"Snacks","Frutos Sampalok Minibits Snack Pack | 25g","25",6
"Snacks","Lindt Lndor Swiss Milk Choco Heart | 96g","96",469.5
"Snacks","Lindt Lindor Assorted Choco Gold | 168g","168",649.5
"Snacks","Lindt Lindor Milk Choco Red | 168g","168",649.5
"Snacks","Dutche Seasonal Bag Box | 81g","81",50
"Snacks","Jack&Jill Cream O Premium | 40g 12pcs","40",184.5
"Snacks","Ferrero Collection T24 | 259.2g","259.2",859.5
"Snacks","Ferrero Rocher Collection T15 | 162g","162",569.5
"Snacks","Cheding Toasted Peanut | 1/4 kg","4",82.5
"Snacks","W.L Panda Biscuits Choco | 56g","56",11.5
"Snacks","W.L Panda Biscuits Cheese | 56g","56",11.5
"Snacks","W.L 3D Cheese Biscuits | 56g","56",15
"Snacks","The Golden Duck Truffle Wagyu | 45g","45",59.5
"Snacks","The Golden Duck Truffle Wagyu | 125g","125",114.5
"Snacks","The Golden Duck Sour Cream | 45g","45",59.5
"Snacks","The Golden Duck Sour Cream | 125g","125",114.5
"Snacks","The Golden Duck Seaweed Butter | 45g","45",59.5
"Snacks","The Golden Duck Seaweed Butter | 125g","125",114.5
"Snacks","Loco Pops Mix Berries With Orange Dip | 13.5g","13.5",5.5
"Snacks","Loco Pops Mix Berries With Lemon Dip | 13.5g","13.5",5.5
"Snacks","Danish Soda Crackers Butter | 56g","56",11.5
"Snacks","Danish Potato Biscuits | 56g","56",11.5
"Snacks","Danish Choco Coated Chunk | 180g","180",64.5
"Snacks","W.L. Tattoos Cheddar Chips | 56g","56",12.5
"Snacks","W.L. Twister Nacho Cheese Curls | 85g","85",21.5
"Snacks","W.L. Halo-Halo Mix Nuts Garlic | 100g","100",22.5
"Snacks","W.L. Halo-Halo Mix Nuts Original | 100g","100",22.5
"Snacks","W.L. Halo-Halo Mix Nuts Spicy | 100g","100",22.5
"Snacks","Carmans Protein Rich Granola | 450g","450",379.5
"Snacks","Carmans Low Sugar Granola | 450g","450",379.5
"Snacks","Carmans Coconut Yogurt & Roasted Nut |40g 5pcs","40",299.5
"Snacks","4D Sour Rainbow Rolls | 90g","90",61.5
"Snacks","4D Sour Straws Strawberry | 100g","100",61.5
"Snacks","4D Sour Strips Rainbow | 100g","100",59.5
"Snacks","Nestle Kitkat | 9g 8pcs","9",104.5
"Snacks","CJ Bibigo Kim Flakes Buttered Soy | 50g","50",154.5
"Snacks","CJ Bibigo Kim Flakes Soy Sauce | 50g","50",164.5
"Snacks","Jack & Jill Roller Coaster Bbq | 85g","85",28.5
"Snacks","Oishi O Pusit Sweet & Spicy | 80g","80",27.5
"Snacks","Regent Kobi | 40g","40",9.95
"Snacks","Rebisco Hansel Strawberry | 31g 10pcs","31",69.95
"Snacks","Nissin Happy Snackin' Tub | 700g","700",274.5
"Snacks","Jack N Jill Cheesy Knots | 25g","25",8.95
"Snacks","Croley Lobo Biscuits | 110g","110",34.5
"Snacks","Croley Buttercream Mocha Crcker | 25g 10pcs","25",74.5
"Snacks","Tots Yema | 150g","150",54.5
"Snacks","Merzci Ogoy Ogoy | 180g","180",57.5
"Snacks","Merci Banadas | 160g","160",46.5
"Snacks","Merci Biscocho Half | 170g","170",59.5
"Snacks","Fat & Thin Lobster Chips | 1kg","1",202.5
"Snacks","Fat & Thin Cuttle Chips | 1kg","1",202.5
"Snacks","Fat & Thin Crab Chips | 1kg","1",202.5
"Snacks","Fat & Thin Prawn Chips | 1kg","1",187.5
"Snacks","Trolli Sour Strips Gummy Mix | 7g","7",5.5
"Snacks","Trolli Sour Strips Strwbry Gummy Mix | 7g","7",5.5
"Snacks","Jiggels Jelly Juice Grape | 225ml","225",10.95
"Snacks","Jiggels Jelly Juice Apple | 225ml","225",10.95
"Snacks","Juju Coconut Chewy Candy | 85g","85",39.5
"Snacks","Juju Mango Chewy Candy | 96g","96",39.5
"Snacks","Jack & Jill Piattos Supersized Sour Cream and Onion | 170g","170",71.5
"Snacks","Cadbury Dairy Milk Bites Hazelnut | 50g","50",66.5
"Snacks","Cadbury Dairy Milk Bites Almond | 50g","50",66.5
"Snacks","Magic Creams Cheese | 28g 10pcs","28",64.5
"Snacks","Davao Sweets Durian Tart Boat | 6pcs","6",45.5
"Snacks","Davao Sweets Tart Durian Boat | 12pcs","12",72.5
"Snacks","Memer Pork Chicharon Special Plain Family Pack | 90g","90",79.5
"Snacks","Tots Rainbow Poprice | 12pcs","12",54.5
"Snacks","Tots Fish Cracker | 80g","80",39.5
"Snacks","Tots Barquiron De Casoy | 50pcs","50",84.5
"Snacks","Margies Otap Big | 190g","190",82.5
"Snacks","Margies Ugoy Ugoy | 215g","215",79.5
"Snacks","Margies Biscocho Big | 300g","300",122.5
"Snacks","Margies Banadas | 130g","130",79.5
"Snacks","Margies Pulceras | 185g","185",79.5
"Snacks","Margies Garlic Toast | 100g","100",88.5
"Snacks","Bongbongs Butterscotch | 9pcs","9",161.5
"Snacks","Bong Bongs Flat Piaya | 5pcs","5",71.5
"Snacks","Bongbongs Piaya | 10pcs","10",109.5
"Snacks","Bongbongs Ube Piaya | 5pcs","5",76.5
"Snacks","Bongbongs Toasted Muffin | 50pcs","50",151.5
"Snacks","Bongbongs Toasted Muffin | 20pcs","20",84.5
"Snacks","Bongbongs Caramel Tart | 5pcs","5",99.5
"Snacks","Kit Kat Pineapple Tart | 35g","35",42.5
"Snacks","Bounty Chocolate Singles | 57g","57",45
"Snacks","Gandour Unica Signature Milk Chocolate | 34g","34",38.5
"Snacks","Gandour Unica Signature Hazelnut | 34g","34",38.5
"Snacks","Oishi Oaty Doky Oat Biscuits | 26g","26",7.5
"Snacks","Trolli Watermelon Splash | 37.6g","37.6",79.5
"Snacks","Trolli Grape Splash | 37.6g","37.6",79.5
"Snacks","Trolli Citrus Splash | 37.6g","37.6",79.5
"Snacks","Trolli Wild Strawberry Gummy | 100g","100",69.5
"Snacks","Trolli Cherry Twins Gummy | 100g","100",69.5
"Snacks","Trolli Funiverse Sour Mix Gummy | 100g","100",69.5
"Snacks","Chosen Fish Cracker | 100g","100",50
"Snacks","Glico Strawberry Family Pack | 168g","168",209.5
"Snacks","Glico Chocolate Family Pack | 176g","176",209.5
"Snacks","Chips Delight Assorted Cookies | 445g","445",234.5
"Snacks","Super Stix Choco Big | 660g","660",169.5
"Snacks","Margies Toasted Mamon Big | 170g","170",92.5
"Snacks","Chips Delight Chocochip Brittle | 120g","120",82.5
"Snacks","Lauras Garlic Buttered Toast | 200g","200",69.5
"Snacks","Superstix Tutti Frutti Jr. | 330g","330",85
"Snacks","Marky's Mamon Tostado Sliced | 150g","150",78.5
"Snacks","Malkist Chocolate Cracker Sandwhich | 24g 10pcs","24",66.5
"Snacks","Sunflower Crackers Chicken | 10pcs","10",71.5
"Snacks","Chips Delight Stripped Capuccino | 175g","175",78.5
"Snacks","Superstix Double Choco | 240g","240",77.5
"Snacks","Fibisco Bitter Crunch | 200g","200",56.5
"Snacks","Chips Delight Cookies Choco | 130g","130",62.5
"Snacks","Fibisco Chocolate Chips | 80g","80",33.5
"Snacks","M.Y. San Fita Biscuits Slugs | 80g","80",21.95
"Snacks","Quaker Cookies Chocolate Chips | 25g","25",16.5
"Snacks","Wafello Choco Wafer | 48g","48",15.5
"Snacks","Luv-Lov Buddy Berry Milk | 225g","225",72.5
"Snacks","Luv-Lov Buddy Milk Chocolate | 225g","225",69
"Snacks","Sweet Station Chili Dried Mangoes | 100g","100",104.5
"Snacks","Regent Big Mouth Corniks Spicy | 90g","90",34.5
"Snacks","Potchi Choco Peach Mango Mallows | 84g","84",31.5
"Snacks","Lays Stax Sour Cream & Onion | 42g","42",35
"Snacks","Lays Stax Original | 42g","42",35
"Snacks","Lays Stax Extra Cheese | 42g","42",35
"Snacks","Markenburg Marshmallow Flower | 250g","250",69.95
"Snacks","Hersheys Reeses Peanut Butter Cups | 42g","42",61.5
"Snacks","Hersheys Reeses Nutrageous | 47g","47",61.5
"Snacks","Eng Seng Polvoron Durian | 12pcs","12",224.5
"Snacks","Eng Seng Dried Durian | 250g","250",394.5
"Snacks","Rebisco Hansel Prem Kyota Matcha | 120g","120",69.5
"Snacks","Rebisco Momibons Crackers Orig | 28g 5pcs","28",49.5
"Snacks","Rebisco Momibons Mini Chocholate Cookies | 28g 5pcs","28",49.5
"Snacks","Kokola Malkist Strawberry | 100g","100",40
"Snacks","Mcvities Digestive Minis | 32.5g 12pcs","32.5",232.5
"Snacks","Ritter Sport Milk Chocolate With Whale Almond | 100g","100",209.5
"Snacks","Potchi Plus Gummy Worms Jar | 432g","432",119.5
"Snacks","Potchi Gummy Bears | 150g","150",43.5
"Snacks","Potchi Pudding Mango | 112g","112",38.5
"Snacks","Narcing Squid Strips | 80g","80",92.5
"Snacks","Choco Mucho Minis Assorted | 320g","320",104.5
"Snacks","Kimnori Crispy Seaweed Teriyaki | 4g 3pcs","4",106.5
"Snacks","Kimnori Crispy Seaweed Spicy | 4g 3pcs","4",106.5
"Snacks","Choco Mucho Peanut Butter | 30g","30",9.5
"Snacks","Bengbeng Chocolate Wafer | 26.5g","26.5",10
"Snacks","Ice Breakers Sours Assorted Fruits | 42g","42",74.5
"Snacks","Ice Breakers Sours Assorted Berry | 42g","42",109.5
"Snacks","Rebisco Wafertime Cheese | 270g","270",82.5
"Snacks","Chocovron Bitesize Match Green Tea | 80g","80",75
"Snacks","Ci-Bibigo Crispy Seaweed Wasabi | 5g 3pcs","5",104.5
"Snacks","Ci-Bibigo Crispy Seaweed Original | 5g 3pcs","5",89.5
"Snacks","Kinder Bueno Milk Chocolate | 43g","43",74.5
"Snacks","Fry & Pop Onion & Garlic | 400g","400",84.5
"Snacks","Fry & Pop Squid Flakes | 400g","400",84.5
"Snacks","Fry & Pop Shrimp Crackers | 400g","400",84.5
"Snacks","Granny Goose Tortillos BBQ | 25g","25",8.5
"Snacks","Granny Goose Tortillos Cheese | 25g","25",8.5
"Snacks","Tomi Super Sweet Corn | 25g","25",7.95
"Snacks","Richee Milk | 25g","25",7.95
"Snacks","Oishi Prawn Crackers Spicy | 24g","24",7.95
"Snacks","Oishi Prawn Crackers Regular | 24g","24",7.95
"Snacks","Rebisco Peanut Butter Sandwich | 10pcs","10",69.95
"Snacks","Magic Creams Condensada | 28g 10pcs","28",65
"Snacks","Lauras Manna Buttered Toasts | 200g","200",69.5
"Snacks","H&Y Jelly Cogjac Asst | 300g","300",46.5
"Snacks","Glico Pocky Green Tea Matcha | 35g","35",49.5
"Snacks","WL Super Bawang Corn Snacks Garlic | 250g","250",61.5
"Snacks","M&M Crispy | 44g","44",54.5
"Snacks","Chupa Chups Milky Strawberry & Cream | 9g 10pcs","9",42.5
"Snacks","Chupa Chups Milky Caramel | 9g 10pcs","9",42.5
"Snacks","Halls Candy Honey Lemon | 3g 50pcs","3",49.5
"Snacks","Erko Ice Cream Mallow Strawberry Fill | 100g","100",47.5
"Snacks","Erko Marshmallow w/ Choco Jam Filling | 100g","100",47.5
"Snacks","Dynamite Mint Candy Choco | 50pcs","50",47.5
"Snacks","Oishi Grab Nuts Roasted Almonds | 30g","30",38.5
"Snacks","Oishi Grab Nuts Roasted Cashews | 30g","30",38.5
"Snacks","Columbia Frutos Soft Chewy Sampalok | 175g 50pcs","175",43.5
"Snacks","Fres Apple Peach Candy | 150g 50pcs","150",46.5
"Snacks","Fres Grape Candy | 150g 50pcs","150",46.5
"Snacks","Fres Cherry Candy | 150g 50pcs","150",46.5
"Snacks","Fres Barley Mint Candy | 50pcs","50",46.5
"Snacks","Kopiko Candy Cappuccino | 150g 50pcs","150",46.5
"Snacks","Kopiko Candy Coffee | 150g 50ps","150",46.5
"Snacks","Columbia Frooty Rainbow Pop | 25pcs","25",36.5
"Snacks","Columbia Champi Chocofilled Chewy | 50pcs","50",43.5
"Snacks","Sugo Honey Roasted Peanuts | 100g","100",36.5
"Snacks","Sugo Adobo Peanuts | 100g","100",36.5
"Snacks","Leslie Clover Chips Spicy Beef | 85g","85",38.95
"Snacks","4D Gummy Fruits | 48g","48",32.5
"Snacks","4D Gummy Blocks | 45g","45",32.5
"Snacks","H&Y Jelly Conjac Mango Pudding | 160g","160",29.5
"Snacks","H&Y Jelly Conjac Taro Ube | 160g","160",29.5
"Snacks","Columbia Frooty Choco Pop | 20+5pcs","5",36.5
"Snacks","Erko Mallow Plus Mallow Pop | 40g","40",34.5
"Snacks","Nips Fruit &Nut | 80g","80",34.5
"Snacks","SM Bonus Banana Chips | 80g","80",32.5
"Snacks","Del Monte Potato Crisp Spicy | 100g","100",24.5
"Snacks","Snickers Classic | 35g","35",37.5
"Snacks","Chupa Chups Bubble Gum Strawberry | 11g","11",29.5
"Snacks","Sugo Peanuts G | 6g 20s","6",23.5
"Snacks","Sugo Hot & Spicy G | 6g 20s","6",23.5
"Snacks","Del Monte Potato Crisp Original | 80g","80",24.5
"Snacks","Clover Chips Chili & Cheese | 55g","55",28.5
"Snacks","Chupa Chups Sour Bites | 45g","45",30
"Snacks","Choripdong Roasted Seaweed Green Tea | 5g 10pcs","5",250
"Snacks","Choripdong Roasted Seaweed Olive | 5g 10pcs","5",250
"Snacks","Chivalry Pusit | 150g","150",184.5
"Snacks","Mrs. Goodman Choco Oatmeal Cookies | 42g 10pcs","42",149.5
"Snacks","Quaker Oatmeal Cookie Honey Nuts | 27g","27",14.5
"Snacks","W L Cornbits Original Jar | 450g","450",137.5
"Snacks","Richoco White Wafer | 48g","48",11.95
"Snacks","Richoco Chocolate Wafer | 48g","48",11.95
"Snacks","Trolli Gummi Sour Gecko | 19g","19",13.5
"Snacks","Nagaraya Cracker Nuts Butter | 40g","40",11.95
"Snacks","Nagaraya Cracker Nuts Garlic | 40g","40",11.95
"Snacks","Nagaraya Cracker Nuts Hot&Spicy | 40g","40",11.95
"Snacks","Sansans Chicharon | 80g","80",97.5
"Snacks","Jack & Jill Cream O Double Choco | 36g 10pcs","36",104.5
"Snacks","Nissin Bingo Minis Double Choco | 20g","20",9.5
"Snacks","Khong Guan Biscuit Iced Gem Choco | 30g 12pcs","30",91.5
"Snacks","Pringles Bbq | 107g","107",104.5
"Snacks","Ferrero Rocher T3S | 37.5g","37.5",89.5
"Snacks","Philippine Brand Dried Mango Chips | 100g","100",89.5
"Snacks","Oishi Ribbed Crackling Salt Vinegar | 24g","24",7.95
"Snacks","Rebisco Frootees Mango | 30g 10pcs","30",69.95
"Snacks","Rebisco Frootees Green Apple | 32g 10pcs","32",69.95
"Snacks","Fairys Cone White Sugar | 12pcs","12",54.5
"Snacks","Fairys Sugar Cone Two Tone | 12pcs","12",51.5
"Snacks","Jack & Jill Cloud Chooey Choco | 6g 40pcs","6",54.5
"Snacks","Jack & Jill Maxx Fresh | 50pcs","50",47.5
"Snacks","Jack & Jill Maxx Candy Eucalyptus | 50pcs","50",47.5
"Snacks","Rebisco Graham | 200g","200",41.5
"Snacks","H & Y Conjac Jelly | 160g","160",29.5
"Snacks","Rebisco Coco Honey | 14g 10pcs","14",32.5
"Snacks","Happy Classic Adobong Mani | 5g 20pcs","5",24.5
"Snacks","Sunflower Sandwich Strawberry | 800g","800",259.5
"Snacks","Sunflower Crackers Original | 600g","600",224.5
"Snacks","Real Handcooked Seasalt Malt Vinegar | 150g","150",159.5
"Snacks","Real Handcookd Seaslt& Black Pepper | 150g","150",159.5
"Snacks","Real Handcooked Strong & Onion | 150g","150",159.5
"Snacks","Jack&Jill Cloud9 Peanut Butter | 50g","50",19.5
"Snacks","Nabisco Chips Ahoy | 266g","266",174.5
"Snacks","Phil Brand Dried Mangoes Chips | 200g","200",174.5
"Snacks","Growers Almond Nuts Hickory Smoked | 80g","80",121.5
"Snacks","Growers Almond Nuts Onion& Garlic | 80g","80",121.5
"Snacks","Fibisco Choco Mallows | 36g","36",17.95
"Snacks","Lala Fish Cracker | 50g","50",21.5
"Snacks","Columbia Potchi Strawberry Puff | 50g","50",14.95
"Snacks","Ricoa Curly Tops | 500g 100pcs","500",194.5
"Snacks","Cadbury Dairy Milk Sharebag | 81g","81",119.5
"Snacks","Cadbury Holiday Bundle | 75g","75",124.5
"Snacks","H&Y Golden Coin Chocolate Jar | 300g","300",114.5
"Snacks","H&Y Golden Coin Chocolate | 72g 24pcs","72",26.5
"Snacks","M&M's Chocolate Peanut | 180g","180",199.5
"Snacks","Cadbury Chocolate Roast Almond | 32g","32",44.5
"Snacks","Snickers Classic Funsize | 240g","240",246.5
"Snacks","Toblerone Milk Choco Minis | 200g","200",299.95
"Snacks","Toblerone Milk Choco | 200g","200",314.5
"Snacks","Trolli Christmas Stockings | 76g","76",62.95
"Snacks","Pringles Sour Cream Onion | 158g","158",119.5
"Snacks","Rebisco Crackers | 742.50g","742.50",209.5
"Snacks","Rebisco Crackers Plain | 33g 20pcs","33",134.5
"Snacks","Fibisco Chocolate Chips | 36g","36",15.95
"Snacks","Chilen Chicharon Special | 100g","100",118.5
"Snacks","Conching Rosquillos | 190g","190",109.5
"Snacks","Twinkee Honey Waffle Sugar Cones | 12pcs","12",49.5
"Snacks","Titay's Rosquillos Corazon | 200g","200",59
"Snacks","Titay's Rosquillos | 180g","180",94.5
"Snacks","R M Dried Mangoes | 200g","200",244.5
"Snacks","R M Dried Mangoes | 100g","100",122.5
"Snacks","Prawn Craker Salted Egg | 60g","60",32.5
"Snacks","ACT II Popcorn Butter Lovers | 85g","85",71.5
"Snacks","Kimnori Crispy Seaweed Barbeque | 40g","40",162.5
"Snacks","Kimnori Crispy Seaweed Seafood | 40g","40",162.5
"Snacks","Snickers Chocolates Classic | 306g 6pcs","306",274.5
"Snacks","Ferrero Rocher Chocolates | 300g 24pcs","300",779.5
"Snacks","Richeese Big Rolls Cheese | 330g","330",144.5
"Snacks","CAL Cheese Wafer | 8.5g 20pcs","8.5",59.95
"Snacks","Goya Chips Dark Choco | 150g","150",69.95
"Snacks","Pringles Sour Cream & Onion | 147g can","147",114.5
"Snacks","Pringles Original | 147g can","147",114.5
"Snacks","Pringles Cheese | 147g can","147",119.5
"Snacks","Mang Juan Chicken Skin | 70g","70",21.5
"Snacks","Magic Chips Cheese | 100g","100",29.5
"Snacks","Hershey's Chips Milk Chocolate | 326g","326",309.5
"Snacks","Goya Chips Milk Chocolate | 150g","150",69.95
"Snacks","Goya Cocoa Powder Unsweetened | 454g","454",309.5
"Snacks","Kimnori Seaweed Crispy Chili | 40g","40",162.5
"Snacks","Hana Seaweed Roasted Kimbab | 26g","26",157
"Snacks","ACT II Popcorn | 85g","85",71.5
"Snacks","Nova Corn Chips BBQ | 78g","78",41.5
"Snacks","WL Kids Choice Dinosaur Gummy |45g","45",15.95
"Snacks","WL Ginto Swerte Chocolate Coins |25g 10pcs","25",11
"Snacks","WL So Goods Chewy Candy |200g","200",64.5
"Snacks","WL Pop Popping Candy Cherry |140g","140",79.5
"Snacks","WL Pop Popping Candy Strawberry |140g","140",79.5
"Snacks","WL Panda Jack Pop Chocolate |50g","50",15.95
"Snacks","WL Panda Jack Pop Honey Glazed |50g","50",15.95
"Snacks","WL Hex Potato Chips Barbeque |45g","45",17.5
"Snacks","WL Hex Potato Chips Cheese |45g","45",17.5
"Snacks","WL Hex Potato Chips Cheese |175g","175",64.5
"Snacks","WL Hex Potato Chips Barbeque |175g","175",64.5
"Snacks","Nni Nni Strawberry Dip |45g","45",39.5
"Snacks","Nni Nni Chocolate Dip |45g","45",39.5
"Snacks","Lush Sour Zesty Chewy Strawberry | 39.6g","39.6",28.5
"Snacks","Lush Sour Zesty Chewy Lemon | 43.2g","43.2",28.5
"Snacks","Happy Deluxe Coffee Coated Peanut | 100g","100",41.5
"Snacks","Milka Strawberry | 300g","300",219.5
"Snacks","Lotus Biscoff Milk Chocolate Bar | 180g","180",299.5
"Snacks","Sunkist Vita & Jelly Orange | 370g","370",118.5
"Snacks","Sunkist Vita & Jelly Lemon | 370g","370",118.5
"Snacks","Sunkist Vita & Jelly Grapefruit | 370g","370",118.5
"Snacks","Sunkist Fruit & Jelly Pineapple | 300g","300",149.5
"Snacks","Sunkist Fruit & Jelly Mango | 300g","300",149.5
"Snacks","Sunkist Fruit & Jelly Mandarin | 300g","300",149.5
"Snacks","KCO Kangkong Chips Sourcream | 60g","60",69.5
"Snacks","KCO Kangkong Chips Salt 'N Vinegar | 60g","60",69.5
"Snacks","KCO Kangkong Chips Classic | 60g","60",69.5
"Snacks","KCO Kangkong Chips Chocolate | 60g","60",69.5
"Snacks","KCO Kangkong Chips Cheese | 60g","60",69.5
"Snacks","KCO Kangkong Chips Cheddar & Sco | 60g","60",69.5
"Snacks","KCO Kangkong Chips BBQ | 60g","60",69.5
"Snacks","Hunter Quinoa Sweet Chili Salsa | 75g","75",117.5
"Snacks","Hunter Quinoa Jalapeño & Cheddar | 75g","75",117.5
"Snacks","Hunter Potato Chip Quattro For Maggi | 125g","125",122.5
"Snacks","Glico Pocky Milk | 40g","40",49.5
"Snacks","Coco Nougat Mixed Flavor | 252g","252",85.95
"Snacks","Coco My Memories Chocolate | 100g","100",61.5
"Snacks","Coco Claire Chocolate | 158g","158",99.5
"Snacks","Coco Blasting Ice Cream Cone | 300g","300",136.5
"Snacks","Skittles Funsize | 150g","150",141.5
"Snacks","Choco Mucho White Cookies Thins | 30g 10pcs","30",84.5
"Snacks","Big Mouth Corniks Original Garlic | 90g","90",34.5
"Snacks","Juju Secret Santa Surprise | 5g","5",54.5
"Snacks","Juju Secret Santa Surprise Gift Set | 25g","25",199.5
"Snacks","Kokola Kukis Coconut | 400g","400",239.5
"Snacks","Kids Choice Fruits Gummy | 100g","100",37.5
"Snacks","Hueza Toffee Macadamia Crisps | 80g","80",120
"Snacks","Hueza Oatmeal Almond Crisps | 80g","80",120
"Snacks","Hueza Brownie Almond Crisps | 80g","80",120
"Snacks","Hueza Lengua De Gato Crisps | 80g","80",120
"Snacks","Delfi Treasure Milk Chocolate | 36g","36",38.5
"Snacks","M&M Tube Topper | 28g","28",79.5
"Snacks","Doublemint Resealble Honey Lemon | 25pcs","25",49.5
"Snacks","Orells Glazed Banana Cinnamon | 200g","200",229.5
"Snacks","Orells Glazed Banana Thins | 200g","200",229.5
"Snacks","Orells Glazed Sweet Potato | 150g","150",229.5
"Snacks","Mondelez Tiger Bites Vanilla | 18g 10pcs","18",66.5
"Snacks","Mondelez Tiger Bites Chocolate | 18g 10pcs","18",66.5
"Snacks","Mayasi Cashew Sweet and Sour | 100g","100",100
"Snacks","Cebu 88 Almnd Choc Dried Mango | 80g","80",119.5
"Snacks","Cebu 88 Chocolate Dried Mango | 80g","80",114.5
"Snacks","Rebisco Maxi Mix Choco Indulgence | 1.35kg","1.35",454.5
"Snacks","Rebisco Maxi Mix Sandwich Collection | 1.4kg","1.4",454.5
"Snacks","JBC Happy Peanuts Hot and Spicy | 25g","25",6.95
"Snacks","JBC Happy Peanuts Bbq | 25g","25",6.95
"Snacks","Emco Musli Hazelnut Oat Cookies | 60g","60",36.5
"Snacks","Emco Musli Blueberry Oat Cookies | 60g","60",36.5
"Snacks","Emco Musli Chocolate Oat Cookies | 60g","60",36.5
"Snacks","Trolli Holloween Sweet and Sour | 300g","300",155
"Snacks","Trolli Holloween Mix | 25g","25",20.5
"Snacks","Hersheys Creamy Milk With Almond | 90g","90",119.5
"Snacks","Belgian Chocolate Thins Caramel Sea Salt | 125g","125",192.5
"Snacks","Chatlet Choco Peanut King Bar | 24pcs","24",44.5
"Snacks","Konu Mini Krunch Taro | 360g","360",169.5
"Snacks","Smart Choice Roasted Sungsong | 400g","400",109.5
"Snacks","Smart Choice Dried Cranberries | 250g","250",229.5
"Snacks","Smart Choice Trail Mix | 250g","250",289.5
"Snacks","White Rabbit Candy | 114g","114",89.5
"Snacks","White Rabbit Candy | 227g","227",157.5
"Snacks","Ferrero Rocher T30 | 375g","375",764.5
"Snacks","Coco Custard Tart Cookie Choco | 50g","50",28.75
"Snacks","Coco Custard Tart Cookie Cranberry | 50g","50",28.75
"Snacks","Kids Choice Gummy Heart | 40g","40",14.5
"Snacks","Kids Choice Gummy Ring | 40g","40",14.5
"Snacks","4D Gummy Crystal Skulls | 72g","72",49.5
"Snacks","24 Seven Jelly Joy Apple Flavor | 240g","240",20
"Snacks","Coco Mini Chocolate Cookies | 376g","376",79.5
"Snacks","Coco Belgian Choco Cookies | 72g","72",30
"Snacks","Coco Belgian Butter Cookies | 72g","72",30
"Snacks","Coco Crisp Tart Biscuit Dark Choco | 66g","66",42.5
"Snacks","Coco Almond 58% Dark Chocolate | 135g","135",144.5
"Snacks","Coco Nuts Crisp | 250g","250",69.5
"Snacks","Coco Mango Pudding Soft Candy | 100g","100",26.5
"Snacks","Coco Blasting Ice Cream Strawberry | 300g","300",136.5
"Snacks","Coco Macadamia Chocolates | 58g","58",67.5
"Snacks","Coco Sunflower Seeds | 500g","500",137.5
"Snacks","Coco Everyday Mix Nuts | 200g","200",164.5
"Snacks","Suncrest Topps Sarap Strawberry | 32g 10pcs","32",89.5
"Snacks","Suncrest Topps Sarap Peach Mango | 32g 10pcs","32",89.5
"Snacks","Ruffles Cheddar & Sour Cream | 50g","50",54.95
"Snacks","Quaker Oat Choco Chips Cookies | 25g 6pcs","25",91.5
"Snacks","Potato Shoe String Sour Cream & Onion | 45g","45",43.5
"Snacks","Potato Shoe String Original | 45g","45",43.5
"Snacks","Potato Shoe String Cheddar | 45g","45",43.5
"Snacks","Oishi Pinattsu Seaweed Flavor | 100g","100",34.5
"Snacks","Oishi Pinattsu Garlic Flavor | 100g","100",34.5
"Snacks","Oishi Grab Nuts Almond & Cashew Clasters | 30g","30",39.5
"Snacks","Lays Double Crunch Smokin BBQ | 50g","50",54.5
"Snacks","Lays Double Crunch Smokin BBQ | 170g","170",169.5
"Snacks","Lays Double Crunch Extra Cheese | 50g","50",54.5
"Snacks","Lays Double Crunch Extra Cheese | 170g","170",169.5
"Snacks","Lays Double Crunch Overload Nori | 50g","50",54.5
"Snacks","Lays Double Crunch Overload Nori | 170g","170",169.5
"Snacks","Lays BBQ | 50g","50",54.95
"Snacks","Kinder Tronky T5 | 90g","90",139.5
"Snacks","Fibisco Ginger Snaps | 250g","250",54.5
"Snacks","Brownie Break Ube Bar | 14.5g 20pcs","14.5",84.5
"Snacks","Zaini Milk Chocolate Eggs For Girls | 20g 3pcs","20",219.5
"Snacks","Zaini Milk Chocolate Eggs Cars | 20g 3pcs","20",219.5
"Snacks","Vcut Spicy Barbeque Flavor | 155g Party Pack","155",100
"Snacks","Navarro Pastillas Jar | 30pcs","30",175
"Snacks","Navarro Pastimallows | 24pcs","24",170
"Snacks","SS Butcheron | 80g","80",160
"Snacks","SS Spicy Butcheron | 80g","80",160
"Snacks","ZJ Roasted Cashew Nuts | 150g","150",159
"Snacks","SS Crunchy Mushroom | 140g","140",150
"Snacks","Qui Peanut Butter Assorted Flavors | 500g","500",120
"Snacks","SS Fish Crackers | 180g","180",78
"Snacks","Clara Ole Dip It Good Salsa | 120g","120",64.5
"Snacks","Clara Ole Dip It Good Cheddar Chiz | 120g","120",64.5
"Snacks","Clara Ole Dip It Good French Onion | 120g","120",79.5
"Snacks","Clara Ole Dip It Good Jalapeno | 120g","120",64.5
"Snacks","Bahaghari Banana Chips | 350g","350",181.5
"Snacks","BAHAGHARI BANANA CHIPS 100G","100",64.95
"Snacks","Sea Dried Sweet Pusit | 100g","100",160
"Snacks","Sea Dried Danggit Cebu | 100g","100",155
"Snacks","Sea Dried Boneless Dilis | 100g","100",155
"Snacks","Sea Dried Bisugo | 200g","200",130
"Snacks","Sea Dried Salinas | 200g","200",120
"Snacks","Rgies Coffee Scotch With Almond | 175g 10pcs","175",120.95
"Snacks","Rgies Butter Scotch Assorted | 175g 10pcs","175",122.5
"Snacks","Rgies Butter Scotch Squares With Mango Bits | 10pcs","10",120.95
"Snacks","Rgies Butter Scotch Squares With | 10pcs","10",116
"Snacks","Sunsarap Banana Chips | 200g","200",166.5
"Snacks","CF Kangkong Chips Assoted Flavors | 120g","120",139
"Snacks","SM Bonus Marshmallows Mango | 200g","200",51.5
"Snacks","SM Bonus Marshmallows | 40g","40",11
"Snacks","Shamrock Otap | 200g","200",124.5
"Snacks","RPM Roasted Pili Nuts | 80g","80",241.5
"Snacks","Tostitos Chips Yellow Corn Restaurant | 250g","250",179.5
"Snacks","Hong Mao Jelly Candy Orange | 500g","500",154.5
"Snacks","FWC Cham Pui Mui Pink | 200g","200",109.5
"Snacks","FWC Cham Pui Mui Blue | 200g","200",109.5
"Snacks","Hong Mao Jelly Candy Orange | 210g","210",81.5
"Snacks","Shamrock Rosquillos | 140g","140",139.5
"Snacks","Shamrock Otap In A Bag | 1200g","1200",764.5
"Snacks","Shamrock Otap | 400g","400",234.5
"Snacks","Shamrock Hojaldres | 350g","350",179.5
"Snacks","Sunshine Premium Mix | 100g","100",39.5
"Snacks","Sunshine Golden Mix | 100g","100",34.5
"Snacks","Konu Mini Krunch Matcha Jar | 160g","160",100
"Snacks","Konu Mini Krunch Cookies & Cream Jar | 160g","160",100
"Snacks","Kinder Joy Natoons | 20g","20",61
"Snacks","Jack & Jill Piattos Cheddar & Sour Cream | 85g","85",37.5
"Snacks","Jack & Jill Piattos Cheddar & Sour Cream | 170g","170",74.5
"Snacks","Hunter Potato Chips White Truffle Porcini | 125g","125",136.5
"Snacks","Hunter Potato Chips Black Truffle | 125g","125",131.5
"Snacks","Cebu88 Dried Mango | 200g","200",229
"Snacks","Cebu88 Dried Mango | 100g","100",114.5
"Snacks","Peanut Kisses | 20gm 7 pcs","7",29.5
"Snacks","Hersheys Kisses Dark chocolate | 150g","150",204.5
"Snacks","M.Y. San Graham Deluxe Tiramisu | 25g 10pcs","25",84.5
"Snacks","M.Y. San Graham Deluxe Banana Choco | 25g 10pcs","25",84.5
"Snacks","M.Y. San Butter Cookies Selections | 275g","275",179.5
"Snacks","Meiji Hello Panda Cookies & Cream | 42g","42",47.5
"Snacks","Meiji Hello Panda Caramel | 42g","42",47.5
"Snacks","Mayasi Cashew Salted Caramel | 100g","100",100
"Snacks","Mayasi Cashew Roasted Corn | 100g","100",100
"Snacks","Mayasi Cashew Honey Butter | 100g","100",100
"Snacks","Malkist Sweet Glazed Crackers | 28g 10pcs","28",66.5
"Snacks","Malkist Barbeque Crackers | 28g 10pcs","28",66.5
"Snacks","Hersheys Choco Balls Cookies & Choco | 36g","36",51.5
"Snacks","Hersheys Choco Balls Cookies & Cream | 36g","36",51.5
"Snacks","Dutche Milk Choco with Monk Fruit | 54g","54",75
"Snacks","Glico Pocky Crushed Fruits Strawberry | 38g","38",57.5
"Snacks","Glico Pocky Crushed Fruits Blueberry | 38g","38",57.5
"Snacks","Cadbury Milk Save 25| 4pcs 30g","4",121
