Name,Net weight,Price
"Datu Puti Patis Pet Bottle | 350ml","350",26
"Nutella Spread Hazelnut | 350g","350",314.5
"Kraft Cheez Whiz Sandwich Spread Pimiento | 450g","450",199.95
"Super Q Golden Bihon | 500g","500",41.5
"MAMA SITAS OYSTER SAUCE POUCH 405G","405",78.75
"Lucky Me Supreme Sotanghon | 28g","28",25.5
"Delimondo Caldereta Corned Beef | 380g","380",187
"Delimondo Tapa Corned Beef | 380g","380",186.25
"Farmboy Rice Sinandomeng | 10kg","10",552
"UFC BANANA CATSUP 1KG","1",65.5
"Energen Cereal Drink Chocolate | 40g 10pcs","40",90
"MAMA SITA MENUDO/AFRITADA MIX 30G","30",33.5
"Wata Noodle Seafood Miso | 50g","50",25.5
"Mega Sardines In Tomato Sauce Chili | 155g","155",24.75
"Hapi Fiesta Vegetable Oil 1L Duo Pack","1",206
"CDO Kaong White | 340g","340",85.5
"Ajinomoto Msg | 500g","500",112.5
"SM BONUS SUGAR BROWN 1KG","1",73
"Datu Puti Vinegar | 1L","1",40
"Purefoods Corned Beef | 210g 2pcs","210",228
"SM BONUS WASHED SUGAR 1KG","1",76
"Lucky Me Instant Pancit Canton Chilimansi | 80g 6","80",84
"DATU PUTI SOY SAUCE 1L","1",51
"Maggi Magic Sarap Seasoning Mix | 8g 16pcs","8",77.5
"Lucky Me Instant Pancit Canton Kalamansi | 80g 6","80",84
"KNORR SINIGANG SA SAMPALOK ORIGINAL 44G","44",28.5
"Lucky Me Instant Mami Chicken | 55g 6pcs","55",52.5
"Mega Sardines In Tomato Sauce | 155g","155",23.75
"Maling Luncheon Meat Chicken | 397g","397",116.5
"Knorr Cubes Pork | 120g","120",68.5
"Highlands Corned Beef Gold | 320g","320",169
"ARGENTINA CORNED BEEF 150G","150",35
"Knorr Cubes Chicken | 60g","60",35
"Purefoods Corned Beef | 150g","150",82
"555 Sardines Spanish Style | 155g","155",32
"HERMANO REFINED WHITE SUGAR 1KG","1",85.5
"KNORR SINIGANG NA MAY GABI 44G","44",28.5
"SILVER SWAN SOY SAUCE 1L","1",53.5
"Maya The Original Hot Cake Mix | 500g","500",66.5
"Purefoods Luncheon Meat Chinese Style | 350g","350",82
"Lucky Me Instant Pancit Canton Original | 80g 6","80",84
"LORINS PATIS 1L","1",66.5
"Jolly Canola Oil Promo Pack | 1L 2pcs","1",273.5
"KNORR SINIGANG SA SAMPALOK ORIGINAL 22G","22",14.75
"HERMANO BROWN SUGAR 1KG","1",77
"KNORR CUBES BEEF 60G","60",34.5
"555 Sardines In Tomato Sauce | 155g","155",23
"Century Tuna Hot and Spicy | 155g","155",37
"Knorr Soup Crab and Corn | 60g","60",52.5
"Argentina Corned Beef | 175g","175",40.5
"Delimondo Corned Beef Ranch Style | 380g","380",179
"KNORR LIQUID SEASONING ORIGINAL 250ML","250",104.5
"Quaker Oats Instant Oatmeal | 800g Foil","800",121.5
"555 Tuna Afritada | 155g","155",29.5
"Knorr Cubes Beef | 120g","120",68.5
"Ajinomoto Crispy Fry Breading Mix Regular | 238g","238",66
"Kraft Cheez Whiz Sandwich Spread Plain | 450g","450",184.5
"DEL MONTE TOMATO KETCHUP ORIGINAL BLEND 320G POUCH","320",30
"Del Monte Spaghetti | 900g","900",114
"KNORR LIQUID SEASONING ORIGINAL 130ML","130",58
"Lucky Me Instant Pancit Canton Sweet & Spicy | 80g 6","80",84
"Maggi Magic Sarap Seasoning Mix | 150g","150",74.5
"Jolly Pieces & Stems Mushroom | 100g","100",20
"Century Tuna Hot and Spicy | 180g","180",47.5
"SM Bonus Palm Cooking Oil | 2L","2",239.5
"Del Monte Tomato Sauce Filipino Style | 200g","200",22.5
"Knorr Soup Cream of Mushroom | 70g","70",53
"Kraft Cheez Whiz Spread Plain | 210g","210",94.95
"LADYS CHOICE MAYO DOY PACK 470ML","470",198.5
"A Mark Black Pepper Powder | 50g","50",37.5
"DEL MONTE TOMATO KETCHUP SWEET BLEND 320G POUCH","320",30
"SM Bonus Green Mongo | 250g","250",31.5
"MANG TOMAS LECHON SAUCE - REGULAR 550G","550",50
"Young's Town Sardines In Tomato Sauce | 155g","155",21
"UFC BANANA CATSUP 550G","550",45.5
"SM Bonus Palm Cooking Oil | 1L","1",129.5
"UFC Golden Fiesta Canola Oil | 1L","1",141.5
"AJINOMOTO CRISPY FRY BREADING MIX REGULAR 62G","62",17.5
"Maggi Magic Sarap Seasoning Mix | 55g","55",27.5
"Argentina Corned Beef | 260g","260",58.25
"Seoul Kimchi | 410g","410",170
"COCO MAMA FRESH GATA SUP 400ML","400",67.5
"Purefoods Corned Beef | 210g","210",114
"SM Bonus Palm Oil Pouch | 1L","1",116.5
"Koko Krunch Kid's Cereal | 500g","500",243.5
"SM Bonus Macaroni Elbow | 400g","400",31.5
"DATU PUTI PATIS 1L","1",78.5
"ALASKA CREMA ALL PURPOSE CREAM 250ML","250",65
"Ligo Sardines In Tomato Sauce Chili | 155g","155",24.5
"MANG TOMAS LECHON SAUCE - REGULAR 325G","325",36.5
"Delimondo Corned Beef Ranch Style | 260g","260",130
"Nissin Cup Noodles Seafood | 40g Mini Cup","40",21.5
"Nestle All Purpose Cream Save 15 | 250ml 2pcs","250",127
"SM BONUS REFINED SUGAR WHITE 1KG","1",80
"Hapi Fiesta Vegetable Oil | 1L Pouch","1",119.5
"Mama Sita Oyster Sauce Sachet | 30g 12pcs","30",77.5
"SM Bonus Mushroom Pieces and Stems | 425g","425",49.5
"Argentina Meat Loaf Regular | 150g","150",20
"Magnolia All Purpose Flour | 400g","400",46.5
"Knorr Soup Nido Oriental | 55g","55",53
"DATU PUTI SOY SAUCE 385ML","385",22
"Lady's Choice Chicken Sandwich Spread | 220ml","220",95.5
"SM BONUS IODIZED SALT 1KG","1",32
"SILVER SWAN SUKA PUTI 1L","1",40
"Knorr Broth Cubes Shrimp | 60g","60",35.5
"Energen Cereal Drink Vanilla | 40g 10pcs","40",90
"DATU PUTI VINEGAR 385 ML","385",19.5
"Baguio Vegetable Oil Tipid Pack | 1.8L Pouch","1.8",373.5
"Farmboy Sinandomeng | 5kg","5",293
"UFC Canola Oil 1L Duo Pack","1",248
"PAPA Banana Ketchup | 1kg","1",66.5
"Purefoods Corned Beef | 380g","380",188
"Campbells Cream Of Mushroom | 298g","298",94.5
"Magnolia Real Mayonnaise | 220ml","220",86.5
"White King Champorado | 227g","227",74.5
"Lucky Me Pancit Canton Extra Hot Chili | 75g 6pcs","75",84
"Nissin Cup Noodles Bulalo | 40g Mini Cup","40",20.75
"UFC Sinigang sa Sampaloc Mix | 20g","20",12
"Rose Bowl Sardines In Tomato Sauce With Chili | 155g","155",24.5
"Century Tuna With Calamansi | 180g","180",46.5
"Del Monte Tomato Sauce | 115g","115",19.5
"Lily's Peanut Butter | 224g Plastic","224",124.5
"Magnolia All Purpose Cream | 250ml","250",67
"Jolly Mushroom Pieces & Stems | 198g","198",36.5
"Lily's Peanut Butter | 504g Jar","504",234.5
"LORINS PATIS 350ML","350",23
"Maya Quick & Easy Pancake | 500g","500",104.5
"Century Tuna Flakes in Vegetable Oil | 420g","420",102.5
"Jolly Canola Oil | 2L","2",282.5
"Quaker Old Fashioned Rolled Oats | 500g","500",121.5
"Rose Bowl Sardines in Tomato Sauce | 155g","155",24
"Datu Puti Pares Pack Vinegar + Soy Sauce Bottle | 1L","1",78
"HERMANO WASHED SUGAR 1KG","1",79
"Kraft Cheez Whiz Sandwich Spread Easy Squeeze | 200g","200",84.5
"Purefoods Luncheon Meat | 340g","340",188
"Lucky Me Instant Lomi | 65g","65",16.5
"Lucky Me Instant Mami Beef | 55g","55",8.75
"Purefoods Sizzling Delights Sisig | 150g","150",47.5
"Nutella Spread Hazelnut | 200g","200",189.95
"UFC Cream Of Mushrooms Soup | 70g","70",35
"Nissin Yakisoba Spicy Chicken | 59g","59",12
"Lucky Me Pancit Canton Kasalo Pack Sweet & Spicy | 120g","120",18.5
"UFC Golden Fiesta Canola Oil | 2L","2",256.5
"Magnolia All Purpose Flour | 800g","800",96.5
"Farmboy Rice Thai Jasmine | 5kg","5",332.5
"MCCORMICK TACO SEASONING MIX 40G","40",51.5
"Star Margarine Regular | 250g","250",89.5
"Nissin Cup Noodles Beef | 40g Mini Cup","40",21.5
"Good Life Bread Crumbs | 230g","230",39
"J&Y Ground Black Pepper | 25g","25",22
"Nissin Mini Cup Noodles Batchoy | 40g","40",20.75
"KEWPIE JAPANESE MAYONNAISE 500G","500",206.5
"UFC Golden Fiesta Palm Oil | 1L Pouch","1",130.5
"Farmboy Rice Thai Jasmine | 10kg","10",642
"Nissin Mini Cup Noodles Chicken | 40g","40",21.5
"DELMONTE SPAGHETTI SAUCE ITALIAN 1KG","1",94.5
"Nissin Cup Noodles Creamy Seafood | 40g Mini Cup","40",21.5
"Lucky Me Instant Mami Noodles Spicy Hot Beef | 50g 6pcs","50",60
"Datu Puti Vinegar Pouch | 1L","1",42.5
"Twin M Black Pepper Ground | 50g","50",37.5
"Del Monte Tomato Sauce Original Save 10 | 200g 4pcs","200",89
"SM BONUS POWDER GARLIC 50G","50",19
"Nissin Mini Cup Sotanghon Chicken | 30g","30",23
"Jolly Canola Oil | 1L","1",152.5
"Century Tuna Flakes In Brine | 180g","180",58
"Mama Sita Sinigang Sa Sampalok Mix | 50g","50",34.5
"Silver Swan Soy Sauce | 385ml","385",23
"UFC Crab And Corn Soup | 60g","60",39
"Koko Krunch Kid's Cereal Flow Pack | 20g","20",12.5
"SM Bonus Pure Cornstarch | 400g","400",36.5
"UFC Banana Catsup | 320g","320",28.5
"Nissin Cup Noodles Cheesy Seafood | 50g","50",23.95
"AJINOMOTO UMAMI SEASONING 11G (18 PCS)","11",59.5
"SM Bonus Pancit Canton | 400g","400",86.5
"Ottogi Jin Ramen Mild | 120g Pouch","120",62
"SM Bonus Whole Kernel Corn | 425g","425",41.5
"Cream Cornstarch | 400g","400",51.5
"Hunts Pork & Beans Doy Pouch | 100g","100",15.75
"A MARK LAUREL LEAVES 10G","10",7.5
"Knorr Liquid Seasoning | 500ml","500",169.5
"J&Y Laurel Leaves | 10g","10",9.25
"Highlands Corned Beef | 175g","175",97
"A MARK BLACK PEPPER GRANULES 50G","50",37.5
"Maya The Original Hot Cake Mix | 200g","200",31.5
"555 Tuna Mechado | 155g","155",29.5
"A MARK WHOLE BLACK PEPPER 50G","50",37.5
"Mana Refined Sugar White | 1kg","1",89
"Ram Green Peas | 100g","100",13
"Star Margarine Regular | 100g","100",38.5
"Argentina Meat Loaf | 250g","250",35.75
"McCormick Vanilla Extract | 20ml","20",54.5
"Lucky Me Instant Pancit Canton Chilimansi | 80g","80",14
"Magnolia Pancake Plus With Maple Syrup | 480g","480",92.5
"Knorr Chicken And Corn Soup Mix | 60g","60",52.5
"SM BONUS VINEGAR 1L","1",33.75
"Heinz Tomato Ketchup | 300g","300",52.5
"UFC SWEET CHILI SAUCE 340G","340",39
"BESTFOODS REGULAR MAYONNAISE MAYO MAGIC DOY 220ML","220",54.25
"San Marino Corned Tuna | 180g","180",46.5
"Saba Mackerel In Natural Oil | 155g","155",34.25
"White King Fiesta Spaghetti | 900g","900",81
"SM BONUS BLACK PEPPER POWDER 75G","75",47
"SM Bonus Spaghetti | 800g","800",65.5
"555 FRIED SARDINES WITH TAUSI 155G","155",35.5
"SM Bonus Powder Onion | 50g","50",21.5
"SM Bonus Bread Crumbs | 230g","230",36.5
"Nissin Yakisoba Savory Beef | 59g","59",12.1
"Payless Instant Noodles Beef Mami | 55g","55",7.5
"White King Champorado | 113g","113",42.5
"Mana Brown Sugar | 1kg","1",82
"Century Tuna Chunks In Vegetable Oil | 184g","184",72
"Jolly Coconut Milk Gata | 400mL","400",57.5
"Koko Krunch Kid's Cereal | 300g","300",194.5
"MAMA SITA CALDERETA MIX 50G","50",37
"Ideal Spaghetti | 1kg","1",110.5
"Mama Sita's Barbecue Marinade Sauce | 150mL","150",37.5
"SM Bonus Palm Cooking Oil | 500mL","500",69.5
"SM Bonus Real Honey | 455g","455",180
"Lucky Me Supreme Instant Noodle Soup Bulalo | 40g","40",21.5
"Harvester's Healthy Brown Rice Sinandomeng | 5kg","5",367
"DEL MONTE PINEAPPLE CHUNKS SUP 200G","200",31.5
"Mang Tomas Lechon Sauce Siga | 325g","325",40
"Sm Bonus Iodized Rock Salt | 500g","500",13.75
"Lucky Me Instant Pancit Canton Original | 80g","80",14
"Good Life Sesame Oil | 100ml","100",95.5
"SM Bonus Rice Freshly Milled Sinandomeng | 5kg","5",265
"MARCA PINA SOY SAUCE 1L","1",57.5
"Mama Sita Kare Kare Mix | 57g","57",41
"Hunts Pork & Beans | 175g","175",25.75
"Delimondo Corned Beef Garlic & Chili | 260g","260",133
"SM BONUS COCONUT MILK 400 ML","400",54.5
"J&Y Sesame Seeds | 50g","50",18.5
"Saba Mackerel In Natural Oil | 425g","425",75.5
"Del Monte Elbow Macaroni | 400g","400",76.5
"SM Bonus Sugar Brown (Tmc) | 1/2kg","2",36.5
"Skippy Peanut Butter Creamy | 340g","340",179.5
"UFC Super Fiesta Coconut Sup | 1L","1",161.5
"Baguio Orchids Vegetable Oil | 900mL Pouch","900",116
"Baguio Coconut Oil | 1L Pouch","1",228.5
"SM Bonus Rice Fragrant Jasmine | 5kg","5",320
"UFC Catsup Banana Spouch | 320g","320",24.5
"Barrio Fiesta Bagoong Regular | 250g","250",114.5
"Ottogi Jin Ramen Multipack Mild | 120g 5pcs","120",249
"SM Bonus Pancit Canton | 250g","250",54.5
"Knorr Sinigang Sa Miso | 23g","23",16.25
"SM Bonus All Purpose Flour | 1kg","1",93.5
"Indomie Goreng Fried Noodles | 85g 5pcs","85",120
"Clara Ole Pancake Syrup Maple | 355mL","355",146.5
"Maya Chocolate Fudge Brownie Mix | 500g","500",126.5
"Maya Hotcake Mix Chocolate | 500g","500",96.5
"Maya Decadence Red Velvet Cake Premium Mix | 460g","460",216.5
"Ferna Baking Soda | 250g","250",42.5
"Dutche Special Chocolate Fondue | 1kg","1",300
"Dutche Chocolate Chips | 350g","350",121.5
"Dutche Alkalized Cocoa Powder | 180g","180",109.5
"Dutche Chocobar Premium | 500g","500",151.5
"Dutche Choco Bar Dark | 1/2kg","2",151.5
"Mr Hat Gulaman Flavored Gelatin Buko Pandan | 25g","25",15.5
"Master Gulaman Unflavored Gelatin Red | 25g","25",15
"Master Gulaman Unflavored Gelatin White | 25g","25",15
"Master Gulaman Unflavored Gelatin Green | 25g","25",15
"Green Stevia Sweetener | 1g 100pcs","1",399.5
"Equal Natural Stevia Sweetener | 2g 100pcs","2",389.5
"Equal Sweetener Gold Sucralose | 150g","150",196.5
"Equal Sucralose Sachet | 50pcs","50",179.5
"Equal Sweetener Tablet | 100pcs","100",132.5
"Lady's Choice Sweet Peanut Butter | 340g","340",204.5
"Langnese Golden Clear Honey | 500g","500",464.5
"Langnese Honey | 1000g","1000",839.5
"Clara Ole Pancake Syrup Original | 355ml","355",146.5
"Clara Ole Pancake Syrup Choco | 355ml","355",159.5
"Lotus Biscoff Spread Crunchy | 380g","380",379.5
"Lotus Biscoff Spread Smooth | 400g","400",379.5
"Pure Via Sweetener | 8g 40pcs","8",144.5
"Nestle Fitness Granola Honey | 300g","300",226.5
"Nestle Fitness Granola Cranberry | 300g","300",226.5
"Kelloggs Cereal Corn Flakes | 500g","500",229.5
"UFC Sweet Pickle Relish | 250g","250",99.75
"White King Fiesta Spaghetti 800g + Filipino Style Spaghetti Sauce 900g |","800",121
"White King Fiesta Spaghetti 800g + 3 Cheese Spaghetti Sauce 900g |","800",129.5
"Vista Coconut Milk Powder | 50g","50",28.5
"Tulip Pork Luncheon Meat | 340g","340",117.25
"Tulip Jamonila Luncheon Meat | 340g","340",178.5
"PALM CORNED BEEF REGULAR 210G","210",234.5
"McCormick Ground White Pepper | 31g","31",94.5
"MCCORMICK PREPARED MUSTARD 200G","200",100.5
"McCormick Ground Black Pepper | 35g","35",97.5
"MAGGI SAVOR LIQUID SEASONING CHILIMANSI 130ML","130",59.5
"Knorr Recipe Mix Ginataang Gulay | 40g","40",28.5
"Kikkoman Soy Sauce Less Salt | 600mL","600",327.5
"Kikkoman Soy Sauce | 500mL","500",159.5
"Kikkoman Soy Sauce Fancy Grade | 600mL","600",282.5
"JOLLY COCONUT CREAM - KAKANG GATA 400ML","400",63.5
"Highlands Corned Beef Gold | 150g","150",76
"Filippo Berio Green Pesto Sauce | 190g","190",192.5
"Farmboy Rice Dinorado | 10kg","10",705
"Family Sardines Spanish Style | 155g","155",35.5
"Delimondo Luncheon Meat Spicy | 190g","190",104.5
"Delimondo Luncheon Meat | 260g","260",103.5
"Del Monte Italian Pizza Sauce | 115g","115",24
"Del Monte Quick N Easy Sweet Pizza Sauce | 115g","115",24
"Del Monte Hot & Spicy Ketchup | 335g","335",51
"Clara Ole Red Pesto Sauce | 180g","180",169.5
"Clara Ole Sweet Style Spaghetti Sauce | 1kg","1",104.5
"Clara Ole Italian Style Spaghetti Sauce | 1kg","1",104.5
"Clara Ole 3 Cheese Spaghetti Sauce | 1kg","1",104.5
"CLARA OLÃ‰ CHEESY PESTO SAUCE 180G","180",181.5
"Capri Pitted Green Olives | 140g","140",95.5
"Capri Diced Tomato | 400g","400",72.5
"Capri Pitted Black Olives | 140g","140",95.5
"Argentina Corned Chicken | 150g","150",37.5
"Argentina Corned Chicken Spicy | 150g","150",37.5
"Angel All Purpose Creamer | 370ml","370",56.5
"Ajinomoto Msg | 100g","100",27.5
"A Mark White Pepper Powder | 25g","25",14.5
"A Mark Atsuete Seeds | 50g","50",47.5
"Fry Best Bread Crumbs | 230g","230",39.5
"Prime Organic Muscovado Sugar | 500g","500",88
"F&C Muscovado Healthy Sugar | 500g","500",104
"Campbells Cream of Mushroom | 284ml","284",59.5
"Mega Spanish Sardines In Olive Oil | 225g","225",211.5
"Mega Spanish Sardines Hot | 225g","225",159.5
"CENTURY CHUNKY CORNED TUNA 180G","180",42
"CENTURY CHUNKY CORNED TUNA 150G","150",32
"CENTURY CHUNKY CHILI CORNED TUNA 150G","150",32.5
"555 Tuna Flakes Hot and Spicy | 155g","155",33.25
"Silver Swan Cane Vinegar | 385ml","385",19.5
"Marca Pina Sukang Puti | 385ml","385",20
"Marca Pina Sukang Puti Doy Pack | 200ml","200",9.5
"Marca Pina Sukang Puti | 1L","1",42.5
"Ram Tomato Sauce | 250g","250",23.5
"Ram Tomato Sauce | 1kg","1",79.5
"Ram Tomato Paste | 1kg","1",169.5
"LEE KUM KEE PREMIUM SOY SAUCE 500ML","500",132.5
"Lee Kum Kee Hoisin Sauce | 240g","240",164.5
"LEE KUM KEE PANDA OYSTER SAUCE 907G","907",264.5
"Lee Kum Kee Panda Oyster Sauce | 500g","500",179.5
"LEE KUM KEE CHIU CHOW CHILI OIL 205G","205",259.5
"Lee Kum Kee Chili Garlic Sauce | 226g","226",171
"Jufran Sriracha Tomato Ketchup | 285g","285",48
"DEL MONTE SWEET CHILI SAUCE 330G","330",50
"Lady's Choice Dressing Thousand Island | 1L","1",417.5
"Lady's Choice Dressing Caesar | 1L","1",417.5
"KEWPIE JAPANESE ROASTED SESAME DRESSING 210ML","210",152.5
"Kewpie Caesar Dressing | 210ml","210",162.5
"Del Monte Peach Halves | 825g","825",168.5
"Del Monte Fruit Cocktail In Heavy Syrup | 825g","825",184
"Buenas Nata De Coco White | 360g","360",56.5
"Buenas Kaong White | 360g","360",83.5
"White King Fiesta Salad Macaroni | 1kg","1",87
"San Remo Spaghetti | 500g","500",91.5
"San Remo Pasta Special Penne | 500g","500",94.5
"San Remo Linguine | 500g","500",91.5
"San Remo Fettuccine | 500g","500",89.5
"Ideal Gourmet Linguine | 1kg","1",126.5
"Jolly Claro Palm Oil Pet | 1L","1",137.5
"Bimoli Oil Vegetable Pet |1L","1",131.5
"Lee Kum Kee Sesame Oil | 207mL","207",179.5
"Filippo Berio Olive Oil | 250mL","250",266.5
"Filippo Berio Olive Oil Extra Virgin | 250mL","250",296.5
"DONA ELENA OLIVE OIL EXTRA VIRGIN 500ML","500",577.5
"Dona Elena Olive Oil Extra Virgin | 250mL","250",303.5
"Dona Elena Olive Oil Pure | 500mL","500",529.5
"Capri Extra Virgin Olive Oil | 250ml","250",231.5
"Capri Olive Oil | 250ml","250",212.5
"Baguio Vegetable Oil | 1L Bottle","1",234.5
"Marca Leon Canola Oil Pouch | 1.8L","1.8",273.5
"Jolly Canola Oil Pouch | 2L","2",274.5
"GOODLIFE PREMIUM VERMICELLI 250G","250",79.5
"Nongshim Shim Ramyum Spicy Mushroom Big Bowl | 114g","114",82.5
"Nongshim Shin Ramyun Black Cup E | 101g","101",126.5
"Nongshim Shin Ramyun | 68g Cup","68",73.5
"Samyang Fire Noodle Carbonara | 140g","140",109.5
"Samyang Fire Chicken Ramen 2X Spicy | 140g","140",99.5
"Samyang Chicken Ramen with Cheese | 140g","140",104.5
"Quickchow Pancit Canton Classic | 65g","65",10.75
"Ottogi Jin Ramen Hot | 120g Pouch","120",52
"Nongshim Shin Ramyun Shrimp | 120g Pouch","120",52.5
"Nongshim Shin Ramyun | 120g Pouch","120",65.5
"Nongshim Shin Ramyun Gourmet Spicy Noodle Soup | 120g 5pcs","120",317.5
"Nongshim Shin Ramyun Black | 130g Pouch","130",134.5
"Nongshim Clay Pot Ramyum | 120g Pouch","120",52.5
"Nongshim Beef Bulgogi Fried Noodle | 103g Pouch","103",58.5
"Purefoods Star Corn Beef | 260g","260",57.5
"Highlands Corned Beef | 180g","180",68.75
"Deli Mondo Garlic & Chili Corned Beef | 380g","380",183.25
"California Whole Grain Rice | 5kg","5",328
"Harvester's Rice Thai Jasmine | 5kg","5",583
"Harvester's Rice Delicious Sinandomeng | 5kg","5",302
"Harvester's Rice Delicious Sinandomeng | 10kg","10",569
"Harvester's Natural Aromatic Semi-Sticky Rice Special Dinorado | 5kg","5",403
"Harvester's Natural Aromatic Semi-Sticky Rice Special Dinorado | 10kg","10",765
"Farmboy Dinorado Rice | 5kg","5",364
"Dona Maria Jasponica Premium Quality Rice | 5kg","5",576
"Dona Maria Jasponica Rice | 10kg","10",1070
"MCCORMICK GARLIC POWDER 36G","36",82.5
"McCormick Black Pepper Ground | 36g","36",80.5
"MCCORMICK THYME LEAVES 14G","14",72.5
"MCCORMICK SPANISH PAPRIKA 34G","34",85
"MCCORMICK WHOLE ROSEMARY LEAVES 11G","11",64.5
"MCCORMICK RED CAYENNE PEPPER 26G","26",70.5
"MCCORMICK WHOLE OREGANO LEAVES 10G","10",77.5
"MCCORMICK MINCED GARLIC 44G","44",122.5
"MCCORMICK GROUND CINNAMON 30G","30",73.5
"MCCORMICK CHILI POWDER 35G","35",95.5
"MCCORMICK GROUND NUTMEG 37G","37",155.5
"Mama Sita Annato Powder | 10g","10",24.5
"MCCORMICK IODIZED SALT 500G","500",28.25
"McCormick Iodized Salt | 500g","500",50
"McCormick Carbonara Pasta Mix | 35g","35",34.5
"McCormick Curry Mix | 40g","40",40.5
"Mama Sita Tocino Mix | 75g","75",39.5
"Knorr Powder Chicken | 1kg","1",559.5
"McCormick Seasoning Mix Chicken Gravy | 28g","28",29.5
"Purefoods Corned Beef Salpicao | 210g","210",128
"Indomie Mi Goreng Fried Noodles | 85g","85",24
"Indomie Mi Goreng Fried Noodles Pedas | 80g","80",24
"SM Bonus Peanut Butter | 450g","450",109.5
"SM Bonus Peanut Butter | 224g","224",68.5
"Mega Corned Sardines In Tomato Sauce | 155g","155",16.75
"SM Bonus Real Mayo | 470mL","470",139.5
"Knorr Cubes Shrimp | 30g","30",19.5
"Jolly Prito King Vegetable Oil Sup | 900ml","900",99.5
"Cems Honey Prime | 1000g","1000",439.5
"Cems Honey Superior Unfiltered | 1000g","1000",439.5
"Ram Dessicated Coconut | 200g","200",71.5
"White King Classic Hotcake Mix | 400g","400",66.5
"Silver Swan Suka Sup | 1L","1",39.5
"Silver Swan Soy Sauce | 1L","1",53.5
"Good Life Premium First Class Vermicelli | 500g","500",149.5
"Excellent Pancit Canton | 200g","200",67.5
"Nissin Mini Cup Noodles Hot Creamy Seafood | 48g","48",21.5
"Payless Pancit Canton Extra Big Sweet and Spicy | 125g","125",17.75
"Lucky Me Special Baked Mac | 70g","70",24.75
"Lasap Gata Powder Mix | 40g","40",26.5
"Sunshine Hot Sauce | 85g","85",17.5
"JUFRAN SWEET CHILI SAUCE 285G","285",51
"Jufran Red Hot Chili Sauce | 165g","165",49.5
"Jufran Banana Ketchup | 275g","275",34.5
"HUNTS PORK&BEANS 390G","390",59
"White King Arroz Caldo | 113g","113",37.5
"Quick Chow Pancit Canton Chilimansi | 65g","65",10.75
"Quick Chow Pancit Canton Toyomansi | 65g","65",10.75
"Nissin Pasta Sweet Filipino Style | 60g","60",16
"Good Life Egg Noodles | 200g","200",57.5
"Good Life Sesame Oil | 210mL","210",155
"Del Monte Recipe Menudo Mix | 80g","80",31.5
"DEL MONTE RECIPE MIX CALDERETA 80G","80",28.5
"DEL MONTE RECIPE MIX AFRITADA 80G","80",31.5
"Ajinomoto Pork Savor Seasoning Mix | 8g 12pcs","8",41.5
"San Marino Premium Spanish Sardines | 240g","240",167
"Liberty Premium Chicken Luncheon Meat | 340g","340",88.5
"Liberty Premium Beef Luncheon Meat | 340g","340",91.5
"Hunt's Chili Beef And Beans | 100g","100",19.25
"SM Bonus Spaghetti | 250g","250",26
"SM Bonus Misua | 250g","250",31
"SM Bonus Macaroni Salad | 400g","400",31.5
"SM Bonus Virgin Coconut Oil | 250ml","250",144.75
"SM BONUS VINEGAR WHITE 500ML","500",18.75
"SM BONUS SWEET CHILI SAUCE 550G","550",48.5
"SM Bonus Real Mayo | 220ml","220",79.5
"SM BONUS PATIS ESPECIAL 1L","1",59.75
"SM BONUS IODIZED SALT 500G","500",18
"SM BONUS COCONUT MILK POWDER 50G","50",27.5
"SM BONUS COCONUT CREAM 400ML","400",63.5
"SM BONUS CHINESE SOY SAUCE 1L","1",45
"SM Bonus Bread Crumbs | 1kg","1",155
"SM BONUS BAGOONG REGULAR 250G","250",73.5
"SM BONUS BAGOONG SPICY 250G","250",73.5
"SM BONUS WHITE PEPPER POWDER 60G","60",52.5
"SM BONUS PREMIUM COOKING RICE WINE 750ML","750",209.75
"SM Bonus Mayo Blend | 1L","1",132.5
"SM Bonus Catsup Banana | 320g","320",18.5
"SM BONUS BLACK PEPPER GROUND 60G","60",62.5
"SM Bonus Sweet Chili Sauce | 330g","330",33.5
"SM Bonus Whole Kernel Corn | 2.95kg","2.95",285
"SM Bonus Sardines Chili | 155g","155",22.95
"SM Bonus Pork Luncheon Meat | 340g","340",72.5
"SM Bonus Corned Beef | 175g","175",34.75
"SM Bonus Button Mushrooms | 425g","425",51.5
"SM Bonus Sardines in Tomato Sauce | 155g","155",22.95
"SM Bonus Sandwich Spread | 1L","1",136.5
"SM Bonus Peanut Butter | 340g","340",95.5
"SM Bonus Peanut Butter Crunchy | 470g","470",149.5
"SM Bonus Peanut Butter Creamy | 470g","470",149.5
"SM Bonus Instant Oats | 500g","500",64.5
"SM Bonus Instant Oats | 500g","500",69.5
"SM Bonus Desiccated Coconut | 150g","150",32.5
"SM Bonus Pure Cornstarch | 200g","200",21.5
"SM Bonus Hotcake Mix | 500g","500",59.5
"SM Bonus All Purpose Flour | 400g","400",43.5
"SM Bonus All Purpose Flour | 200g","200",26.5
"Ideal Penne Rigate | 500g","500",85.5
"White King Fiesta Spaghetti 800g + Sweet Style Spaghetti Sauce 900g |","800",129.5
"SUNSHINE SPAGHETTI 1KG","1",77
"White King Fiesta Macaroni Salad | 400g","400",45.5
"White King Fiesta Macaroni Elbow | 400g","400",45.5
"White King Fiesta Macaroni Elbow | 1kg","1",87
"Royal Premium Macaroni Salad | 400g","400",66
"Royal Premium Macaroni Elbow | 400g","400",66
"Royal Elbow Macaroni | 1kg","1",110
"IDEAL GOURMET - ELBOW MACARONI 1KG","1",114.5
"Del Monte Elbow Macaroni | 1kg","1",127.5
"Ideal Gourmet Lasagna | 454g","454",132.5
"Lucky Me Spicy La Paz Batchoy | 70g","70",32
"Lucky Me Spicy La Paz Batchoy Mini Cup Noodles | 40g","40",21.5
"Lucky Me Supreme Spicy Bulalo | 70g","70",32
"Nissin Cup Noodles Spicy Seafood | 40g Mini Cup","40",21.5
"Nissin Cup Noodles Spicy Hot Beef | 45g","45",21.5
"Nissin Cup Noodles Bulalo | 60g","60",31.75
"Nissin Cup Noodles Seafood | 60g","60",31.75
"Nissin Cup Noodles Beef | 60g","60",31.75
"Nissin Cup Noodles Batchoy | 60g","60",31.75
"Nissin Cup Noodles Spicy Seafood | 60g","60",31.75
"Nissin Chicken Cup Noodles | 60g","60",31.75
"Lucky Me Supreme Mini Special Beef | 40g","40",21.5
"Lucky Me Supreme Instant Noodle Soup La Paz Batchoy | 40g","40",21.5
"Lucky Me Supreme Mini Chicken Mami | 39g","39",21.5
"Lucky Me Supreme Jjampong Cup Noodles | 70g","70",35.5
"LUCKY ME SUPREME LAPAZ BATCHOY CUP NOODLES 70G","70",32
"Lucky Me Bowl Bulalo | 70g","70",31
"Lucky Me Supreme Spicy Bulalo | 40g","40",21.5
"Lucky Me Supreme Instant Noodles Mini Jjampong | 40g Mini Cup","40",25.5
"Lucky Me Supreme Mini Seafood | 40g","40",21.5
"Lucky Me Special Jjampong | 55g","55",19.5
"Payless Pancit Canton XTRA BIG Original | 125g","125",17.75
"Payless Pancit Canton Extra Big Kalamansi | 125g","125",17.75
"Payless Pancit Canton Extra Big Chilimansi | 125g","125",17.75
"Lucky Me Instant Pancit Canton Sweet & Spicy | 80g","80",14
"Super Q Special Palabok | 500g","500",43.5
"Tiffany Egg Misua | 240g","240",43.5
"Tiffany Special First Class Misua | 180g","180",33.5
"Quick Chow Instant Mami Noodles Chicken | 55g","55",7.75
"Quick Chow Instant Mami Noodles Beef | 55g","55",7.75
"Nissin Ramen Spicy Seafood Flavor | 59g","59",14.25
"Nissin Ramen Prime Beef | 55g","55",10.65
"Nissin Ramen Mixed Seafood | 55g","55",14.25
"Nissin Ramen Chicken Classic | 55g","55",10.65
"Nissin Ramen Spicy Hot Beef | 62g","62",14.25
"Lucky Me Instant Mami Noodles Spicy Chicken | 50g","50",10
"Lucky Me Instant Mami Spicy Hot Beef | 50g","50",10
"Lucky Me Instant Mami Chicken & Egg | 50g","50",10
"Homi Instant Mami Chicken & Garlic | 55g","55",8.5
"Homi Instant Mami Chili Garlic Beef | 55g","55",9.75
"Homi Instant Mami Beef Brisket | 55g","55",8.5
"Good Life Egg Noodles | 400g","400",79
"Nissin Mini Cup Noodles Yakisoba Spicy Chicken | 52g","52",21.6
"Nissin Yakisoba Mini Cup Noodles Beef | 52g","52",21.6
"Nissin Yakisoba Cup Noodles Spicy Chicken | 77g","77",33
"Nissin Yakisoba Cup Noodles Beef | 77g","77",33
"Excellent Pancit Canton Classic | 500g","500",143.5
"Delicious Special Pancit Canton | 500g","500",126.5
"UFC Golden Fiesta Palm Oil | 500mL Pouch","500",75.5
"UFC Golden Fiesta Palm Oil | 485ml","485",75.5
"UFC Golden Fiesta Palm Oil | 2L Pouch","2",241.5
"UFC Golden Fiesta Palm Oil | 950mL","950",132.5
"Mitra Palm Oil | 1L Pouch","1",118.5
"Mitra Palm Olein Pouch | 1.8L","1.8",219.5
"Jolly Claro Palm Oil | 1L Pouch","1",133.5
"Jolly Claro Palm Oil Pouch | 1L 2pcs","1",244.5
"Jolly Claro Palm Oil Pouch | 2L","2",238.5
"Hapi Fiesta Vegetable Oil | 2L Pouch","2",224.5
"Frito Plus Vegetable Oil | 900ml","900",132.5
"Frito Plus Vegetable Oil | 1.8L","1.8",247.5
"Frito Plus Palm Oil Pouch | 900ml","900",139.5
"Bimoli Vegetable Oil | 1L Pouch","1",124.5
"Bimoli Vegetable Oil Pouch | 2L","2",238.5
"Baguio Orchids Vegetable Oil | 1.8L Pouch","1.8",221
"Peter Paul Virgin Coconut Oil | 250mL","250",179.5
"Dona Elena Olive Oil Pure | 250mL","250",289.5
"Baguio Vegetable Oil Pouch | 500ml","500",112.5
"Minola Coconut Oil | 925mL Pouch","925",208.5
"Minola Coconut Oil | 1.85L Pouch","1.85",373.5
"Minola Coconut Oil | 925mL","925",221.5
"Marca Leon Vegetable Oil Sup | 2l","2",386
"Marca Leon Vegetable Oil | 1L Pouch","1",201.5
"Jolly Canola Oil Pouch | 1L","1",142.5
"Simply Canola Oil | 1L","1",144.5
"Marca Leon Corn Oil | 1L Pouch","1",198.5
"Marca Leon Corn Oil | 1.8L","1.8",352.5
"Marca Leon Canola Oil | 1L Pouch","1",152.5
"Golden Valley Canola Oil | 1L","1",133.5
"SILVER SWAN SUKA PUTI 385ML","385",19
"Silver Swan Suka Puti Doy Pack | 200ml","200",7.75
"PINAKURAT SUKA 250ML","250",78.5
"Pinakurat Suka Sweetened | 250ml","250",78.5
"Del Monte Vinegar | 490ml","490",49.75
"Datu Puti Vinegar Spiced | 350ml","350",47.5
"Datu Puti Vinegar Sup | 200ml","200",9.25
"Hunts Tomato Sauce | 1kg","1",81.5
"Del Monte Tomato Sauce Filipino Style | 900g","900",86
"RAM TOMATO PASTE 150G","150",29.5
"Hunts Spaghetti Sauce Basil & Cheese Pouch | 1kg","1",86.5
"Hunts Spaghetti Sauce Parmesan Cheese Pouch | 1kg","1",86.5
"UFC SPAGHETTI SAUCE 1KG","1",84.5
"DELMONTE SPAGHETTI SAUCE SWEET 1KG","1",94.5
"Del Monte Spaghetti Sauce Filipino Style | 250g","250",35.5
"Del Monte Spaghetti Sauce Italian | 250g","250",38.75
"Del Monte Spaghetti Sauce Sweet Style | 250g","250",38.75
"Del Monte Spaghetti Sauce Creamy & Cheesy | 900g","900",102.25
"Del Monte Spaghetti Sauce Creamy & Cheesy | 500g","500",71.5
"DEL MONTE CARBONARA PASTA SAUCE 200G","200",39.95
"Silver Swan Soy Sauce Doy Pouch | 200ml","200",10.65
"Marca Pina Soy Sauce | 385ml","385",23.5
"Marca Pina Soy Sauce | 200ml","200",12.5
"Datu Puti Soy Sauce Pouch | 1L","1",51.5
"Datu Puti Soy Sauce Sup | 200ml","200",11.5
"Coconut Soy Sauce | 1L","1",123.5
"Ajinomoto Sarsaya Oyster Sauce | 30g 6pcs","30",32
"Mama Sita Oyster Sauce Pouch | 150g","150",42
"Datu Puti Oysterrfic Oyster Sauce | 430g","430",89.5
"MAGGI SAVOR LIQUID SEASONING CALAMANSI 130ML","130",59.5
"Maggi Savor Classic | 130ml","130",59.5
"Knorr Liquid Seasoning Original | 1L","1",317.5
"Mother's Best Hot Sauce | 95g","95",26.5
"Mother's Best Hot Sauce | 200ml","200",46
"Lorins Patis Pouch | 150ml","150",11.5
"PAPA BANANA CATSUP 550G","550",42.5
"PAPA BANANA CATSUP 320G","320",26.5
"Papa Banana Catsup | 2kg","2",115.5
"Del Monte Tomato Ketchup Original Blend | 320g","320",45.75
"Del Monte Tomato Ketchup Tomato | 567g","567",71
"Del Monte Sweet Blend Ketchup | 567g","567",71
"Del Monte Tomato Ketchup Sweet Blend | 320g","320",45.5
"Barrio Fiesta Bagoong Sweet | 250g","250",121.5
"BARRIO FIESTA BAGOONG SPICY 250G","250",121.5
"Lady's Choice Real Mayonnaise Regular | 700ml","700",331.5
"Lady's Choice Real Mayonnaise Regular | 1kg","1",454
"LADYS CHOICE MAYO 80ML","80",34.65
"LADYS CHOICE MAYONNAISE 220ML","220",117
"Eden Mayo Sup | 220ml","220",95.5
"Best Foods Mayonnaise Pouch | 220ml","220",122
"Best Food Mayo Magic | 80ml","80",20
"Best Foods Mayonnaise Mayo Magic | 470mL Doy","470",106.5
"LADYS CHOICE DRSSING CAESAR 236ML","236",147
"LADYS CHOICE DRSSING 1000 ISLAND 236ML","236",144
"Nestle Cream | 300g","300",106.5
"ALASKA CREMA ASADA 370ML","370",54.5
"Mama Sita Barbeque Mix | 50g","50",44.5
"Mama Sita Sweet & Sour Mix | 57g","57",37.5
"MAMA SITA PALABOK MIX 57G","57",42.5
"MAMA SITA KARE KARE MIX 100G","100",68.5
"Squid Brand Fish Sauce Glass | 725ml","725",144.5
"Squid Brand Fish Sauce Glass | 300ml","300",77.5
"Mama Sita Chopsuey Pancit Canton Mix | 40g","40",40
"Mama Sita Adobo Mix | 50g","50",39.5
"Knorr Complete Recipe Mix Ginataang Gulay | 29g","29",17.5
"Fidel Iodized Refined Sea Salt | 1kg","1",35.5
"J&Y Black Pepper Whole | 25g","25",19.5
"J & Y Black Pepper Granules | 25g","25",21.5
"Ajinomoto Msg | 250g","250",61.5
"Ajinomoto Msg | 1kg","1",219.5
"Ajinomoto Ginisa Flavor Mix | 250g","250",86.5
"Ajinomoto Ginisa Flavor Mix | 100g","100",39.5
"FIESTA COCONUT CREAM 200ML","200",35.5
"FIESTA COCONUT MILK POWDER 50G","50",30.5
"Tasty Boy All Purpose Breading Mix | 65g","65",13.25
"Ajinomoto Crispy Fry Breading Mix Spicy | 62g","62",18
"UFC Banana Ketchup Rich Blend | 320g","320",37.5
"Mang Tomas Lechon Sauce Siga | 550g","550",53
"Ajinomoto Crispy Fry Breading Mix Garlic | 62g","62",18
"UFC Oppa Mixes Sweet & Spicy Sauce | 80g","80",35
"UFC Funchow Bibimbap Korean Ricemix | 27g","27",20
"UFC Fun Chow Kimchi Korean Rice Mix | 25g","25",20
"UFC Funchow Beef Bulgogi Rice Mix | 25g","25",20
"UFC Fun Chow Seafood Yang Chow | 20g","20",15
"UFC Oppa Mixes Soy Garlic Sauce | 80g","80",35
"UFC Fun Chow Meaty Yang Chow | 20g","20",15
"McCormick Garlic Powder | 35g","35",86.5
"F&C Grain Fusion | 500g","500",210
"ACV Health Apple Cider Vinegar Mother | 500ml","500",201.75
"Harvester's Thai Jasmine | 25kg","25",2605
"UFC Tomato Catsup | 3kg","3",287
"UFC Tamarind Broth | 800g","800",305.5
"Today's Mixed Fruit Stock | 836g","836",90
"TH Tapa King Spicy Tuyo | 200g","200",262.5
"LADYS CHOICE MAYONNAISE 470ML","470",239.5
"Star Nm Ulam Pares | 150g","150",34.5
"Star Nm Ulam Humba | 150g","150",31.5
"Star Nm Ulam Bistek | 150g","150",34.5
"Star Nm Ulam Bicol Express | 150g","150",31.5
"Star Nm Sausage | 230g","230",47.5
"Star Margarine Regular | 2kg","2",585
"Spring Cooking Oil Vegetable | 17kg","17",2485
"Splenda No Calorie Packets Sachet | 7oz 200pcs","200",609.5
"Spam Luncheon Meat Hot Spicy | 340g","340",214.5
"Splenda No Calorie Sweetener Sachet | 1.7oz 50pcs","50",199.5
"Equal Sweetener Classic | 50pcs","50",167.5
"Star Margarine Regular | 1kg","1",319.5
"Star Margarine Garlic | 100g","100",39.5
"Star Margarine Sweet Blend | 100g","100",39.5
"Magnolia Cheezee Spread Pimiento | 480g","480",199.5
"Magnolia Cheezee Spread Plain | 480g","480",194.5
"Magnolia Cheeze Squeeze Pimiento | 220g","220",95
"Magnolia Cheezee Squeeze Plain | 220g","220",89.5
"Magnolia Spread Cream Cheese | 220g","220",154.5
"Lily's Peanut Butter | 296g","296",189.5
"Lily's Peanut Butter Lite | 320g","320",169.5
"Lady's Choice Ham Sandwich Spread | 220ml","220",134.5
"Lady's Choice Tuna Sandwich Spread | 220ml","220",134.5
"LADY'S CHOICE BACON SANDWICH SPREAD 220ML","220",134.5
"LADY'S CHOICE SANDWICH SPREAD 220ML","220",99.5
"Skippy Peanut Butter No Sugar | 280g","280",162.5
"Lady's Choice Chicken Sandwich Spread | 220ml","220",134.5
"Lady's Choice Ham Sandwich Spread | 220ml","220",101.5
"Lady's Choice Sandwich Spread Pouch | 220ml","220",82.5
"Lady's Choice Sandwich Spread Chicken | 470mL","470",264.5
"Silver Swan Sweet Chili Sauce | 3785ml","3785",407.5
"Silver Swan Sukang Puti | 19L","19",670
"Silver Swan Hot Sauce | 3785ml","3785",498.5
"Lady's Choice Sandwich Spread | 470mL","470",196.5
"Goya Choco Hazelnut & Milk Spread | 350g","350",189.5
"GOYA DOUBLE HAZELNUT SPREAD 350G","350",209.5
"Goya Choco Spread Choco Hazelnut | 350g","350",189.5
"Eden Sandwich Spread | 470ml","470",204.95
"Eden Sandwich Spread Sup | 220ml","220",85
"Cheez Whiz Spread With Pimiento | 210g","210",102.5
"Bestfoods Sandwich Spread Salad Mate Pouch | 220ml","220",72.95
"Best Foods Sandwich Spread Regular | 220ml","220",76.5
"Arla Cheesy Spread | 140g","140",86.5
"Lily's Coco Jam Glass | 370g","370",154.5
"Clara Ole Strawberry Jam | 320g","320",159.5
"Cems Honey Superior Unfiltered | 500g","500",239.5
"Prime Honey | 500g","500",239.5
"San Sebastian Spanish Sardines Olive Oil Hot and Spicy | 220g","220",162.5
"San Sebastian Spanish Sardines Olive Oil Mild | 220g","220",162.5
"San Sebastian Smoked Sardines In Corn Oil | 220g","220",146.5
"San Sebastian Dried Hering Garlic and Olive | 220g","220",185.5
"Reno Potted Meat | 85g","85",24.25
"Quaker Oats Quick Cook | 800g Foil","800",142.5
"Quaker Old Fashioned Rolled Oats | 1.2kg","1.2",239.5
"Quaker Oats Quick Cook | 400g Foil","400",82.5
"Quaker Instant Oatmeal With Milk Chocolate | 500g","500",144.5
"Quaker FIO Chocolate | 33g","33",14.5
"Quaker Instant Oatmeal With Milk Chocolate | 200g","200",64.5
"Quaker FIO Banana Honey | 33g","33",14.5
"Purefoods Luncheon Meat Lite | 230g","230",98
"Purefoods Luncheon Meat | 230g 2pcs","230",190
"Quaker Instant Oatmeal Choco With Milk | 40g","40",19.5
"Quaker Oats Instant | 33g","33",1
"Quaker Oats Instant Oatmeat | 400g","400",68.25
"Nestle Milo Balls Cereal | 170g","170",132.5
"Nestle Cookie Crisp | 330g","330",209.5
"Nestle Honey Gold | 220g","220",132.5
"Neslte Corn Flakes Cereal | 500g","500",229.5
"Corn Flakes Cereal | 150g","150",91
"Nestle Honey Stars | 300g","300",199.5
"Nestle Honey Stars | 450g","450",279.5
"Nestle Kokocrunch Duo | 170g","170",124.5
"Koko Krunch Cereal Duo | 330g","330",209.5
"Koko Krunch Kid's Cereals All in One | 35g","35",18.5
"Koko Krunch Kid's Cereal | 170g","170",116.5
"Kelloggs Cereal Froot Loops | 150g","150",144.5
"Kellogs Cereal Corn Flakes | 150g","150",96.5
"Kelloggs Cereal Corn Frosties | 175g","175",119.5
"Lea & Perrins Worcestershire Sauce | 290ml","290",239.5
"Saba Squid in Soy Sauce With Chili | 155g","155",52.75
"Saba Squid In Soy Sauce | 155g","155",52.75
"Mega Sardines Spanish Style | 155g","155",34.5
"Family Sardines Hot (Bonus Pack) | 155g","155",24
"Family Sardines Tomato Sauce (Bonus Pack) | 155g","155",23
"Zaragoza Sardines In Corn Oil Mild Hot | 220g","220",213.5
"Zaragoza Spanish Sardines In Olive Oil Hot | 220g","220",213.5
"555 FRIED SARDINES HOT AND SPICY 155G","155",35.5
"Saba Pink Salmon in Natural Oil | 155g","155",56
"Century Tuna Solid in Vegetable Oil | 184g","184",87
"Century Tuna Chunks in Water | 184g","184",72
"555 Tuna Flakes in Oil | 155g","155",32.75
"Old Engworchester Shire Sauce | 3785kg","3785",375
"Old Engworchester Shire Hot | 378ml (1gal)","378",443.5
"San Marino Corned Tuna Chili | 180g","180",46.5
"Ram Sweet Whole Pickges | 270g","270",109.5
"Jolly Mushroom Whole | 198g","198",41
"Hunts Pork & Beans Doy | 230g","230",35.75
"Ram Sweet Relish Pickles Sup | 100g","100",37.5
"Ram Pickles Relish | 405g","405",137.5
"Ram Sweet Pickle Relish | 270g","270",102.5
"Dole Pineapple Tidbits | 822g","822",111
"Del Monte Tidbits Sup | 200g","200",31.5
"Del Monte Pineapply Tidbits | 822g","822",112
"Nongshim Shin Ramyun Stir Fry Spicy Pouch | 131g","131",76.5
"Del Monte Pineapple Tidbits Flat | 227g","227",40.5
"Dole Pineapple Sliced | 822g","822",126
"Del Monte Pineapple Sliced | 822g","822",120
"Del Monte Pineapple Sliced Flat | 227g","227",40.5
"Del Monte Pineapple Crushed | 227g","227",40.25
"Nissin Ramen Spicy Pork Tonkotsu Cup | 45g","45",25.75
"Nissin Ramen Garlic Pork Tonkotsu Pouch | 60g","60",14.25
"Del Monte Pineapple Chunks | 822g","822",112
"Nissin Mini Noodle Cup Regular |36g","36",109.5
"Del Monte Pineapple Chunks Flat | 227g","227",40.25
"CDO Nata De Coco White | 340g","340",63
"Nissin Cup Noodles Seafood (Light) | 60g","60",139.5
"CDO Nata De Coco Red | 340g","340",63
"CDO Sweet Nata De Coco Green | 340g","340",63
"CDO Sweet Kaong Red | 340g","340",85.5
"CDO Sweet Kaong Green | 340g","340",85.5
"Ram Green Peas | 225g","225",25
"Ram Garbanzos | 225g","225",28.5
"Today's Mixed Fruit Cocktail | 3033g","3033",269
"Seasons Fruit Mix In Heavy Syrup | 3.06kg","3.06",326.5
"Dole Fruit Cocktail | 822g","822",104.5
"Dole Tropical Fruit Cocktail | 3.06kg","3.06",349.5
"Del Monte FiestaFruit Cocktail | 3033g","3033",308
"Del Monte FiestaFruit Cocktail | 836g","836",93
"Ram Cooked Dry Peas | 155g","155",17
"Jolly Cream Corn | 425g","425",43.5
"Temple Black Beans Salted | 180g","180",33.5
"Ram Salted Black Beans | 100g","100",16.5
"CDO Meat Loaf | 210g","210",31
"CDO Meat Loaf | 150g","150",21
"Purefoods Liver Spread | 85g","85",31
"Argentina Fiesta Sausage | 175g","175",33.25
"CDO Chinese Luncheon Meat | 350g","350",84
"Highlands Gold Corned Beef | 210g","210",110.75
"Highlands Corned Beef Regular | 175g","175",42
"Purefoods Star Corned Beef | 175g","175",41.5
"Purefoods Star Corned Beef Chunky Cheese | 150g","150",37
"Palm Corned Beef | 326g","326",312.5
"Purefoods Chunkee Corned Beef | 190g","190",57.5
"CDO Karne Norte Pinoy Style | 260g","260",47.75
"CDO Karne Norte | 150g","150",28.75
"CDO Karne Norte Corned Beef | 100g 4pcs","100",77.5
"Cdo Karne Norte Guisado Sulit Pack | 60g","60",13.25
"CDO Karne Norte | 100g","100",20.5
"CDO Beef Loaf | 210g","210",31
"CDO Beef Loaf | 150g","150",21
"Argentina Beef Loaf | 250g","250",35
"Molinera Whole Peeled Tomatoes | 2550g","2550",436
"Molinera Crushed Tomatoes | 2500g","2500",439
"Miyasaka Shinshu Ichi Fresh Miso | 181.1g","181.1",224.5
"Miyasaka Mix Miso Soup | 210g","210",224.5
"Miyakoichi Yude Udon Without Soup | 1000g","1000",269.5
"Miyakoichi Teppan Yakisoba | 480g","480",234.5
"Miyakoichi Mushi Yakisoba Without Soup | 750g","750",284.5
"Mitsukan Ryoroushu | 400ml","400",194.5
"Minola Cooking | 16kg","16",3208
"Minola Coconut Oil Pet Twinpack | 925ml 2pcs","925",378
"Mi Sedaap Mi Goreng Korean Spicy | 87g","87",27.5
"McCormick Vanila Extract Limitation | 475ml","475",515
"McCormick Spanish Paprika | 1kg","1",967.5
"McCormick Salad Shots Caesar | 15g","15",24.5
"McCormick Salad Shots Roasted Sesame | 15g","15",17.5
"McCormick Salad Shots Cilantro Lime | 15g","15",17.5
"McCormick Regular Garlic Powder | 1kg","1",910
"McCormick Premium Garlic Powder (Pet) | 500g","500",876.5
"McCormick Kimchi Jjigae Soup | 28g","28",49.5
"McCormick Regular Gravy | 1kg","1",356.5
"McCormick Black Pepper Ground (Pet) | 530g","530",915
"McCormick Black Pepper Ground | 1kg","1",1405
"McCormick White Pepper Ground (Pet) | 530g","530",1415.5
"McCormick Spanish Paprika (Pet) | 470g","470",655
"McCormick Red Food Color | 20ml","20",46.5
"McCormick Panda Extract Imitation | 20ml","20",54.5
"McCormick Mango Extract | 20ml","20",69.5
"McCormick Garlic Granulated (Pet) | 700g","700",935
"McCormick Green Food Color | 20ml","20",44.5
"McCormick Assorted 4 Vial Food Color | 8ml","8",151.5
"McCormick Almond Extract Pure | 20ml","20",54.5
"Marumiya Ajidouraku | 30g","30",109.5
"Marca Pina Soy Sauce |19L","19",753
"Marca Leon Coconut Oil | 17kg","17",2904.5
"Magnolia Cheezee Squeeze Plain | 115g","115",49.5
"Magnolia Cheezee Squeeze Pimiento | 115g","115",49.5
"Magnolia Cheezee Spread Pimiento | 235g","235",104.5
"Maggi Curry Noodle | 79g","79",22
"Maggi Chicken Cubes | 40g","40",21.5
"Lotte Luncheon Meat Save15 | 340g 2pcs","340",280
"Lily's Peanut Butter Lite | 210g","210",119.5
"Lee Kum Kee Sauce Hoisin | 2268g","2268",641
"Lee Kum Kee Sauce Panda Oyster | 2240g","2240",568.5
"Lady's Choice Mayonnaise | 27ml 3pcs","27",36
"Lady's Choice Chicken Spread | 27ml 3pcs","27",41
"Lady's Choice Bacon Spread | 27ml 3pcs","27",41
"Lady's Choice Sandwich Spread | 3.5L","3.5",971
"Kokokrunch Cookie Bar | 14.5g 4pcs","14.5",49.5
"Knorr Soup Base Tamarind | 160g","160",93
"Knorr Liquid Seasoning | 2L","2",585.5
"Knorr Cubes Pork | 30g","30",19.5
"Knorr Cubes Chicken | 30g","30",19.5
"Knorr Soup Base Tamarind | 1kg","1",479.5
"Knorr Cubes Beef | 30g","30",19.5
"King Cup Sardines Spanish Hot and Spicy In Sunflower Oil | 125g","125",56
"King Cup Sardines In Tomato Sauce With Chili | 155g","155",22.25
"King Cup Portuguese Sardines In Tomato Sauce | 125g","125",46
"Mr Hat Gulaman Green Tea | 25g","25",15.5
"Mr Hat Gulaman White | 25g","25",15.5
"White King Classic Puto | 400g","400",94.5
"White King Brownies Crinkles Mix | 500g","500",124.5
"White King Ultimate Fudge Brownie Mix | 580g","580",167.5
"White King All Purpose Flour | 400g","400",51.5
"White King All Purpose Flour | 800g","800",98.5
"Peotraco Pure Glycerin | 100ml","100",72.5
"Peotraco Glucose | 750g","750",103
"Peotraco Rice Flour | 500g","500",72.5
"Peotraco Glutinous Rice Flour | 500g","500",79.5
"M.Y. San Crushed Graham | 200g","200",54.5
"Maya Cake Flour | 1kg","1",134.5
"Maya Quick Easy Pancake | 200g","200",44.5
"Maya All-Purpose Flour | 800g","800",94.5
"Maya All Purpose Flour | 4kg","4",455
"Magnolia Fudge Brownie Mix | 500g","500",146.5
"Magnolia Devils Food Cake | 550g","550",206.5
"Jolly Whole Kernel Corn | 2950g","2950",290
"Magnolia Pancake Plus With Chocolate Syrup | 200g","200",42.5
"Magnolia Pancake & Waffle Mix | 180g","180",33.5
"Magnolia Pancake Plus With Maple Syrup | 200g","200",42.5
"Jolly Pineapple Tidbits | 850g","850",97.5
"Jolly Mushroom Whole | 2840g","2840",442.5
"Jolly Mushroom Pieces Stems | 2840g","2840",422
"Magnolia Pancake and Waffle Mix | 400g","400",66.5
"McCormick Buco Pandan Extract | 20ml","20",72.5
"Peotraco Sugar Caster | 500g","500",82.5
"Peotraco High Fructose Corn Syrup | 500ml","500",79.5
"Peotraco Confectioners Powdered Sugar | 2272g","2272",339.5
"Peotraco Premium Confectioners Sugar | 450g","450",82.5
"Peotraco Regular Confectioners Sugar | 450g","450",77.5
"Goya Cocoa Powder Unsweetened | 180g","180",184.5
"Goya Easy Melt Cream White Chocolate Buttons | 180g","180",109.5
"Goya Easy Melt Chocolate Buttons | 180g","180",109.5
"Goya Easy Melt Dark Chocolate Buttons | 180g","180",109.5
"Goya Chocolate Syrup | 350ml","350",144.5
"J&Y White Sugar Sachet 5Gx | 100pcs","100",154
"Hunt's Baked Beans SUP | 100g","100",15.75
"Hanamaruki Miso With Bonito Fish Stock | 800g","800",197.5
"Good Life Bread Crumbs | 80g","80",19.5
"Golden Valley Mushroom Piece and Stem | 2840g","2840",360.5
"Eden Sandwich Spread | 80ml","80",39.5
"Dona Elena Blended Oil | 500ml","500",189.5
"Del Monte Sliced Peaches | 825g","825",168.5
"Datu Puti Red Cane Vinegar | 4L","4",163.5
"Dailyfix Verry Nutty Granola | 700g","700",439.5
"Dailyfix Berry Special | 700g","700",439.5
"Cheez Whiz Pimiento Pouch | 105g","105",50
"Cheez Whiz Original Pouch | 60g","60",32.5
"Bingo Corned Beef | 150g","150",21.25
"Best Food Salad Sandwich Mate | 220ml","220",87.95
"Best Food Mayo Magic | 1L","1",220
"Baguio Pure Coconut Oil Save20 | 1L 2pcs","1",449
"Australia Harvest Oats Rolled | 500g","500",99.5
"Angel All Purpose Creamer | 250ml","250",47
"Ajinomoto Liquid Seasoning | 3.8L","3.8",974.5
"Ajinomoto Hondashi Soup Broth | 56g","56",192.5
"555 Carne Norte | 100g","100",20.5
"Baguio Pure Coconut Oil Save 20| 1L 2pcs","1",437
"Cheez Whiz Easy Squeeze Pimiento | 200g","200",91.5
"Quaker Instant Banana & Honey | 200g","200",59.5
"Cheez Whiz Original Pouch | 105g","105",46.5
"555 Mackerel in Natural Oil | 155g","155",34.5
"King Cup Sardines In Tomato Sauce | 155g","155",21.4
"Lucky Me Pancit Canton Hot Chili | 75g","75",14
"Willy Farms Premium Dinorado Rice | 25kg","25",1925
"Vita Rice Fragrant Denorado Laon | 25kg","25",1441
"Sundried Pusit X Sweet (Big) | 100g","100",154.5
"Sundried Danggit Unsalted | 100g","100",121
"Sundried Bisugo White | 150g","150",124.5
"Sundried Lapad | 200g","200",91
"Sagay Muscovado Sugar | 500g","500",92.5
"LM Cereal Jasmine Rice | 25kg","25",1641
"Harvesters Rice Sinandomeng Bago | 25kg","25",1323
"Harvesters Pure Dinorado | 25kg","25",1890
"Harvesters Long Grain | 25kg","25",1740
"Farmboy Sinandomeng | 25kg","25",1299
"Farmboy Pandan Rice | 10kg","10",588
"Farmboy Dinorado | 25kg","25",1685
"Dona Maria Miponica Rice | 10kg","10",1080
"O'Food Tteokboki Cup Sweet & Sour | 105g","105",93.5
"O'Food Tteokboki Cup Spicy | 105g","105",93.5
"O'Food Korean BBQ Galbi Marinade Pork | 280g","280",120
"O'Food Korean BBQ Galbi Marinade Beef | 280g","280",120
"O'Food BBQ Gochujang Bulgogi Pork | 280g","280",120
"O'Food Korean BBQ Bulgogi Marinade Beef | 280g","280",120
"O'Food Doenjjang Jjigae Sauce Soy Bean | 130g","130",88
"O'Food Bundae Jjigae Sauce Sausage & Ham | 140g","140",88
"O'Food Sundubu Jjigae Sauce Spicy | 140g","140",88
"O'Food Gochujang Korean Hot Sauce | 300g","300",185
"O'Food Gochujang (Bibimbap) | 300g","300",215
"O'Food Gochujang (Tteokbokki) | 300g","300",215
"Equal Natural Stevia Pouch | 400g","400",479.5
"Equal Natural Stevia Pouch | 150g","150",199.5
"Four Seas Roast Beef Instant Noodles | 90g 5pcs","90",167.5
"Four Seas Beef & Radish Noodles | 100g 5pcs","100",167.5
"Four Seas Chicken Noodles | 100g 5pcs","100",167.5
"Four Seas Seaweed Hot & Chili Noodle | 90g 5pcs","90",167.5
"Amoy Toban Sauce | 225g","225",154.5
"O'Food Tteokboki Cup Jjajang | 105g","105",93.5
"O'Food Tteokboki Cup Cheese | 105g","105",93.5
"4D Gummy Fast Food | 75g","75",69.5
"Sagay Muscovado Sugar | 1kg","1",174.5
"Mana Washed Sugar | 1kg","1",84
"SM Bonus Powder Cayenne | 50g","50",24
"SM Bonus Ginger Powder | 30g","30",16.5
"SM Bonus Garlic Flakes (Sliced) | 30g","30",13.75
"SM Bonus Banana Blossom | 25g","25",14
"UFC Golden Fiesta Canola Sup Duo Pack | 1L 2pcs","1",261.5
"Kuhne Horse Radish Ready To Use | 140g","140",174.5
"SM Bonus Kasubha | 10g","10",26
"Ottogi Jin Jjajang Noodle | 135g","135",98.5
"Ottogi Jin Jjambbong Noodle | 130g","130",98.5
"Hapi Fiesta Vegetable Oil | 500ml","500",71
"UFC Super Fiesta Coconut Oil Pet | 350ml","350",63.5
"Magnolia Real Mayonnaise Jar | 250ml","250",117.5
"Magnolia Real Mayonnaise Jar | 520ml","520",237.5
"Lucky Me Seafood Shrimp Tonkotsu | 45g","45",25.5
"Maggi Magic Sarap Seasoning Mix | 21g 3pcs","21",36.5
"Lucky Me Seafood Shrimp Tonkotsu 60G","60",15.5
"Nutella Spread Hazelnut | 1kg","1",729.5
"Nestle Kitkat Cereal | 330g","330",369.5
"Ladys Choice Spread Doy | 470ml","470",214.5
"Ladys Choice Spread Doy | 220ml","220",101.5
"Magnolia APC Save As Much As P4 | 110ml 3pcs","110",105.5
"Magnolia APC Saverspack | 250ml 2pcs","250",119
"Payless Extra Big Pancit Cantoon With Free Pancit Canton Kalamansi 125g | 125g 3pcs","125",55.5
"Sunshine Saucey Ghetti | 1kg","1",125
"McCormick Sweet & Sour | 140g","140",88.5
"CDO Karne Norte Save As Much As P5 | 150g 3pcs","150",81.25
"Tulip Natural Jamonilla | 300g","300",176.5
"Tulip Jamonilla L Meat With Savings | 340g 2pcs","340",305
"Delimondo Tuna Chunks N Extra Virgin Oil | 185g","185",101.5
"Delimondo Tuna Chunks N Extra Virgin H&S | 185g","185",104.5
"Delimondo Yellowfin Tuna Chunks N Brine | 185g","185",82.5
"Barilla Sauces Napoletana | 400ml","400",214.5
"Barilla Pasta Spaghettoni | 500g","500",117.5
"555 Tuna Sisig | 155g","155",32.75
"Lucky Me Kasalo Pack Extra Hotchilli | 120g","120",18.5
"Lucky Me Kasalo Pack Kalamansi | 120g","120",18.5
"Purefoods Star Corned Beef Save As Mch As P8 | 175g 3pcs","175",116.5
"Purefoods Corned Beef 210g Purefoods Clm 350g Save P10","210",178
"Nongshim Stir Fry Noodles With Cheese | 136g","136",87.5
"Nongshim Shin Ramyun Spicy Chicken | 120g","120",78.5
"UFC Ginisang Bagoong Spicy | 250g","250",91.5
"UFC Ginisang Bagoong Regular | 250g","250",91.5
"Samyang Fire Chicken Buldak Yakisoba | 140g","140",87.5
"Nissin Bar Noodle Aka Tonkotsu Flavor | 181g","181",124.5
"Nissin Bar Noodle Hkkaido Miso Tonkotsu | 181g","181",124.5
"Nissin Bar Noodle Black Garlic Oil Tonkotsu | 186g","186",124.5
"Nissin Bar Noodle Kyushu Tonkotsu | 186g","186",124.5
"Ajinomoto Ginisa 30% Less Sodium | 8g 12pcs","8",41.5
"Nongshim Neoguri Mild Noodle | 120g 5pcs","120",325
"Way Paella Sauce | 100g","100",104.5
"Way Hainenese Chicken Rice Chili Sauce | 100g","100",104.5
"Way Sambal Dip Sauce | 100g","100",104.5
"Way Sambal Nasi Lemak Sauce | 100g","100",104.5
"Way Biryani Sauce | 100g","100",104
"Argentina Ready To Use Giniling | 150g","150",28
"Prego Mac Cheese | 70g","70",97.5
"Prego Mushroom Carbonara Mac | 71g","71",97.5
"SA Himalayan Pink Salt Pet | 200g","200",256.5
"SA Himalayan Pink Salt | 1kg","1",369.5
"SA Himalayan Pink Salt Grinder | 90g","90",174.5
"UFC Shake It Up Cheese Powder | 25g","25",17.5
"UFC Shake It Up BBQ Powder | 25g","25",17.5
"Payless Pansit Canton Sakto Kalamansi | 60g","60",10.5
"Payless Pansit Canton Sakto Xtra Hot | 60g","60",10.5
"Cj Haechandle Delicious Gochujang | 200g","200",97.5
"Sunshine Hot Chili Sauce | 300ml","300",109.5
"Del Monte Spaghetti Sauce Italian Style | 500g","500",73
"Del Monte Spaghetti Sauce Filipino Style | 500g","500",62.25
"Del Monte Spaghetti Sauce Sweet Style | 500g","500",73
"Farmboy Pandan Rice | 5kg","5",308
"Clara Ole Pasta Sauce Crab Flavor | 180g","180",136.5
"Clara Ole Pasta Negra | 180g","180",136.5
"Mama Sita Barbecue Marinade | 40ml","40",8.75
"Massel Vegetable Ultra Cubes | 105g","105",109.5
"Massel Chicken Ultra Cubes | 105g","105",109.5
"Massel Beef Ultra Cubes | 105g","105",109.5
"Massel Pho Ultra Cubes | 105g","105",117.5
"Massel Beef Stock Powder | 168g","168",149.5
"Massel Vegetable Stock Powder | 168g","168",149.5
"Massel Chicken Stock Powder | 168g","168",149.5
"Massel Organic Vegetable Style Liquid Stock | 1L","1",125
"Massel Organic Chicken Style Liquid Stock | 1L","1",125
"Massel Organic Beef Style Liquid Stock | 1L","1",125
"Lee Kum Kee Filipino Style Soy Sauce | 500ml","500",36.5
"Lee Kum Kee Filipino Style Soy Sauce | 1L","1",70
"Mega Tuna Flakes Smoky Barbecue | 180g","180",56
"Mega Tuna Flakes In Spicy Lemon | 180g","180",56
"Young's Town Sardines In Tomato Sauce With Chili | 425g","425",75.5
"Young's Town Sardines In Tomato Sauce | 425g","425",72.5
"Heinz Garlic & Caramelized Onion Mayo | 220ml","220",178.5
"Heinz Truffle Mayonnaise | 220ml","220",192
"Ox Palm Corned Beef | 326g","326",262.5
"Ox Palm Cooked Ham | 454g","454",374.5
"Ox Palm Luncheon Loaf | 340g","340",169
"Royal Smokehouse Chicken Luncheon Meat | 340g","340",95
"Ajinomoto Crispy Fry Gravy | 20g","20",8
"Samyang Fire Chcken Habanero Lime | 140g","140",78
"Ottogi Jin Ramen Chicken Flavor | 110g","110",84.5
"Ottogi Stir Fry Cheese Ramen Spicy | 130g","130",85
"Ottogi Stir Fry Cheese Ramen | 120g","120",85
"Tartuffi Jimmy Whte Truffle Flavored Oil | 250ml","250",599.5
"Tartuffi Jimmy Black Truffle Flavored Oil | 250ml","250",599.5
"Tartuffi Jimmy Truffle Spice Seasoning | 45g","45",539.5
"Tartuffi Jimmy Truffle & Genovese Sauce | 180g","180",247.5
"Tartuffi Jimmy Truffle Alfredo Sauce | 180g","180",247.5
"Tartuffi Jimmy Truffle Sauce | 180g","180",318
"Tartuffi Jimmy Truffle & Cheese Sauce | 180g","180",318
"Massel Laksa Ultra Cubes | 105g","105",117.5
"UFC Chicken And Corn Soup | 60g","60",39
"Sunshine Saucy Ghetti Sakto Jr | 900g","900",72
"Sunshine Saucy Ghetti Pinoy Style | 1.7kg","1.7",119.75
"Del Monte Carbonara Spaghetti Sauce | 400g","400",75.75
"Lucky Me Pancit Canton Extrachili Manhot | 79g","79",14
"Black Garlic Sea Salt | 200g","200",150
"McCormick Chili Lime | 48g","48",97.5
"Carmans Cookies & Cream Bar | 200g 5pcs","200",299.5
"Carmans Dark Choco & Almond Bar | 200g 5pcs","200",299.5
"Caramba Sawsaw | 445ml","445",137.5
"Caramba Barbecue Sauce | 445g","445",156.5
"Shakti Baba Cardamom Powder Green | 100g","100",329.5
"Homi Instant Mami Hot Beef | 55g","55",9.75
"McCormick Grill Mates Steak Ala Pobre | 40g","40",41.5
"McCormick Korean Fried Chicken Kimchi | 95g","95",67.5
"Lady's Choice Tuna Spread | 470ml","470",264.5
"Lady's Choice Chunky Peanut Butter | 340g","340",204.5
"Lady's Choice Ham Spread Doy | 470ml","470",214.5
"Lady's Choice Bacon Spread | 470ml","470",264.5
"Best Foods Peanut Butter | 340g","340",171.5
"Clara Ole Sugar Free Marmalade Strawberry | 240g","240",154.5
"Claraole Sugarfree Marmalade Orange | 240g","240",154.5
"Claraole Pineapple Jam | 320g","320",159.5
"Nestle Trix Cereal | 330g","330",224.5
"Nestle Honey Gold | 370g","370",199.5
"Kelloggs Funpack | 170g","170",114.5
"Fitbar Tiramisu Cereal Bar | 22g","22",32.95
"Dorset Super Cranberry & Almond Muesli | 540g","540",464.5
"Dorset Simply Fruity Muesli | 620g","620",399.5
"Daily Fix Very Nutty Granola | 350g","350",234.5
"Daily Fix Berry Special | 350g","350",234.5
"Carmans Super Berry Muesli | 500g","500",359.5
"Carmans Super Berry Bar | 270g 6pcs","270",274.5
"Carmans Original Muesli | 500g","500",359.5
"Carmans Original Fruit Muesli Bar | 270g 6pcs","270",274.5
"Carmans Greek Style Yoghurt & Berry Bar | 200g 6pcs","200",299.5
"Carmans Dark Choco Cranberry Bar | 200g","200",299.5
"Carmans Classic Muesli | 500g","500",359.5
"Samyang Fire Chicken Tomato Ramen | 140g","140",109.5
"Samyang Fire Chicken 4Cheese Ramen | 140g","140",109.5
"Ox Palm Corned Beef Onion | 326g","326",242.5
"Ox Palm Corned Beef Chili Garlic | 326g","326",242.5
"Ox Palm Corned Beef Smokey Bbq | 326g","326",262.5
"Nutrifam Shirataki Rice | 200g","200",88.5
"Nutrifam Shirataki Noodles | 200g","200",88.5
"Mega Mackerel In Tomato Sauce | 425g","425",71
"Mega Mackerel In Natural Oil | 425g","425",74.5
"Mega Mackerel And Tomato Sauce With Chili | 425g","425",71.5
"McCormick Cinnamon Sticks | 13g","13",29
"Mama Shrimp Tom Yum Flavor Pouch | 60g","60",23.5
"Mama Instant Noodles Pork Flavour Cup | 70g","70",41.5
"Excellent Egg Noodles | 200g","200",46.5
"Equal Sweetener Sachet | 1g 12pcs","1",47.5
"Cream All Creamer | 170g","170",49.5
"Cadbury Shots | 35.2g","35.2",25
"Hersheys Dark Salted Caramel | 40g","40",56.5
"Hersheys Dark Rich Coffee | 40g","40",56.5
"SM Bonus Spanish Sardines | 228g","228",129.9
"Clara Ole Mango Pineapple Jam | 320g","320",159.5
"Clara Ole Mango Jam | 320g","320",159.5
"Dona Maria Jasponica Rice | 25kg","25",2505
"Inday Rose Lagao | 200g","200",47
"TJ Rock Salt | 500g","500",6.5
"TJ Special Salted Lagpang | 250g","250",45.75
"TJ Special Salted Katambak | 250g","250",41.5
"TJ Dried Fish Baudnon | 100g","100",30
"TJ Special Salted Lagao | 200g","200",44.5
"Magnolia Real Mayonnaise | 470ml","470",183
"Lady's Choice Ham Sandwich Spread | 470ml","470",264.5
"UFC Coconut Cream 400ml 3pcs Get 1 Free","400",195
"UFC Mushroom Pieces & Stems 400g 3pcs Get 1 Free","400",148.5
"Buy 2 UFC Golden Fiesta Canola Oil 1L With Savings","1",251
"Nongshim Shin Ramyun Super Spicy | 120g 3+2","120",155
"Nongshim Ojingeo Champong Ramyun Pouch (E) | 124g","124",79.5
"Nongshim Shin Ramyun Pouch(E) | 120g 4+1","120",250
"Amoy Spicy Eggplant Sauce | 80g","80",64.5
"Amoy Sweet And Sour Sauce | 80g","80",64.5
"Amoy Spare Rib Honey Sauce | 80g","80",64.5
"Amoy Minced Garlic | 220g","220",194.5
"Amoy Mapo Tofu Sauce | 80g","80",64.5
"Amoy Minced Ginger With Shallot Oil | 200g","200",214.5
"Chia Fan Cooking Wine HT | 750ml","750",197.5
"Shaoxing Cooking Wine HT | 640ml","640",180
"Kweichow Hot Soybean Paste | 245g","245",197.5
"Heng Bing Superior Light Soy Sauce | 600ml","600",84.5
"Heng Bing Mushroom Dark Soy Sauce | 600ml","600",97.5
"Koka Laksa Sin Gapura Bowl Noodles | 90g","90",87.5
"Heinz Chicken Soup UK | 290g","290",84.5
"Nutrifam Organic Coco Sugar | 500g","500",249
"Lauriat Chinese Soy Sauce Light | 750ml","750",80
"Lauriat Chinese Soy Sauce | 750ml","750",77
"Master Foods Mint Jelly | 290g","290",159.5
"Knorr Cream Of Mushroom | 1kg","1",725.75
"Master Mackerel In Tomato Sauce Green | 425g","425",67.5
"Family Sardines Spanish Style Club Can | 120g","120",42.5
"Gold Seas Tuna Chunks Indian Curry | 185g","185",86.5
"Gold Seas Premium Flakes Salpicao | 170g","170",57
"Gold Seas Premium Flakes In Oil & Spices | 170g","170",52.5
"San Marino Premium Yellow Fin In Olive Oil | 200g","200",167
"San Marino Blue Mackerel Steak Spanish Style | 180g","180",64
"Dona Elena Anchovies Flat | 56g","56",158.5
"555 Fried Sardines Bistek | 155g","155",35.5
"555 Fried Sardines Escabeche | 155g","155",35.5
"Knorr Demi Glace Sauce | 1kg","1",880
"Knorr Oyster Sauce | 3.6kg","3.6",721
"Ang Sarap Patis | 200ml","200",52.5
"Clara Ole Bechamel White Sauce | 200g","200",54.5
"Lee Kum Kee Char Siu Sauce | 240g","240",169.5
"Lee Kum Kee Kum Chun Oyster Sauce | 770g","770",156.5
"Lee Kum Kee Kum Chun Oyster Sauce | 510g","510",118.5
"Ram Tomato Paste | 500g","500",94.5
"Marca Pina Cane Vinegar | 385ml","385",21.5
"UFC Sweet Chili Sauce | 90g","90",18.5
"UFC Ready Recipes Caldereta | 200g","200",32.5
"Datu Puti Soy Sauce Gin | 350ml","350",19.5
"Datu Puti Vinegar Spiced | 750ml","750",86.5
"UFC Spaghetti Sauce | 500g","500",47.5
"UFC Banana Catsup | 200g","200",19.5
"UFC Catsup Hot & Spicy | 320g","320",36
"Mothers Best Hot Sauce Super Hot | 50ml","50",21.5
"Kamayan Sauce Anchovies | 340g","340",44.5
"Silver Swan Extra Hot Chili Sauce | 180g","180",34.5
"Kikkoman Soy Sauce Std Grade Bottle | 150ml","150",72.5
"Barrio Fiesta Spicy | 500g","500",217.5
"Molinera Pickles N Vinegar | 340g","340",238.5
"Minola Cooking Oil | 1.75L","1.75",391.5
"Mitra Palm Olein Bottle Pet | 485ml","485",72
"Mitra Palm Oil Pet | 2L","2",239.5
"Mitra Palm Olein Bottle Pet | 950ml","950",121.5
"Bimoli Oil Vegetable Pet | 2L","2",254.5
"Jolly Canola Oil Sup | 500ml","500",84.5
"Capri Extra Virgin Oil | 5L","5",3725
"Molinera Olive Oil Blend | 5L","5",2305
"Baguio Orchids Vegetable Oil Sup | 475ml","475",66
"Goldcrest Longkou Prem Vermicelli | 1kg","1",240
"Wang Oriental Style Noodle Makuksoo | 453g","453",109.5
"Nongshim Clay Pot Ramyum Big Bowl | 117g","117",71.5
"Ottogi Jin Ramen Bowl Hot | 110g","110",68
"Sukina Thin Round Japanese Style Noodle | 453g","453",128.5
"Nongshim Clay Pot Ramyum Cup | 70g","70",57.5
"Nongshim Shin Cup Ramyun Shrimp (C) | 72g","72",58.5
"Nongshim Kimchi Cup Noodles C | 75g","75",72.5
"Nongshim Soon Veggie Ramyun Cup | 67g","67",76.5
"Real Thai Rice Paper Round | 100g","100",112.5
"Wei Wei Premium Noodle With Spicy Beef | 180g","180",148.5
"Fat&Thin Supreme Broad Dried Hofan Green | 400g","400",116.5
"Fat&Thin Supreme Dried Hofan Blue | 400g","400",116.5
"Samyang 2X Spicy Chicken Ramen Cup | 70g","70",106.5
"Samyang Fire Chicken Ramencup | 70g","70",99.5
"Samyang Chicken Buldak 3X Spicy | 145g","145",109.5
"Samyang Hot Chicken Carbonara | 80g","80",88.5
"Samyang Cheese Chicken Ramen Cup | 70g","70",106.5
"Samyang Hot Chicken Jjajang Ramen | 140g","140",109.5
"Purefoods Corned Beef Hash | 210g","210",125.5
"CDO Beef Loaf | 100g 4pcs","100",67
"Bingo Corned Beef | 100g 4pcs","100",64
"Palm Corned Beef Barbecue | 326g","326",322.5
"Philips Meat Loaf | 150g","150",22
"Palm Cornd Beef Hash | 426g","426",322.5
"Philips Meat Loaf | 200g","200",30
"Argentina Liver Spread | 85g","85",23.5
"Nutrifam Organic Chia Seeds | 100g","100",139.5
"Vita Rice 100% Whole Grain Rice | 10kg","10",654
"Vita Rice Classic Long Grain Laon | 10kg","10",585
"J & Y White Beans | 250g","250",51.5
"Knorr Rostip Chicken Seasoning | 1kg","1",362.5
"McCormick Oriental Beef Stew | 37g","37",43.5
"McCormick Pepper Steak Grill Mates | 45g","45",45.5
"Pag Asa Iodized Fine Sea Salt | 500g","500",18.5
"UFC Beef Broth | 1kg","1",476
"Kara UHT Natural Coco Milk | 200ml","200",39.5
"A Mark Dehydrated Crushed Chili | 50g","50",36.5
"Natural Monk Fruit Sugar Replacement Pouch | 200g","200",299.5
"Natural Monk Fruit Sugar Replacement | 80g 40pcs","80",199.5
"Magnolia Chicken Spread Sup | 220ml","220",94.95
"Magnolia Sandwich Spread Sup | 220ml","220",75.95
"Sante Fit Granola Strawberry & Raspberry | 300g","300",214.5
"Sante Fit Granola Nuts & Cocoa | 300g","300",214.5
"Sweet Best Erythritol | 250g","250",256.5
"Ajinomoto Ginisa | 8g 16pcs","8",48.5
"Marca Leon Oil Vegetable Pet | 2L","2",401.5
"Frito Plus Canola Blend Sup | 900ml","900",141.5
"McCormick Bay Leaves Whole | 1g 12pcs","1",77.5
"McCormick Black Pepper Whole | 5g 12pcs","5",176.5
"McCormick Red Crushed Pepper | 3g 12pcs","3",94
"McCormick Red Pepper Leaves Ground | 36g","36",70.5
"Nestle All Purpose Cream 250ml 6pcs With Free Foodkeeper","250",426
"Knorr Soup Cream Of Pumpkin | 70g","70",56.5
"Magnolia Chicken Spread | 470ml","470",199.5
"Magnolia Sandwich Spread Sup | 470ml","470",154.95
"Today's Spaghetti Sauce 900g + Spaghetti 700g | 900g+700g","900",120
"Ovomaltine Crunchie Cream Spread | 240g","240",239.5
"Nestle Fitness Granola Quinoa Almond Chocolate | 170g","170",154.5
"Silver Swan Regular Patis | 350ml","350",24.5
"Silver Swan Regular Patis | 750ml","750",69.5
"Ajinomoto Crispy Fry Batter Mix | 160g","160",58.5
"Knorr Liquid Seasoning Chili | 250ml","250",109.5
"Knorr Liquid Seasoning Chili | 130ml","130",66.75
"Knorr Hot Meals Beef Goto Mix | 35g","35",31.5
"Delimondo Caldereta Corned Beef | 260g","260",136.75
"UFC Coconut Cream | 400ml","400",68.5
"UFC Cream Style Corn | 425g","425",42.5
"Ideal No Boil Lasagna | 454g","454",139.5
"Barilla Pasta Fettuccine | 500g","500",214.5
"Highlands Gold C Beef Chili Garlic | 150g","150",80
"Del Monte Quick & Easy Caldereta Mix | 160g","160",40.5
"UFC Golden Fiesta Canola Oil Sup | 1L","1",139.5
"UFC Green Peas | 155g","155",13.5
"Barilla Spaghetti Wholewheat | 500g","500",147.5
"Barilla Farfalle | 500g","500",117.5
"Kewpie Salad Dressing Thousand Island | 210ml","210",154.5
"Tabasco Sriracha Sauce | 256ml","256",241.5
"Marca Pavo Salted Black Beans | 226g","226",39.5
"Marca Pavo Salted Yellow Beans | 226g","226",39.5
"Kim Chuan Special Dark Soy Sauce | 750ml","750",67.5
"Polar Bear Glutinous Rice Flour | 500g","500",66.5
"Gold Seas Premium Flakes In Oil | 170g","170",52.5
"Sarangani Bay Milkfish In Oil | 312g","312",139
"My San Graham Crushed | 1kg","1",232.5
"Bake King All Purpose Flour | 1000g","1000",104.5
"Lilys Peanut Butter Creamy | 2kg","2",714.5
"Lady's Choice Peanut Butter Creamy | 1kg","1",512
"Australia Harvest Rolled Oats | 1.2kg","1.2",214.5
"Lady's Choice Real Mayonnaise | 5.5L","5.5",1708
"Mang Tomas Lechon Sauce Sup Foil | 1kg","1",82.25
"Del Monte Tomato Sauce | 3kg","3",243
"Del Monte Original Blend Ketchup | 3kg","3",245
"Silver Swan Soy Sauce | 19L","19",929
"Datu Puti Soy Sauce | 19L","19",849.5
"Century Tuna Chunks In Oil | 1705g","1705",607
"Century Tuna Light In Water | 1705g","1705",585
"Argentina Cornedbeef | 1.8kg","1.8",379.5
"Marca Leon Soya Oil | 17kg","17",2445
"Marca Leon Corn Oil | 17kg","17",3187.5
"Baguio Oil Tin | 16kg","16",3397
"Baguio Orchids Vegetable Oil | 16kg","16",1985
"Mizuho Norimaki Original | 45g","45",109.5
"Mizuho Hokkaido Milk Cream | 35g","35",99.5
"Mizuho Norimaki Cheese Ring | 45g","45",126.5
"Mizuho Norimaki Califrnia Roll | 45g","45",109.5
"Mizuho Kakinotane Original | 50g","50",76.5
"Mizuho Norimaki Wasabi | 50g","50",126.5
"Clara Ole Orange Marmalade | 320g","320",159.5
"Papa Banana Catsup | 200g","200",18.5
"Silver Swan Sweet Chili Sauce | 180g","180",31
"Barrio Fiesta Sweet Bagoong | 500g","500",217.5
"Barrio Fiesta Regular Bagoong | 500g","500",217.5
"Century Tuna Flakes In Sunflwer Oil | 180g","180",57.5
"Century Tuna Flakes In Calamansi | 155g","155",36.5
"Century Premium Chunks in Olive Oil | 184g","184",92.5
"Delimondo Adobo Corned Beef | 380g","380",186.25
"Lucky 7 Carne Norte | 210g","210",29.25
"Argentina Giniling | 250g","250",42
"Danes Sriracha Mayonnaise 220g","220",67
"Danes Herb And Garlic Mayonnaise 220g","220",67
"Maeil Soy Bean Paste Doenjang 500g","500",187.5
"Way Hainanese Chicken Rice Fragrant Sauce 200g","200",220
"Way Singapore Laksa Sauce | 200g","200",220
"Way Chili Crab Sauce 200g","200",220
"Way Beef Rendang Sauce 200g","200",220
"Way Tom Yam Sauce 200g","200",220
"Way Sambal Sauce 200g","200",220
"Bonne Maman Strawberry Preserves | 370g","370",306.5
"Bonne Maman Blueberry Preserves | 370g","370",354.5
"Bonne Maman Cherry Preserves | 370g","370",306.5
"Bonne Maman Apricot Preserves | 370g","370",306.5
"Bonne Maman Raspberry Preserves | 370g","370",354.5
"Super Q Golden Bihon | 227g","227",23
"Sun Made Brown Rice | 2kg","2",210
"Sun Made Well Milled Rice | 2kg","2",129.5
"TJ Rock Salt | 1kg","1",12
"Virginia Spag Meat Sauce | 380g","380",61.75
"Inday Rose Sap Sap | 200g","200",38
"Green Harvest Nata Green Pouch | 700g","700",43
"Green Harvest Nata White Pouch | 700g","700",43
"Farmboy Malagkit | 1kg","1",88
"St Dalfour Fruit Spread Rasp Berry | 284g","284",244.5
"St Dalfour Fruit Spread Blueberry | 284g","284",244.5
"St Dalfour Fruit Spread Four Fruits | 284g","284",244.5
"St Dalfour Fruit Spread Strawberry | 284g","284",244.5
"NVU Sago (T) | 200g-250g","200",10.5
"Koka Laksa Sin Gapura Flavor Noodles | 90g","90",43.5
"Koka Stir Fry Original Flavor Noodles | 85g","85",43.5
"Equal Sucralose Sachet | 750g","750",1349.5
"La Espanola Pomace Olive Oil | 1L","1",692.5
"Markenburg Mallows Fondant Regular | 1kg","1",300
"Ovomaltine Crunchie Cream Spread | 380g","380",369.5
"Tabasco Chipotle Sauce Pepper | 150ml","150",349.5
"Filippo Berio Olive Oil Extra Virgin | 500ml","500",544.5
"Splenda No Calories Sweetener | 3.5oz 100pcs","100",324.5
"McCormick Parsley Flakes | 80g","80",294
"La Fruta 50% Blueberry | 610g","610",354.5
"Arla Cheesy Spread | 500g","500",274.5
"Capilano Honey | 220g","220",244.5
"Montano Spanish Sardines Olive Oil Hot | 228g","228",243
"La Fruta 50% Strawberry | 610g","610",239.5
"Delimondo Barbacoa Corned Beef | 380g","380",194.75
"Kweichow Hot Garlic Sauce | 245g","245",197.5
"Lee Kum Kee Chili Garlic Sauce | 368g","368",221.5
"Dona Elena Capers in Vinegar | 340g","340",229.5
"Borges Olive Oil Pure | 250ml","250",247.5
"Tabasco Habanero Sauce | 60ml","60",182.5
"Sanwa Wasabi Powder | 150g","150",162.5
"Real Thai Srichacha Chili Sauce | 430ml","430",174.5
"Montano Spanish Sardines in Oil Hot | 228g","228",211
"Naturals Stevia Tablets | 100pcs","100",156.5
"Rose Bowl Gold Sardines Oval Tomato Sauce | 425g","425",166.5
"Ayam Coconut Cream | 400ml","400",169.5
"Mother's Best Oyster Sauce | 750ml","750",187.5
"Hersheys Syrup | 309g","309",137.5
"Jolly Asparagus Spears | 430g","430",123
"Clara Ole Maraschino Cherries | 280g","280",159.5
"Fitbar Chocolate Cereal Bars | 22g 5pcs","22",159.5
"Arla Cheesy Spread Light | 240g","240",139.5
"Seaking Bangus Flakes in Oil | 220g","220",162.5
"Seaking Bangus With Oriental Tausi | 220g","220",162.5
"Seaking Bangus in Hot Spicy Tomato Sauce | 220g","220",162.5
"Seaking Bangus Spanish Style | 220g","220",162.5
"Seaking Bangus Authentic Binagoongan | 220g","220",162.5
"Seaking Bangus Bicol Express | 220g","220",162.5
"Golden Oats Quick Cooking | 800g","800",143.5
"Rose Bowl Gold Sardines Oval Tomato Sauce | 215g","215",114.5
"Cream Cornstarch | 1kg","1",119.5
"Figaro Pitted Olives Black | 212g","212",115
"Figaro Pitted Olives Green | 212g","212",115
"Pacifica Peach Halves | 820g","820",134.5
"Safoco Egg Noodles Thin | 500g","500",129.5
"Safoco Egg Noodles Thick | 500g","500",129.5
"McCormick Star Anise Whole | 2g 12pcs","2",101.5
"Magnolia Chezee Spread Plain | 235g","235",100
"Jolly Water Chesnut Peeled | 560g","560",94.5
"Dona Elena Capers in Vinegar | 100g","100",111.5
"Figaro Sliced Olives Black | 340g","340",95.75
"Datu Puti Pinoy Spice Tuba Vinegar | 375ml","375",99.5
"Ligo Squid in Natural Ink | 425g","425",111.5
"Kara UHT Coconut Milk | 400ml","400",87.5
"Liberty Premium Pork Luncheon Meat | 340g","340",88.5
"Sunbest Lychee | 565g","565",126.5
"Capri Sweet Red Pimientos | 185g","185",140.5
"Equal Natural Stevia Sweetener | 2g 15pcs","2",77.5
"Taiwan Hapiness Misua | 250g","250",97.5
"Tiffany Sotanghon Local | 400g","400",77.5
"Heng Bing Dried Black Fungus | 100g","100",64.5
"Kusina Pinoy Pancit Canton Bihon | 400g","400",72.5
"Golden Oats Quick Cooking | 400g","400",80
"Dole Tropical Fruit Cocktail 1.5T | 432g","432",69
"Deethai Thai Coconut Milk | 400ml","400",56.5
"Ferna Baking Soda | 500g","500",59.5
"Magnolia Milky White Spread Sup | 115g","115",54.5
"Lorins Patis Puro Chili Mansi | 310ml","310",61.5
"J&Y Red Beans | 250g","250",55.5
"Lorins Patis Puro | 300ml","300",53.5
"Saba Mackerel In Natural Oil | 200g","200",49.5
"Golden Oats Instant | 200g","200",45
"Sevilla Garbanzos | 450g","450",44.5
"Fat & Thin Curry Powder | 50g","50",39.5
"Kikkoman Oyster Sauce Spouch | 150g","150",40
"Sevilla Green Peas | 450g","450",37.5
"Kara Coconut Cream Powder | 50g","50",39.5
"Lorins Patis Chili | 350ml","350",33.25
"Cream All Purpose Flour | 200g","200",36
"Saba Premium Mackerel Natural Oil | 155g","155",34.5
"McCormick Sauce Garlic Mix | 35g","35",36
"Silver Swan Soy Sauce | 500ml","500",29.5
"Ram Salted Black Beans | 200g","200",31.5
"McCormick Sinigang Mix | 40g","40",30.5
"Marca Pina Patis | 350ml","350",26.5
"Cream Cornstarch | 200g","200",28.5
"Silver Swan Hot Sauce | 100g","100",24.5
"Ram Green Peas | 200g","200",22.5
"Master Mackerel Hot N Spicy | 155g","155",29.5
"Marco Polo Iodized Salt | 500g","500",18.5
"Silver Swan Soy Sauce | 350ml","350",20.75
"Nutribar Apple Cinnamon | 30g","30",19.5
"Nutribar Choco Chips | 30g","30",19.5
"Datu Puti Vinegar Gin | 350ml","350",18
"Philips Peas | 155g","155",17
"Mama Sita Oyster Sauce | 60g","60",15.5
"Don Frank Unflavored Green | 24g","24",15.5
"Ramgo Pork and Beands Sup | 100g","100",14.5
"Nestle Honey Stars Flow Pack | 20g","20",15.95
"Hikaru Japanese Rice Koshihikari | 5kg","5",930
"Hikaru Japanese Rice Sasanishiki | 5kg","5",880
"Best Foods Wonder Mayo | 5.5L","5.5",666.5
"Jordan Farms Black Rice | 5kg","5",750
"Navarro Premium Crab Paste | 227g","227",360
"Heng Bing Dried Mushroom | 250g","250",352.5
"Jordan Farms Black Rice | 2kg","2",295
"Hersheys Strawberry Syrup | 623g","623",309.5
"Wan Ja Shan Mirin | 450ml","450",254.5
"Molinera Artichoke Hearts | 390g","390",398.5
"Fiamma Sundried Tomatoes | 290g","290",239.5
"Dollee Crispy Prawn Chili | 200g","200",273.5
"Amoy Pure Sesame Oil | 150ml","150",294.5
"Dollee Nasi Lemak Special | 240g","240",225.5
"Dollee Sambal with Shrimps | 230g","230",228.5
"Crystal Fields Rice Wine | 520ml","520",229
"Dollee Hainanese Chicken Rice Paste | 240g","240",249.5
"Molinera Capers in Vinegar | 340g","340",233.5
"Hermano Refined Sugar White | 2.5kg","2.5",213.75
"Amoy Golden Label Light Soy Sauce | 500ml","500",177.5
"Amoy Seafood Soy Sauce | 500ml","500",177.5
"Amoy Golden Label Dark Soy Sauce | 500ml","500",177.5
"Six Fortune Yung Chun Noodles | 340g","340",154.5
"Six Fortune Yu Meng Noodles | 340g","340",154.5
"Zaragoza Spanish Sardines Tomato Sauce Corn Hot | 220g","220",163.5
"Zaragoza Portuguese Sardines Corn Oil Hot | 220g","220",163.5
"Zaragoza Spanish Sardines Corn Oil Hot | 220g","220",163.5
"Pantai Pad Thai Sauce | 300ml","300",143.5
"Pantai Norasingh Sweet Chili Sauce for Spring Roll | 300ml","300",146.5
"Dollee Rendang Paste | 200g","200",131.5
"Dollee Chicken Curry Paste | 200g","200",131.5
"Dollee Curry Laksa Paste | 200g","200",131.5
"Amoy Blended Sesame Oil | 150ml","150",184.5
"FU Cheng Guan Miao Sliced Noodles | 480g","480",159.5
"FU Cheng Kuan Miao Noodle | 600g","600",159.5
"Lao Gan Ma Mixed Chili Sauce | 280g","280",172.5
"Amoy Satay Sauce | 205g","205",154.5
"Young's Town Smoked Spanish Sardines Chili | 220g","220",141
"Young's Town Smoked Spanish Sardines | 220g","220",138.5
"Lao Gan Ma Chili In Oil | 275g","275",164.5
"Heng Bing Asparagus Spears | 430g","430",109.5
"Six Fortune Tomoshiraga Noodles | 400g","400",129.5
"Easy Cook Beans Pinto | 400g","400",109.5
"Easy Cook Beans Red | 400g","400",109.5
"Six Fortune Style Dried Noodles | 340g","340",119.5
"Amoy White Rice Vinegar | 500ml","500",154.5
"Lao Gan Ma Chili Crisp Sauce | 210g","210",147.5
"Pantai Plum Sauce | 200ml","200",109.5
"Ottogi Apple Vinegar | 500ml","500",113.5
"Way Sambal Sauce Pouch | 100g","100",104.5
"Way Beef Rendang Sauce Pouch | 100g","100",104.5
"Way Chicken Curry Sauce Pouch | 100g","100",104.5
"Way Tom Yam Sauce Pouch | 100g","100",104.5
"Way Chilli Crab Sauce Pouch | 100g","100",104.5
"Way Singapore Laksa Pouch | 100g","100",104.5
"Way Hainan Chicken Rice Fragrant Pouch | 100g","100",104.5
"Heng Bing Black Vinegar | 640ml","640",124.5
"Kusina Pinoy Pancit Canton Bihon | 600g","600",104.5
"McCormick All Spice Ground | 32g","32",110.5
"Ram Mixed Pickles | 270g","270",102.5
"Ram Pickles Chips | 270g","270",102.5
"McCormick Bay Leaves Whole | 5g","5",96.5
"Sunshine Elbow Macaroni | 1kg","1",85.5
"Heng Bing White Rice Vinegar | 600ml","600",82.5
"McCormick Ginger Ground | 30g","30",78.5
"Ideal Gourmet Ziti | 500g","500",85.5
"Heng Bing Drying Vermicelli | 250g","250",74.5
"Easy Cook Split Peas Green | 400g","400",76.5
"Jolly Young Corn Cut | 425g","425",54.5
"Ellie All Purpose Flour | 500g","500",49.5
"Tiffany Misua | 310g","310",52.5
"Tiffany Sotanghon Local | 200g","200",41.5
"Datu Puti Oysterrific Oyster Sauce | 30g 6pcs","30",36.5
"Old English Worcestershire Sauce Hot| 150ml","150",45
"Ideal Elbow Macaroni | 200g","200",40
"SM Bonus Iodized Rock Salt | 1kg","1",25
"Lasap Breading Mix Crispy | 65g","65",14.5
"Happy Peanut Spread | 450g","450",119.5
"Kraft Cheddar Cheese Spread | 250g","250",144.5
"Ottogi Brown Rice Vinegar | 500ml","500",104.5
"SM Bonus Sticky Rice | 1kg","1",98
"Royal Linguine | 1kg","1",115
"Sunbest Peach Halves | 850g","850",148.5
"Purefoods Corned Beef Chunkee | 350g","350",99.5
"Purefoods Corned Beef Hot & Spicy | 210g","210",125.5
"Purefoods Corned Beef Chili Garlic | 210g","210",125.5
"Growers Raw Cashew Bits | 100g","100",104.5
"Barilla Linguine | 500g","500",117.5
"Barilla Angel Hair | 500g","500",117.5
"Narcissus Black Vinegar | 640ml","640",118.5
"Jolly Peach Halves | 825g","825",113
"Capri Black Olives Sliced | 330g","330",150
"Capri Green Olives Pitted | 335g","335",151.5
"CDO Nata De Coco White | 680g","680",119.5
"CDO Sweet Nata de Coco Red | 680g","680",119.5
"CDO Sweet Nata de Coco Green | 680g","680",119.5
"Magnolia Milky White Spread Jar | 235g","235",119.5
"Thai Heritage Cocnut Crm | 400ml","400",97.5
"Tigabunga California Squid | 425g","425",109.5
"Beryl's Dark Chocolate | 200g","200",94.5
"Beryl's White Chocolate | 200g","200",94.5
"Beryl's Milk Chocolate | 200g","200",94.5
"SM Bonus Curry Powder | 25g","25",12
"Ufc Gravy Sa Sarap | 50g","50",10.5
"Ajinomoto Ginisa Flavor Mix | 40g","40",17.5
"Magnolia Milky White Spread | 235g","235",97.5
"Growers Raw Walnuts Chopped | 70g","70",104.5
"AHG Japanese Miso Soup | 50g","50",116.5
"AHG Singapore Laksa Paste | 60g","60",116.5
"AHG Singapore Hainanese Chicken Rice Paste | 50g","50",116.5
"AHG Indian Biryani Rice Spice Paste | 50g","50",116.5
"AHG Indian Tikka Masala | 50g","50",116.5
"AHG Thai Tom Yum | 50g","50",116.5
"Mega Prime Fruit Cocktail | 850g","850",114.5
"Maeil Soy Bean Paste | 170g","170",103.5
"Coppola Passata Sieved Tomatoes | 680g","680",128.5
"Thai Kitchen Coconut Cream | 403ml","403",110.5
"Del Monte Vinegar | 800ml","800",111.5
"Eden Mayo | 220ml","220",115
"Wang Buckwheat Noodle | 300g","300",103.5
"Thai Heritage Cocnut Milk | 400ml","400",89.5
"Deli Mondo Caldereta Cornd Beef | 175g","175",97.75
"Lee Kum Kee Oil Sesame | 1750ml","1750",1132
"Rikoys Suka Bahalina Sweet Spicy | 375ml","375",91.5
"Rikoys Suka Bahalina Original | 375ml","375",91.5
"Silver Swan Patis Special | 100ml","100",10.75
"Harvesters Thai Jasmine | 10kg","10",1105
"Maya Butterscotch Brownie Mix | 500g","500",94.5
"Harvesters Premium Gold | 10kg","10",642
"McCormick Oregano Leaves Ground | 36g","36",96.5
"Regular Milled Rice LM | 2kg","2",104
"S B Oroshi Wasabi Tube original | 43g","43",72.5
"Jolly Tropical Fruit Cocktail | 850g","850",92.5
"Australia Harvest Oats Quick | 500g","500",79.5
"Sun Lee Sweet Chili Sauce | 300ml","300",89.5
"Dona Elena Aldente Linguine | 500g","500",96.5
"San Remo Angel Hair | 500g","500",91.5
"Sautao Amoy Flour Vermicelli | 300g","300",84.5
"San Remo Zita Penne | 500g","500",95.5
"San Remo Trivelle | 500g","500",95.5
"San Remo Pasta Special Bowties | 500g","500",95.5
"San Remo Pasta Special Spirals | 500g","500",97.5
"San Remo Pasta Special Veg Shape | 375g","375",97.5
"San Remo Vegeroni Spirals | 375g","375",97.5
"San Remo Spinach Fettuccine | 500g","500",92.5
"Thai Kitchen Coconut Milk | 403ml","403",92.5
"Mc Cormick Iodized Salt | 550g","550",89.5
"Dona Elena Tuna Chunks Sunflower Oil | 185g","185",84.5
"Liberty Ham Luncheon Meat | 375g","375",87.5
"Molinera Capers in Vinegar | 100g","100",113.5
"Sanwa Powder Wasabi | 50g","50",73.5
"San Remo Pasta Elbow | 500g","500",97.5
"Sevilla Mixed Pickles | 270g","270",106.5
"Philips Pork Luncheon Meat | 350g","350",90
"Liberty Pork Luncheon Meat | 375g","375",84.5
"Liberty Beef Luncheon Meat | 375g","375",86.5
"Liberty Chicken Luncheon Meat | 375g","375",84.5
"SM Bonus Seeds Anise | 25g","25",10
"Fidel Iodized Salt | 250g","250",11.5
"Philmar Malagkit Rice | 500g","500",76.5
"Kewpie Mayonnaise Japanese Style | 130g","130",74.5
"Campbells Chicken Noodle Soup | 305g","305",94.5
"Sun Lee Oyster Sauce | 300ml","300",79.5
"Mr Chef Pancit Canton | 400g","400",107.5
"Purefoods Corned Beef Hot And Spicy | 150g","150",88
"Magnolia Real Mayo | 3.5L","3.5",1073
"McCormick Karaage Agemono FS | 85g","85",80.5
"McCormick Tonkatsu Agemono FS | 110g","110",80.5
"CDO Beefio Luncheon Beef | 350g","350",84.5
"Sunshine Salad Macaroni | 1kg","1",85.5
"Datu Puti Bbq Rrific | 350ml","350",85
"Ottogi Sesame Ramen Pouch | 115g","115",84.5
"Mc Cormick Chili Powder Mild | 36g","36",83.5
"La Costena Pickled Japaleno Peppers | 199g","199",84.5
"Knorr Chicken Broth | 1.5kg","1.5",815
"McCormick Tempura Agemono FS | 120g","120",76.5
"Harvesters Rice Long Grain | 10kg","10",725
"Sarap Pinoy Ginataang Bilo Bilo Mix | 200g","200",94.5
"Sarap Pinoy Bibinka Mix | 320g","320",87.5
"555 Mackerel Natural Oil | 425g","425",80
"Vita Rice Fragrant Denorado Laon | 10kg","10",621
"SM Bonus Pickles Whole | 270g","270",83.5
"Ottogi Veggie Soup Ramen | 110g","110",78.5
"Ideal Gourmet Angel Hair | 500g","500",89.5
"Mc Cormick Fried Chicken Seasoning | 50g","50",78.5
"Kasugai Tempura Batter Mix | 284g","284",68.5
"Gold Seas Tuna Chunks Herb & Garlic | 185g","185",86.5
"Gold Seas Tuna Chunks Lemon & Pepper | 185g","185",86.5
"Buenas Kaong Red | 360g","360",83.5
"Century Bangus Fillet In Vegetable Oil | 184g","184",81
"SM Bonus Whole Lychees | 567g","567",92
"Super Q Golden Bihon | 1kg","1",79.5
"Sunbest Wasabi Paste | 43g","43",69.5
"McCormick Spanish Paprika | 36g","36",75.5
"Sunbest Straw Mushroom | 425g","425",87.5
"Century Tuna Chunks Spanish Style | 184g","184",72
"Easy Cook Lentils | 400g","400",82.5
"Ligo Mackerel In Natural Oil | 425g","425",77.5
"Sarap Pinoy Puto Mix | 400g","400",87.5
"Ideal Gourmet Rigatoni | 500g","500",85.5
"Ideal Fusilli | 500g","500",85.5
"Dona Elena Sliced Black Olives | 140g","140",102.5
"Molinera Black Olives Pitted | 140g","140",101
"Jolly Mushroom Straw | 425g","425",82.5
"Narcissus Whole Button Mushroom | 400g","400",55.5
"La Espanola Extra Virgin Olve Oil | 1L","1",999.5
"Vita Rice Premium Sinandomeng Laon | 10kg","10",601
"Balducci Linguine | 500g","500",77.5
"Balducci Spirali | 500g","500",82.5
"La Espanola Pure Olive Oil | 1L","1",964.5
"McCormick Italian Seasoning | 13g","13",74.5
"Coppola Pomodorini Cherry Tomato | 400g","400",89.5
"Molinera Green Olives Pitted | 140g","140",102.5
"San Marino Tuna Fillet Spanish Style | 180g","180",77
"Molinera Bakedbeans in Tomato Sauce | 400g","400",92.5
"Capri Green Olives Plain | 140g","140",95.5
"J & Y Green Mongo | 500g","500",59.5
"Peter Paul Virgin Coconut Oil | 1L","1",569.5
"Prosource Extra Virgin Coconut Oil | 1L","1",679.5
"SM Bonus Creamer Cannister | 3g 40pcs","3",64.5
"SM Bonus Jam Special Coco | 250g","250",83.5
"Cdo Homestyle Corned Beef Chili Garlic | 260g","260",60.25
"Del Monte Fiesta Fruit Cocktail | 432g","432",69
"Nongshim Shin Ramyun Kimchi Pouch | 120g","120",66.5
"Dona Elena Olive Oil Extra Virgin | 1L","1",1049.5
"Del Monte Pineapple Sliced | 432g","432",72.5
"Sarap Pinoy Maja Blanca Mix | 185g","185",74.5
"Dutche Tablea Pure | 100g","100",76.5
"Fiamma Diced Tomatoes | 400g","400",81.5
"Fiamma Whole Peeled Tomatoes | 400g","400",81.5
"Easy Cook Split Peas Yellow | 400g","400",76.5
"Minola Cooking Oil | 3.5L","3.5",761.5
"McCormick Korean Fried Chicken Spicy | 95g","95",67.5
"McCormick Korean Fried Chicken Bulgogi | 95g","95",67.5
"McCormick Korean Fried Chicken Soy Garlic | 95g","95",67.5
"Tabasco Sauce Red Pepper | 350ml","350",624.5
"Dona Elena Olive Oil Pure | 1L","1",959.5
"Royal Spaghetti Family Size | 400g","400",63.5
"McCormick Mild Classic Buffalo Wings | 70g","70",64.5
"McCormick Teriyaki Buffalo Wing Mix | 70g","70",64.5
"McCormick Screamer Buffalo Wings S. Mix | 70g","70",66.5
"McCormick Classic Buffalo Wing Seasoning Mix | 70g","70",64.5
"McCormick BBQ Buffalo Wings S. Mix | 70g","70",64.5
"McCormick Iodized Salt | 300g","300",61.5
"Dole Pineapple Sliced 1.5T | 432g","432",76
"Ideal Elbow Macaroni | 500g","500",70.5
"Ideal Spaghetti | 500g","500",71.5
"Temple Whole Mushroom | 400g","400",57
"Lee Kum Kee Seafood Soup Base | 50g","50",65
"Lee Kum Kee Pork Bone Soup Base | 50g","50",65
"Lee Kum Kee Chicken Soup Base | 60g","60",65
"Nongshim Neoguri Mild Noodle | 120g","120",71.5
"Samyang Ramen Original Flavor | 120g","120",61.5
"Samyang Ramen Beef | 120g","120",61.5
"Samyang Udon | 120g","120",61.5
"Samyang Ramen Kimchi Flavor | 120g","120",61.5
"Spring Cooking Oil Ml Pouch | 500ml","500",101.5
"Ufc Cracked Black Pepper | 30g","30",55
"Molinera Natural Chick Peas | 400g","400",65.5
"Jolly Young Corn Whole | 425g","425",61.5
"Harvesters Black Rice | 5kg","5",630
"Jordan Farms Red Rice | 5kg","5",642
"Best Food Mayo Magic | 3.5L","3.5",625
"SM Bonus Curry Powder | 50g","50",49.5
"Growers Raw Sunflower Kernels | 100g","100",60.95
"Webengton Anisado | 350ml","350",77.5
"Lee Kum Kee Tomato Garlic Prawns Sauce | 70g","70",65
"Lee Kum Kee Sauce for Spicy Eggplant | 80g","80",65
"Lee Kum Kee Ma Po Tofu Sauce | 80g","80",65
"Ajinomoto Crispy Fry Spicy | 238g","238",66
"Dole Pineapple Chunks 1.5T | 432g","432",70
"Coppola Peeled Tomatoes | 400g","400",77.5
"Coppola Chopped Tomatoes | 400g","400",77.5
"Mega Prime Nata De Coco Pandan | 425g","425",57
"Mega Prime Nata De Coco Lychee | 425g","425",57
"Dona Elena Tuna Shredded Sunflower Oil | 185g","185",65.5
"Dona Elena Diced Tomatoes | 400g","400",89.5
"Temple Pieces Stems Mushroom | 400g","400",54.5
"Lucky Egg Misua | 250g","250",56.5
"Ufc Ground Black Pepper | 30g","30",58.5
"Jufran Thai Fish Sauce | 200ml","200",59.5
"Sun Lee Fish Sauce | 300ml","300",54.5
"Nongshim Soon Veg.Ramyun Soup | 112g","112",66.5
"Aji Crispy Fry Breading Mix Garlic | 238g","238",66
"Mega Prime Nata De Coco White | 425g","425",59
"Jolly Mushroom Whole | 284g","284",54.5
"Ligo Sardines In Tomato Sauce With Chili | 425g","425",68.5
"Ligo Sardines In Tomato Sauce | 425g","425",68
"SM Bonus Premium Grade Rice Local | 1kg","1",47
"Century Tuna Flakes Vegetable Oil Lite | 180g","180",58
"Kewpie Salad Dressing Roasted Sesame | 1L","1",462.5
"Polar Bear Tapioca Cassava Strch | 500g","500",56.5
"Goldcrest Longkou Premium Vermicelli | 250g","250",63.5
"Mega Sardines In Tomato Sauce With Chili | 425g","425",57
"Dona Maria Miponica Brown Rice | 5kg","5",590
"Dona Maria Miponica | 5kg","5",592
"Harvestr'S Red Rice | 5kg","5",485
"Datu Puti Adobo sa Gata Sauce | 180ml","180",38.5
"Mega Sardines In Tomato Sauce | 425g","425",56.25
"Dona Maria Jasponica Plus | 5kg","5",585
"SM Bonus Grass Jelly | 540g","540",49.5
"Queen Baking Soda | 500g","500",61.5
"Clara Ole Asian Dips N Dressings | 120g","120",59.5
"Clara Ole Dips N Dressing Honey Mustard | 120g","120",59.5
"Clara Ole Dips N Dressing Caesar | 120g","120",59.5
"Clara Ole Dips N Dressing Thousand Island | 120g","120",59.5
"F&C Muscovado Healthy Sugar | 250g","250",55
"Molinera Tomatoes Peeled | 400g","400",77
"Molinera Tomatoes Crushed | 400g","400",77.5
"Capri Tomatoes Peeled | 400g","400",72.5
"Jolly Mandarin Oranges in Syrup | 312g","312",48
"Jordan Farms Basmati Rice | 2kg","2",352
"Buenas Nata De Coco Red | 360g","360",56.5
"Sunbest Shitake Mushroom | 284g","284",39.5
"Narcissus Choice Pieces Stem Mushroom | 400g","400",52.5
"Sevilla Pickles Relish | 3.7kg","3.7",920
"Harvesters Premium Gold | 5kg","5",332
"Mega Tuna Flakes Spanish Style | 180g","180",56
"Mega Tuna Flakes Sweet & Spicy EOC | 180g","180",56
"Kara UHT Coconut Cream | 200ml","200",52.5
"Jolly Premium Shitake Mushroom | 198g","198",41
"Capilano Honey | 500g","500",489.5
"Australia Harvest Oats Instant | 250g","250",44.5
"Long Life Egg Misua Special | 350g","350",58.5
"Jolly Mushroom Pieces & Stems | 284g","284",52.5
"Dona Elena Tuna Chunks Sunflower Oil | 100g","100",54.5
"Clara Ole Honey Mustard BBQ Marinade | 225g","225",54.5
"Clara Ole Korean Barbecue Marinade | 225g","225",54.5
"Clara Ole Hickory Barbecue Marinade | 225g","225",54.5
"Clara Ole Inasal BBQ Marinade | 225g","225",54.5
"Dutche Belgian Chocolate Fondue | 1kg","1",489.5
"Nongshim Curry Ramyun Pouch | 116g","116",24.75
"Skippy Peanut Butter Chunky | 1kg","1",434.5
"Skippy Peanut Butter Creamy | 1kg","1",434.5
"Equal Sweetener Gold Sucralose | 400g","400",409.5
"SM Bonus Patis Puro | 750ml","750",109.75
"Clara Ole Chnky Tom w/ Basil Pstasce | 225g","225",48.5
"Nongshim Pork Ribs Ramyun | 120g","120",52
"Mc Cormick Chili Con Carne Mix | 45g","45",52.5
"Dona Elena Blended Oil | 2L","2",609
"Magnolia Real Mayo | 1.8L","1.8",591.5
"Highlands Luncheon Beef | 165g","165",51
"Ufc Chili Flakes | 30g","30",43.5
"Mama Sita Sisig Mix | 40g","40",44.5
"Narcissus Choice Whole Mushroom | 198g","198",38.5
"Nutrifam Organic White Quinoa | 500g","500",378.5
"Dutche Pure Alkalized Cocoa Powder | 1kg","1",529.5
"Dona Elena Olive Oil Pomace | 1L","1",677.5
"San Marino Spanish Style Corned Tuna | 180g","180",46.5
"Clara Ole BBQ Marinade Spicy | 250g","250",48.5
"Nissin Black Garlic Oil Tonkatsu | 100g","100",39.5
"Kasugai Bread Crumbs | 230g","230",41.5
"J&Y White Choco Chip | 100g","100",36.5
"Queen Baking Powder | 200g","200",48.95
"Wei Wei A Beef Noodle Foil Pack | 80g","80",36.5
"McCormick Pancit Palabok Mix | 50g","50",47.5
"Ligo Squid In Natural Ink | 155g","155",49.5
"Nissin Damae Ramen Shoyu Flavor | 100g","100",39.5
"Nissin Damae Ramen Roast Beef Flavor | 100g","100",39.5
"Nissin Damae Ramen Tonkutso Flavor | 100g","100",39.5
"Nissin Damae Ramen Sesame Oil | 100g","100",39.5
"Nissin Damae Ramen Seafood | 100g","100",39.5
"Nissin Damae Ramen Chicken Flavor | 100g","100",39.5
"Nissin Damae Ramen Satay Flavor | 100g","100",39.5
"Ajinomoto Msg Shaker | 100g","100",64.5
"San Marino Tuna Paella | 180g","180",46.5
"Datu Puti Pininyahang Adobo Sauce | 180ml","180",29.5
"Datu Puti Spicy Adobo Sauce | 180ml","180",29.5
"White King Fiesta Spaghetti | 400g","400",47
"Silver Swan Cane Vinegar | 1000ml","1000",41.5
"Dutche Alkalized Cocoa Powder | 70g","70",49.5
"Sarap Pinoy Kutsinta Mix | 185g","185",47.5
"Doll Instant Noodles Pickled Vegetable Flavor | 103g","103",39.5
"Doll Instndle Chicken Flavor | 103g","103",39.5
"Doll Instant Noodles Spicy Beef Flavor | 103g","103",39.5
"Doll Instndle Shrimp Wonton Flavor | 100g","100",39.5
"Doll Instndle Preserved Veg Flavor | 97g","97",39.5
"Knorr Breading Mix Garlic | 45g","45",34.5
"Knorr Breading Mix Spicy | 45g","45",34.5
"Knorr Breading Mix Regular | 45g","45",34.5
"Mama Sita Sinigang sa Bayabas | 40g","40",39.5
"McCormick Korean BBQ Grill Mates | 45g","45",43.5
"Twin M Black Pepper Whole | 50g","50",37.5
"Mega Tuna Spanish Style | 155g","155",41.5
"Narcissus Choice Pieces Stem Mushroom | 198g","198",34.5
"Sunbest Golden Mushroom | 425g","425",41
"Vita Rice 100 Whole Grain Rice | 5kg","5",328
"Mc Cormick Cajun Grill Mates | 45g","45",43.5
"McCormick Caldereta Mix | 50g","50",43.5
"McCormick Kare Kare Mix | 60g","60",44.5
"Twin M Black Pepper Granules | 50g","50",37.5
"Cdo Homestyle Corned Beef Chili Garlic | 150g","150",36.5
"Dona Elena Tuna Shredded Sunflower Oil | 100g","100",43.5
"Capilano Honey | 375g","375",384.5
"Kewpie Japanese Roasted Sesame Dressing | 500ml","500",321.5
"Royal Salad Macaroni | 200g","200",36.5
"Royal Elbow Macaroni | 200g","200",36.5
"Mama Sita Lumpia Shanghai Mix | 40g","40",36.5
"Master Sardines Spanish Style | 155g","155",37
"Farmboy Rice Long Grain | 5kg","5",306
"Dutche Premium Chocolate Fondue | 1kg","1",399.5
"Pure Via Sweetener | 8g 100pcs","8",319.5
"San Marino Spanish Style Corned Tuna | 150g","150",37.5
"San Marino Tuna Flakes In Oil | 150g","150",41.5
"San Marino Tuna Flakes Hot & Spicy | 150g","150",41.5
"SM Bonus Clavo De Comer | 25g","25",35
"Del Monte Hot And Spicy Ketchup Pouch | 320g","320",39.5
"Kikkoman Standard Soy Sauce | 100ml","100",44.5
"Mc Cormick Tapa Mix | 47g","47",41.5
"Sunshine Spaghetti | 400g","400",43
"Datu Puti Classic Adobo | 180ml","180",24.5
"Mc Cormick Menudo Mix | 30g","30",40.5
"Del Monte Quick And Easy Barbecue Marinade | 200ml","200",35.5
"SM Bonus Oregano Leaves | 5g","5",4.5
"Beryl's Chocolate Chips | 1kg","1",349.5
"Beryl's 8% Milk Chocolate Compound | 1kg","1",356.5
"Beryl's 24% White Chocolate Compound | 1kg","1",349.5
"Beryl's 19% Dark | 1kg","1",326.5
"Vita Rice Classic Long Grain Rice | 5kg","5",288
"UFC Atzuete Seeds | 30g","30",34.5
"Silver Swan Wow Sarap Seasoning | 8g 12pcs","8",29.5
"Ufc Curry Powder | 30g","30",39
"J&Y Annatto Powder | 50g","50",40
"McCormick Rosemary Chicken Mix | 30g","30",36.5
"Hunts Baked Beans | 230g","230",36.75
"Sunshine Elbow Macaroni | 400g","400",42.5
"Ligo Mackerel In Natural Oil | 155g","155",37.25
"Marca Leon Corn Oil | 2L","2",384.5
"Choripdong Pork BBQ Sauce | 960g","960",288
"Carica Virgin Coconut Oil | 500ml","500",282.5
"Ajinomoto Chicken Powder Mix | 1kg","1",428
"McCormick Mushroom Gravy | 25g","25",34.5
"Datu Puti BBQ Rrific | 144ml","144",34
"Lady's Choice Dressing Garlic Ranch | 1L","1",417.5
"La Espanola Extra Virgin Olive Oil | 500ml","500",519.5
"Marca Leon Corn Oil Pouch | 1L 2pcs","1",389.5
"Del Monte Quick Easy Gata Mix | 40g","40",26.5
"Mc Cormick Star Anise Whole | 10g","10",36.5
"McCormick Iodized Salt | 140g","140",31.5
"La Espanola Pure Light Oilve Oil | 500ml","500",484.5
"Tabasco Red Pepper Sauce | 150ml","150",349.5
"San Marino Corned Tuna Afritada | 155g","155",37.25
"San Marino Corned Tuna Adobo | 155g","155",37.25
"San Marino Corned Tuna Caldereta | 155g","155",37.25
"555 Mackerel In Tomato Sauce | 155g","155",32
"Queen All Purpose Flour | 200g","200",34.5
"McCormick Beef Herb Gravy | 30g","30",32.5
"Mega Premium Mackerel In Natural Oil | 155g","155",34
"Dutche Chocolate Fudge | 1kg","1",399.5
"Minola Edible Oil Pouch | 925ml 2pcs","925",354
"Lee Kum Kee Sesame Oil | 410ml","410",323.5
"Fitbar Chocolate Cereal Bar | 22g","22",32.95
"Fitbar Fruit Cereal Bar | 22g","22",32.95
"Baguio Canola Oil | 900ml 2pcs","900",266.5
"Simply Canola Oil | 2L","2",279.5
"Kelloggs Froot Loops Resealable | 400g","400",289.5
"Chianti Parmesan Cheese | 227g","227",285
"Marca Pina Parmesan Cheese Shaker | 227g","227",291.5
"Fontana Quinoa | 500g","500",287.5
"Good Life Sesame Oil | 420ml","420",287.5
"Mega Mackerel in Tomato Sauce Chili EOC | 155g","155",32.5
"Datu Puti Oysterrific Oyster Sauce | 150g","150",30
"Fidel Iodized Salt Coarse Seasalt | 1kg","1",31.7
"555 Tuna Spicy Caldereta | 155g","155",29.5
"555 Tuna Spicy Paksiw | 155g","155",29.5
"Philips Vienna Sausage | 114g","114",27.5
"SM Bonus Dried Mushroom | 20g","20",26.5
"Ufc Hot Sauce | 100g","100",29.5
"Mega Mackerel in Tomato Sauce EOC | 155g","155",32
"Prime Organics Emperor's Black Rice | 2kg","2",235.5
"Marca Leon Coconut Oil Savers Pack Sup| 1L 2pcs","1",387.5
"F&C Hi Fiber Red Organic | 2kg","2",267
"Molinera Sundried Tomatoes | 300g","300",314.5
"Nestle All Purpose Cream | 1L","1",281
"SM Bonus Powder Cumin | 50g","50",26.5
"SM Bonus Paprika Powder | 50g","50",26
"Nongshim Veg. Noodle Multipack | 112g 5pcs","112",318.5
"Prime Organics Red Rice | 2kg","2",223.5
"F&C Healthy Pink Rice | 2kg","2",250
"SM Bonus Tuna Adobo | 155g","155",28.5
"SM Bonus Patis Especial | 500ml","500",32.75
"UFC Spaghetti Sauce | 250g","250",29.5
"Master Mackerel White in Natural Oil | 155g","155",33.5
"Equal Sweetener Tablet | 200pcs","200",233.5
"Ottogi Jin Ramen Hot | 120g 5pcs","120",249
"Dutche Chocolate Dip | 1kg","1",300
"Jordan Organic Brown Rice | 2kg","2",248
"Sunbest Fillings &Toppings Bluebrry | 595g","595",264.5
"Heinz Seriously Good Mayonnaise | 480ml","480",332.5
"Good Life Premium Vermicelli | 1kg","1",287
"Dutche Vanilla Fondue | 1kg","1",300
"Kikkoman Soy Sauce Std Grade Red Label | 1L","1",274.5
"Queen Corn Starch | 200g","200",27.5
"Mega Sardines In Natural Oil | 155g","155",27.5
"Silver Swan Patis | 350ml","350",24.5
"Mama Sita Oyster Sauce | 90ml","90",25
"CDO Vienna Sausage | 70g","70",28.5
"Dutche Unsweetened Choco Bar | 500g","500",246.5
"Palm Corned Beef Garlic | 326g","326",322.5
"Palm Corned Beef Chili | 326g","326",322.5
"Palm Corned Beef Onion | 326g","326",322.5
"Harvesters Black Rice | 2kg","2",259
"Bristol Chopped Ham | 325g","325",292.5
"Jordan Organic Red Rice | 2kg","2",264
"Dona Maria Jasponica Brown | 2kg","2",269
"Dona Maria Miponica | 2kg","2",263
"Dona Maria Jasponica Rice | 2kg","2",263
"SM Bonus Powder Celery | 50g","50",22
"Wow Ulam Lechon Paksiw | 155g","155",25
"Wow Ulam Caldereta | 155g","155",25
"Wow Ulam Afritada | 155g","155",25
"Queens Baking Powder | 100g","100",26.75
"Hunts Baked Beans | 175g","175",25.75
"Mega Extra Hot Sardines | 155g","155",25.75
"Kelloggs Frosties Resealable | 450g","450",244.5
"Dona Elena Blended Oil | 1L","1",318.5
"Jolly Claro Palm Oil Pet | 2L","2",267.5
"J&Y Paprika Powder | 500g","500",234.5
"Dutche Pure Alkalized Cocoa Powder | 500g","500",274.5
"Dona Elena Olive Oil Pomace | 500ml","500",367.5
"Harvesters Red Rice | 2kg","2",205
"Harvesters Multi Grain Rice | 2kg","2",200
"Heinz Seriously Good Mayonnaise |400ml","400",289.5
"Frito Plus Palm Oil Sup | 1.8L","1.8",254.5
"McCormick Crispy Chix Coating | 45g","45",22.5
"McCormick Spicy Chicken Coating | 45g","45",22.5
"McCormick Garlic Chicken Coating | 45g","45",22
"McCormick Seasoned Chix Coating | 45g","45",22
"J&Y Curry Powder | 30g","30",15.5
"J&Y Cheddar Cheese Powder | 30g","30",19.5
"J&Y Five Spice Ngo Hiong | 30g","30",18.5
"SM Bonus Iodized Salt | 100g","100",21
"Master Sardines In Tomato Sauce Hot | 155g","155",24.75
"Master Mackerel Green in Tomato Sauce | 155g","155",29
"Housefoods Vermont Curry Mild | 230g","230",250
"Baguio Orchids | 900ml 2pcs","900",229.5
"Baguio Canola Oil | 1.5L Pouch","1.5",211.5
"Harvesters Rice Thai Jasmine | 2kg","2",248
"Sautao XO Chili sauce | 200g","200",196.5
"Equal Natural Stevia Sweetener | 80g 40pcs","80",199.5
"La Costena Pickled Nacho Slices | 440g","440",202.5
"Lady's Choice Chicken Spread | 470ml","470",214.5
"Harvesters Japonica Japanese Rice | 2kg","2",180
"SM Bonus Five Spices | 50g","50",21
"Jolly Whole Mushrooms | 100g","100",22
"San Marino Tuna Spread | 85g","85",26
"Orchid Black Beans Salted | 180g","180",25.5
"Master Sardines In Tomato Sauce | 155g","155",23.75
"Harvesters Premium Gold | 2kg","2",139
"UFC Golden Fiesta Corn Oil | 1L","1",216.5
"Lee Kum Kee Premium Soy Sauce | 1L","1",229.5
"Mama Sita Barbeque Marinade | 80ml","80",21.5
"Philips Vienna Sausage | 70g","70",20
"CDO Liver Spread | 85g","85",23.5
"Frito Plus Palm Oil | 900ml 2pcs","900",259
"Frito Plus Veg Oil Pouch | 900ml 2pcs","900",249
"SM Bonus Black Beans Salted | 180g","180",21
"SM Bonus Powder Cinnamon | 50g","50",20
"Datu Puti Soy Sauce Jumbo | 340ml","340",20.5
"J&Y Paprika Powder | 30g","30",17.5
"Decadence Devils Food Cake | 550g","550",226.5
"Sautao Authentic Scallop Noodle | 454g","454",174.5
"Dona Elena Spanish Sardines In Olive Oil | 228g","228",211.5
"Harvesters Rice Dinorado | 2kg","2",164
"Sarap Pinoy Sapin Sapin Mix | 460g","460",209.5
"F&C Muscovado Healthy Sugar | 1kg","1",192
"Lee Kum Kee Freshly Minced Garlic | 213g","213",192.5
"Prime Organic Muscovado Sugar | 1kg","1",165.5
"Silver Swan Soy Sauce Sup | 340ml","340",19.5
"Silver Swan Salted Black Beans | 100g","100",17.5
"SM Bonus Spaghetti Sauce | 200g","200",15.75
"SM Bonus Tomato Sauce Pouch | 200g","200",15.75
"Silver Swan Wow Sarap Seasoning | 4g 12pcs","4",15
"Silver Swan Suka Sup | 350ml","350",16.5
"Sautao Taiwan Style Slice Noodle | 400g","400",163.5
"Dutche Alkalized Cocoa Powder | 375g","375",199.5
"Kikkoman Soy Sauce Sashimi And Sushi Sauce | 150ml","150",207.5
"Sautao Ho Fan | 360g","360",158.5
"Coco Natura Coco Sugar | 250g","250",144.5
"Good Life Bread Crumbs | 1kg","1",160.5
"Harvesters Rice Long Grain | 2kg","2",154
"Harvesters Rice Brown | 2kg","2",147
"UFC Golden Fiesta Soya Oil | 1L","1",185.5
"Clara Ole Chnky Tom With Basil Pstasce | 1kg","1",167.5
"Clara Ole Chunky Tomato With Cheese Pasta Sauce | 1kg","1",166.5
"Maeil Hot Pepper Paste Gochujang | 170g","170",123.5
"SM Bonus Palm Oil Jerry Can | 20L","20",2199
"SM Bonus Sweet Chili Sauce Pouch | 200g","200",19
"SM Bonus Rosemary Leaves | 20g","20",17
"Kobe Supercrispy Kentucky Breading Mix | 75g","75",15.5
"Datu Puti Vinegar Jumbo | 350ml","350",18.5
"Fidel Iodized Salt Refined Seasalt | 500g","500",22.5
"Datu Puti Patis | 150ml","150",16
"Jolly Soya Oil | 1L","1",179.5
"Filippo Berio Balsamic Vinegar | 250ml","250",176.5
"Lady's Choice Sandwich Spread Pouch | 470ml","470",166.5
"Coppola Sugo Bolognese | 350g","350",169.5
"Harvesters Rice Sinandomeng | 2kg","2",126
"San Marino Gourmet Tuyo | 220g","220",207.5
"Goya Choco Caramel Syrup | 350ml","350",144.5
"Sun Lee Pad Thai Sauce | 300ml","300",152.5
"Jolly Mushroom Whole | 850g","850",153.5
"SM Bonus Thyme Leaves | 15g","15",15
"J&Y Chili Powder | 30g","30",18.5
"UFC Golden Fiesta Big Crunch Breading Mix | 60g","60",16.5
"J&Y Parsley Leaves | 10g","10",12.5
"Mega Prime Green Peas | 155g","155",14.5
"Fidel Iodized Salt Coarse Sea Salt | 500g","500",21
"Molinera Red Pimientos | 390g","390",280.5
"Australia Harvest Oats Quick | 1kg","1",139.5
"Dutche Strawberry Bar | 500g","500",151.5
"Sautao Egg Noodles Thin | 454g","454",138.5
"Australia Harvest Oats Instant | 1kg","1",139.5
"CDO Sweet Kaong Green | 680g","680",156.5
"CDO Sweet Kaong Red | 680g","680",156.5
"CDO Sweet Kaong White | 680g","680",156.5
"Dutche Matcha Baking Bar | 500g","500",159.5
"Tiparos Sauce Fish Spiral | 700ml","700",139.5
"Capri Balsamic Vinegar of Modena | 250ml","250",179.5
"Dona Elena Spanish Sardines Corn Oil | 228g","228",164.5
"Dona Elena Spanish Sardines Mild Spicy Corn | 228g","228",164.5
"Maeil Seasoned Paste Ssamjang | 170g","170",124.5
"SM Bonus Dried Chili Whole | 30g","30",14
"SM Bonus Seeds Coriander | 30g","30",14.5
"SM Bonus Sangke | 25g","25",28
"SM Bonus Vinegar White | 350ml","350",13.75
"J&Y Chili Flakes | 20g","20",12.5
"J&Y Turmeric Powder | 30g","30",14
"J&Y Garlic Powder | 30g","30",13.5
"Temple Black Beans | 70g","70",16.5
"Ram Garbansos | 100g","100",17
"Temple Green Peas | 155g","155",15.5
"Dutche Choco Bar White | 500g","500",151.5
"Dutche Choco Bar Bitsweet | 500g","500",151.5
"Tabasco Green Sauce | 60ml","60",152.5
"Housefood Kukure Curry With Veg Mild | 200g","200",144.5
"Housefood Kukure Curry With Veg MD Hot | 200g","200",144.5
"Housefood Kukure Curry With Veg Hot | 200g","200",144.5
"Jolly Lychees in Syrup | 565g","565",114.5
"Mua Yu Sesame Oil | 330ml","330",176.5
"Mega Sardines Spanish in Corn Oil | 255g","255",180
"Pantai Norasing Sweet Chili Sauce | 300ml","300",117.5
"Kikkoman Teriyaki Marinade And Sauce | 500ml","500",152.5
"Sautao Japanese Ramen | 540g","540",114.5
"Best Food Real Mayonnaise | 5.5L","5.5",1706
"Coppola Puttanesca | 350g","350",147.5
"F&C Coco Sugar | 200g","200",112
"Jolly Mushroom Pieces And Stems | 850g","850",129.5
"La Costena Pickled Nacho Slices | 220g","220",146.5
"Mc Cormick Iodized Salt | 150g","150",12
"Datu Puti Oysterific Oyster Sauce | 70g","70",14
"Tasty Boy All Purpose Breading Mix Spicy | 65g","65",13.25
"Easy Cook Beans Great Northern | 400g","400",109.5
"Heinz Seriously Good Mayonnaise | 220ml","220",164.5
"Coppola Sugo Montanara | 350g","350",147.5
"Coppola Sugo Napoletana | 350g","350",147.5
"Prime Organic Coco Sugar | 200g","200",104.5
"Thai Heritage Red Curry Paste | 220ml","220",117.5
"Thai Heritage Paste Tom Yum | 220ml","220",117.5
"Thai Heritage Paste Greencurry | 220ml","220",117.5
"Thai Heritage Satay Sauce | 220ml","220",117.5
"Thai Heritage Sambal Oelek | 220ml","220",127.5
"Thai Heritage Paste Pad Thai | 220ml","220",117.5
"Dona Maria Jasponica White Rice | 1kg","1",142
"Dona Maria Jasponica Brown Rice | 1kg","1",144
"Dutche White Chocolate Chips | 350g","350",121.5
"Mama Rice Noodles Small (1MM) | 400g","400",117.5
"Mama Rice Noodles XL (10MM) | 350g","350",117.5
"Mega Premium Spanish Sardines in Tomato Sauce | 225g","225",159.5
"Jufran Sriracha Hot Sauce | 285g","285",92.5
"Coppola Sugo Arrabiata | 350g","350",141.5
"Coppola Sugo Classico | 350g","350",141.5
"Six Fortune Taiwan Somen Noodles | 210g","210",134.5
"Pantai Norasingh Sweet Chili Sauce For Chicken | 300ml","300",118.5
"Spring Cooking Oil Pouch | 1L","1",203.5
"SM Bonus Cinnamon Bark | 30g","30",16.5
"J&Y Rosemary Leaves | 10g","10",11.5
"Ajinomoto Msg | 50g","50",14
"SM Bonus Iodized Rock Salt | 500g","500",13.75
"Ram Whole Pickles | 420g","420",154.5
"Cdo Chicken Luncheon Meat | 350g","350",90
"Sun Made Brown Rice | 1kg","1",112
"Barilla Fusilli | 500g","500",117.5
"Capri Plain Green Olives | 340ml","340",149.5
"Amihan Vinegar | 4L","4",152.5
"Capri Pitted Black Olives | 410g","410",149.5
"Jufran Sweet Chili Sauce | 1kg","1",126.25
"Sevilla Relish Pickles | 405g","405",134.5
"Nestle Honey Stars | 150g","150",114.5
"Lee Kumkee Sauce Hoisin | 100g","100",97.5
"Tj Special Salted Nokus Bilog | 100g","100",60
"Lee Kum Kee Premium Soy Sauce | 150ml","150",107.5
"Pinakurat Suka | 375ml","375",114.5
"Deli Mondo Garlc& Chili Cornd Beef | 175g","175",94.25
"Lee Kumkee Sauce Panda Oyster | 255g","255",107.5
"Twin M Laurel Leaves | 10g","10",9.5
"Marca Piña Sukang Puti | 1892ml","1892",91.5
"Lee Kumkee Sauce Chli Garlic | 90g","90",109.5
"Silver Swan Doble Buenas pack | 1L","1",89.25
"Deli Mondo Ranch Style Cornd Beef | 175g","175",91.25
"Ladys Choice Mayonnaise | 3.5L","3.5",1168.5
"Kamayan Bagoong Reg | 250g","250",99.5
"Kamayan Bagoong Spicy | 250g","250",102.5
"Kamayan Bagoong Sweet | 250g","250",99.5
"Sanwa Wasabi Paste | 43g","43",74.5
"Lee Kum Kee Soy Sauce | 500ml","500",107.5
"Capri Vinegar White Wine | 500ml","500",134.5
"Clara Ole Spag Sauce Filipino Style | 1kg","1",99.5
"Purefoods Luncheon Meat Chicken | 360g","360",82.5
"Nongshim Beefbulgogi Fried Noodle Bowl | 101g","101",82.5
"Ram Spag Sauce Sweet | 750g","750",82.5
"Marca Pina Patis | 1L","1",77.5
"Doña Elena Pitted Green Olives | 140g","140",102
"Ottogi Jin Ramen Bowl Mild | 110g","110",68
"Clara Ole Tomato Sauce | 1kg","1",86.5
"Kikkoman Oyster Sauce | 300g","300",81.5
"Buenas Kaong Green | 360g","360",83.5
"Quick Chow Mami Hot and Spicy Beef | 55g","55",8.5
"Doña Elena Pitted Black Olives | 140g","140",103.5
"Hobe Bihon | 1kg","1",78.5
"Royal Penne | 500g","500",65
"J & Y Sago Small | 500g","500",71.5
"Quaker Instant 5+1 Polybag | 33g","33",72.5
"Ufc Whole Black Pepper | 30g","30",66.5
"Ideal Gourmet Linguine | 500g","500",82.5
"CDO Home Style Corned Beef | 260g","260",58.75
"Ideal Gourmet Fettuccine | 500g","500",80.5
"Pinakurat Waykurat Suka | 250ml","250",78.5
"Balducci Spaghetti | 500g","500",77.5
"Quaker Banana & Honey 5+1 Polybag | 33g","33",72.5
"Quaker Chocolate 5+1 Polybag | 33g","33",72.5
"Lorins Gata | 400ml","400",68.5
"Molinera Red Kidney Beans | 400g","400",91.5
"Jolly Claro Palm Oil Sup | 500ml","500",73.5
"Ideal Salad Macaroni | 500g","500",70.5
"Jordan Farms Organic Brown Rice | 5kg","5",630
"Mega Prime Whole Mushroom EOC | 425g","425",58.5
"Young's Town Mackerel in Natural Oil | 425g","425",74.5
"Mccormick Turmeric Leaves Ground | 36g","36",64.5
"Philmar Mongo | 250g","250",53.5
"Nutella Spread Hazelnut | 680g","680",539.5
"Delicious Pancit Canton | 227g","227",61.5
"Nutrifam Organic Chia Seeds | 500g","500",449.5
"Sun Made Brown Rice | 5kg","5",495
"Mega Prime Mushroom P S EOC | 425g","425",55.5
"Buenas Nata De Coco Green | 360g","360",56.5
"Tigabunga California Squid | 155g","155",52.5
"Mega Tuna Flakes Hot & Spicy Eoc | 180g","180",56
"Mega Tuna Flakes In Oil Eoc | 180g","180",56
"Ajinomoto MSG | 24g 8pcs","24",52
"Paldo Koreno Jjajangmen | 100g","100",46.5
"Ram Pork & Beans | 390g","390",51
"Andoks Litson Sauce | 560g","560",59.5
"Silver Swan Extra Hot Chili Sauce | 330g","330",46.5
"Silver Swan Sweet Chili Sauce | 330g","330",42.5
"Ligo Spanish Style Sardines | 155g","155",35.25
"McCormick Redcayenne Peppergrnd | 450g","450",565
"UFC Chili Powder | 30g","30",51.5
"Maggi Savor Classic Chili | 130ml","130",59.5
"Paldo Koreno Hot Beef | 100g","100",41.5
"Coconut Soy Sauce | 350ml","350",54.5
"TJ Sesame Seeds | 150g","150",32
"Datu Puti Oysterrific Oyster Sauce | 170g","170",44.5
"Simply Chef Black Pepper Whole | 50g","50",41.5
"Simply Chef Black Pepper Powder | 50g","50",41.5
"Clara Ole Carbonara Pasta Sauce | 200g","200",44.5
"Mccormick Bbq Mix | 65g","65",42.5
"Marca Pina Soy Sauce | 500ml","500",39.5
"Sunshine Sago Small | 250g","250",43
"McCormick Rosemary Leaves whole Pet | 235g","235",484
"Jolly Oil Corn | 2L","2",394.5
"Vitarice Fragrant Denorado | 5kg","5",316
"Mega Prime Whole Mushroom EOC | 198g","198",39.5
"Mega Prime Cream Style Corn EOC | 425g","425",42
"Mega Prime Whole Kernel Corn EOC | 425g","425",40.5
"J&Y Sago Big Assorted | 250g","250",38.5
"CDO Vienna Sausage | 114g","114",43.25
"Ufc Chicken Broth | 1kg","1",418.75
"Mega Tuna Flakes In Oil | 155g","155",41.5
"Mega Tuna Flakes Hot Spicy | 155g","155",41.5
"CDO Home Style Corned Beef | 150g","150",34.75
"Mega Fried Sardines With Tausi | 155g","155",36
"Mega Fried Sardines Hot&Spicy | 155g","155",36
"Ajinomoto Sarsaya Oyster Sauce | 156g","156",36.5
"Master Tuna Flakes In Oil | 155g","155",39
"CDO Chinese Luncheon Meat | 165g","165",37.75
"Vitarice Premuim Sinandomeng Rice | 5kg","5",308
"UFC Black Pepper Ground | 500g","500",373
"Excellent Bihon | 454g","454",46.5
"Andoks Litson Sauce | 340g","340",42.5
"Ufc Garlic Powder | 30g","30",32.5
"Mega Prime Mushroom P&S eoc | 198g","198",35.5
"H & Y Conjac Jelly | 160g","160",29.5
"Cdo Karnenorte Pinoy Style | 175g","175",33.5
"Delicious Misua | 200g","200",30
"Goya Doublehazelnut Spread | 680g","680",379.5
"Kikkoman Soy Sauce Fancy Grade Pet | 1L","1",392.5
"Filippo Berio Olive Oil Regular | 500ml","500",487.5
"San Marino Prem Mckrl In Nat Oil | 165g","165",43.5
"UFC Ready Recipe Menudo Afritada | 50g","50",31.5
"Dole Pineapple Chunks | 227g","227",39.5
"Del Monte Ketchup Extra Rich Banana Sup | 320g","320",31.5
"UFC Ready Recipes Curry Mix | 40g","40",31.5
"Ram Pork & Beans | 220g","220",31.5
"Bimoli Palm Oil pouch | 250ml","250",37.5
"Hunts Spag Sauce Parm Cheese | 250g","250",31.5
"Ispice Paprika Powder | 50g","50",30
"Barrio Fiesta Beef Cubes | 60g","60",34.5
"Barrio Fiesta Chicken Cubes | 60g","60",34.5
"Sm Bonus Virgin Coconut Oil | 500ml","500",246.5
"SM Bonus Tuna Hot Spicy | 155g","155",31.5
"Ispice Cumin Powder | 50g","50",34
"Mc Cormick Cinnamon Ground | 30g","30",38.5
"Clara Ole Spaghetti Sauce 3 Cheese | 250g","250",33.5
"Clara Ole Spag Sauce Filipino Style | 250g","250",31.5
"Hunts Tomato Paste | 150g","150",29
"SM Bonus Tuna Caldereta | 155g","155",28.5
"SM Bonus Tuna Mechado | 155g","155",28.5
"SM Bonus Tuna Afritada | 155g","155",28.5
"Jufran Sriracha Hot Chili Sauce | 515g","515",204.5
"Energen Cereal Drink Cho Pouch | 40g 30pcs","40",270
"Marca Leon Canola twin pack | 1L","1",291.5
"Paldo Cheese Rmyun pouch Multipack | 111g","111",276.5
"Lilys Peanut Butter Lite | 500g","500",264.5
"Wow Ulam Adobo | 155g","155",25
"Ram Pork & Beans | 165g","165",21.5
"Clara Ole Tomato Sauce | 250g","250",26.5
"Lucky 7 Carne Norte | 150g","150",19.75
"Lorins Patis pouch | 350ml","350",21
"La Española Xtra Virgin Olive Oil | 250ml","250",312.5
"Jolly Corn Oil | 1L","1",202
"Eden Mayo | 470ml","470",230
"Carica Virgin Coconut Oil | 250ml","250",167
"Purefoods Corned Beef With Chunks | 380g","380",195
"La Española 100% Pure Olive Oil | 250ml","250",304.5
"Homi Cup Hot Beef | 40g","40",20
"Homi Cup Beefy Beef | 40g","40",20
"Homi Cup Special Chicken | 40g","40",20
"Doña Elena S Sardines M Spicy Olive | 228g","228",211.5
"Lilys Peanut Butter Bottle | 364g","364",196.5
"Tulip Jamonilla Lm Reduced Sodium | 340g","340",194.5
"Kerasys Shampoo Repairing Shine | 180ml","180",152.5
"Kewpie Spicy Cheese Dressing | 210ml","210",154.5
"Goya Choco Spread Rich Choco | 350g","350",189.5
"Ajinomoto Sarsaya Oyster Sauce | 90g","90",17.5
"Goodluck Special Egg Noodle | 120g","120",19.5
"Ottogi Korean Vermicelli | 500g","500",146.5
"Barrio Fiesta Crispy Joy Breading Mix Spicy | 62g","62",17.5
"Barrio Fiesta Crispy Joy Breading Mix | 62g","62",17.5
"Marca Piña Calamansi Soy Sauce Doy | 200ml","200",16
"Green Stevia Sweetener | 1g 30pcs","1",129.5
"Pasta Zara Pesto Sauce | 130g","130",189.5
"Kelloggs Cereal Corn Flakes | 275g","275",159.5
"Barilla Pasta Egg Lasagne | 250g","250",152.5
"J&Y Oregano Leaves | 10g","10",11.5
"Ram Tomato Sauce | 115g","115",17
"Baguio Canola Oil Sup | 900ml","900",136.5
"Quaker Instant Oatmeal With Milk | 500g","500",144.5
"Heng Bing Roasted Seaweed | 28g","28",139.5
"Tj Dried Fish Dangit | 100g","100",65
"J&Y Basil Leaves | 10g","10",9.5
"Tasty Boy All Breading Mix Garlic | 65g","65",13.25
"Zaragosa Portgs Sard Corn Oil Mildhot | 220g","220",163.5
"Zaragoza Spanish Sardines In Oil Mildhot | 220g","220",163.5
"San Remo Spaghetti Whole Wheat | 500g","500",108.5
"Mc Cormick Cloves Ground | 27g","27",130.5
"Jufran Thai Fish Sauce | 750ml","750",127.5
"Clara Ole Guava Jelly | 320g","320",159.5
"Motherbest Barbecue Marinade | 750ml","750",162.5
"Ufc Iodized Salt | 150g","150",11.75
"Knorr Chicken Arroz Caldo Mix Cup | 35g","35",31.5
"Knorr Liquid Seasoning Doy | 250ml","250",102.5
"White King Spaghetti Sauce 3 Cheese | 1kg","1",89.5
"White King Fiesta Sweet Spaghetti Sauce | 1kg","1",89.5
"Ram Tomato Paste | 70g","70",15
"UFC Tomato Sauce | 200g","200",20
"UFC Tomato Sauce | 1kg","1",82.5
"Sevilla Cooked Dry Peas | 155g","155",16
"Ram Green Peas | 450g","450",41.5
"Del Monte Pineapple Tidbits | 560g","560",83.5
"Del Monte Pineapple Chunks | 560g","560",83.5
"Del Monte Pineapple Chunks | 432g","432",69.25
"Sevilla Pickle Relish | 135g","135",56.5
"Sevilla Pickle Relish | 270g","270",94.5
"Dole Pineapple Tidbits Easy Open | 227g","227",39
"Ram Garbanzos | 450g","450",49.5
"Dole Pineapple Chunks | 822g","822",111
"Eden Sandwich Spread | 220ml","220",104.5
"Best Foods Mayo Magic | 700ml","700",160
"SM Bonus Premium Bihon | 454g","454",38.5
"Del Monte Salad Macaroni | 1kg","1",127.5
"Ideal Salad Macaroni | 1kg","1",108.25
"Energen Cereal Drink Van Pouch | 40g 30pcs","40",270
"Nestle Milo Balls | 330g","330",224.5
"Pag Asa Iodized Rock Salt | 500g","500",15
"SM Bonus Misua | 180g","180",26.5
"UFC Palm 1L Duo Pack","1",218
"Samyang Fire Chicken Ramen | 140g","140",91.5
"Gold Seas Tuna Chunks in Spring Water | 185g","185",75
"Gold Seas Tuna Chunks in Olive Oil with Chili | 185g","185",86.5
"Sarap Pinoy Champorado | 227g","227",70
"Australia Harvest Oats Instant | 500g","500",79.5
"Arla Cheesy Spread Cheddar | 240g","240",139.5
"Isdaan Dried Fish Dangit | 100g","100",115.75
"SM Bonus Unsalted Dangit | 100g","100",65
"SM Bonus Nokus Bilog | 100g","100",57
"MANG TOMAS LECHON SAUCE - REGULAR PORK FREE 325G","325",37.5
"Mang Tomas Lechon Sauce Regular Pork Free | 550g","550",48
"MANG TOMAS SIGA LECHON SAUCE PORK FREE 325G","325",38.5
"Manna Premium Kimchi Fresh | 475g","475",218
"Star Meat Loaf | 150g","150",22.75
"LM Cereal California Rice | 25kg","25",1550
"SM Bonus Green Mongo | 250g","250",23
"SM Bonus Green Mongo | 500g","500",45
"TJ Pilit Rice | 500g","500",33.5
"EL RANCHO SPAGHETTI SAUCE MEAT 380G","380",58.5
"Marby Bread Crumbs | 500g","500",100
"Skippy Peanut Butter Chunky | 340g","340",179.5
"Quaker Oats Chocolate | 500g","500",129.5
"Nestle Corn Flakes | 275g","275",149.5
"Mr. Hat Gulaman Black | 25g","25",15.5
"Mc Cormick Extract Ube | 20mL","20",84.5
"Queen Corn Starch | 400g","400",48.95
"Ferna Eagle Dry Yeast | 500g","500",119.5
"Queen Baking Soda | 250g","250",31.5
"Arm & Hammer Pure Baking Soda | 454g Tub","454",71.95
"Arla Spread | 240g","240",139.5
"Mr. Hat Gulaman Red | 25g","25",15.5
"Mc Cormick Banana Extract Imitation | 20mL","20",72.5
"Maya Cornstarch | 1kg","1",119.5
"Maya All Purpose Flour | 2kg","2",231.5
"Kraft Calumet Baking Powder | 50g","50",20
"Lee Kum Kee Premium Oyster Sauce | 150g","150",332.5
"Lea & Perrins Worcestershire Sauce | 150mL","150",139.5
"Hunts Tomato Sauce | 250g","250",26.5
"Filippo Berio Red Pesto Sauce | 190g","190",192.5
"Del Monte MERIENDA PARTY COMBO PACK Sweet Style | 1kg","1",146.25
"Del Monte Merienda Party Pack Combo Filipino Style | 1kg","1",146.25
"Del Monte Sweet Chili Sauce | 320g pouch","320",40.25
"Del Monte WEEKEND PARTY COMBO PACK Sweet Style | 1kg","1",86.5
"Del Monte Weekend Combo Pack Filipino Style | 500g","500",86.5
"Ang Sarap Patis | 700mL","700",112.5
"Ajumma YUZU GOCHUJANG | 300g","300",225
"Ajinomoto Sarsaya Oyster Sauce | 405g","405",74.5
"Royal Spaghetti 800g Filipino Style Spaghetti Sauce 1kg |","800",132
"Royal Spaghetti 800g + Sweet Style Spaghetti Sauce 1kg |","800",132
"Balducci Penne Rigate | 500g","500",82.5
"Lee Kum Kee Sesame Oil | 115mL","115",119.5
"Ottogi Jin Ramen Cup | 65g","65",56.5
"Nissin Cup Noodles Hot Cheesy Seafood | 50g","50",23.95
"Nissin Cup Noodles Seafood | 74g","74",174.5
"Goodluck Premium Misua | 100g","100",19.5
"Excellent Misua Sticks | 100g","100",24.5
"Purefoods Chorizo Bilboa Style | 210g","210",163.5
"555 Carne Norte | 150g","150",29.5
"Purefoods Star Beef Loaf | 150g","150",21
"Harvester's Malagkit Rice | 1kg","1",107
"UFC Laurel Leaves | 8g","8",29
"Mc Cormick Granulated Garlic | 45g","45",110.5
"Del Monte Quick and Easy Mix Sweet & Sour | 57g","57",35.5
"Pag Asa Iodized Fine Sea Salt | 1kg","1",33.5
"Mc Cormick Pesto Pasta Sauce Mix | 30g","30",34.5
"Pag Asa Iodized Rock Salt | 1kg","1",26.5
"Ajinomoto Chicken Powder Mix | 100g","100",45.5
"SM Bonus Pickge Relish | 270g","270",62.5
"SM Bonus Sandwich Spread | 500ml","500",86.5
"SM Bonus Mayonnaise Homestyle | 500ml","500",92.5
"SM Bonus Mayo Blend | 500ml","500",76.5
"SM Bonus Palm Oil Pouch | 2L","2",224.5
"SM Bonus Dehydrated Crushed Chili | 50g","50",32
"SM Bonus Powder Turmeric | 50g","50",21.75
"Clara Ole BBQ Marinade Original | 250g","250",48.5
"Tabasco Red Pepper Sauce | 60mL","60",152.5
"McCormick Turmeric Ground | 30g","30",80
"McCormick Cinnamon Ground | 36g","36",71.5
"McCormick White Pepper Ground | 31g","31",119.5
"McCormick Black Peppermill Grind | 30g","30",106
"McCormick Black Pepper Whole | 29g","29",107.5
"McCormick Oregano Leaves Ground | 23g","23",112.5
"McCormick Onion Powder | 37g","37",107.5
"McCormick Curry Powder | 30g","30",67.5
"McCormick Cumin Seed Ground | 30g","30",81.5
"McCormick Basil Leaves Whole | 9g","9",70.5
"Heng Bing Drying Vermicelli | 500g","500",145.5
"Goldcrest Longkou Premium Vermicelli | 500g","500",124.5
"Sunshine Sago Big | 500g","500",79.5
"Sunshine Sago Small | 500g","500",79.5
"Barilla Penne Rigate | 500g","500",117.5
"Barilla Spaghetti | 500g","500",117.5
"Ottogi Pork Rib Kalbi Marinated | 480g","480",293.5
"Ottogi Beef Bulgogi Marinated | 480g","480",265
"Ottogi Wasabi Paste Tube | 35g","35",113.5
"Maeil Hot Pepper Paste Gochujang | 500g","500",197.5
"Maeil Seasoned Paste Ssamjang | 500g","500",198.5
"Barilla Pesto Genovese Sauce | 190g","190",264.5
"Barilla Bolognese Sauce | 400g","400",131.25
"Barilla Ricotta Sauce | 400g","400",237.5
"Barilla Arrabbiata Sauces Chili | 400g","400",214.5
"Yaki Nori Seaweed | 27g","27",137.5
"J&Y Sago Small | 250g","250",37.5
"J & Y Sago White Big | 250g","250",37.5
"Kewpie Japanese Style Mayonnaise | 300g","300",145.5
"Kewpie Japanese Style Mayonnaise Reduced Fat | 300g","300",159.5
"Ajumma Sweet & Sour Gochujang | 300g","300",181
"Ottogi Sesame Oil | 110mL","110",275
"Ottogi Kimchi Ramen Pouch | 120g","120",53.5
"Ottogi Ramen Pouch Cheeses | 111g","111",57
"Ajumma Korean Barbeque Sauce | 300g","300",181
"Ajumma Jaapchae Seasoning | 300g","300",162.5
"Sura Vermicelli (Dangmyun) | 250g","250",165.5
"Delimondo Chili and Garlic Oil | 250g","250",177.5
"Quaker Oats Oats Banana & Honey | 500g","500",129.5
"Ferna Eagle Dry Yeast | 125g","125",48.5
"Dae Jang Gum Kimchi | 1kg","1",279
"Ade Kimchi | 420g","420",178
"Golden Oats Instant | 800g","800",144.5
"DAILYFIX STRAWBERRY & YOGHURT 350G","350",234.5
"SAMYANG JJAJANG RAMEN STIRFRIED NOODLES 80G","80",43.5
"Nongshim Shin Ramyun Bowl Tomyum Flavor | 117g","117",60
"Nongshim Shin Ramyun Stir Fry Tomyum Bowl | 103g","103",62.5
"Phil Brand Strawberry Jelly | 380g","380",139.5
"Phil Brand Orange Jelly | 380g","380",139.5
"Phil Brand Mango Jelly | 380g","380",139.5
"Phil Brand Blueberry Jelly | 380g","380",134.5
"Hero Strawberry 0% Sugar Jam | 280g","280",164.5
"Knorr Liquid Seasoning Chili | 500ml","500",177.5
"Sante Whole Grain Crunchy Classic | 350g","350",224.5
"Sante Whole Grain Crunchy Fruit | 350g","350",224.5
"Sante Crunchy Banana With Chocolate | 350g","350",224.5
"Sante Whole Grain Muesli Tradtional | 350g","350",224.5
"Sante Whole Grain Muesli Fruit | 350g","350",224.5
"Sante Whole Grain Muesli Tropical | 350g","350",224.5
"Nongshim Shin Ramyun Stirfry Tomyum | 130g","130",54.25
"Nongshim Shin Ramyun Tomyum Flavor | 123g","123",44.25
"Sm Bonus Iodized Rock Salt | 1kg","1",25
"EXCELLENT CANTON BIHON 600G","600",132.5
"BORGES OLIVE OIL EXTRA VIRGIN 250ML","250",278.5
"BORGES OLIVE OIL PURE 500ML","500",491.5
"FILIPPO BERIO TOM & RICOTTA PESTO 190G","190",202.5
"BARRIO FIESTA BAGOONG GARLIC BITS 250G","250",137
"BARRIO FIESTA BAGOONG SWEET CHILI 250G","250",137
"BARRIO FIESTA BAGOOGN SPICY GATA 250G","250",137
"BARRIO FIESTA BAGOONG SWEET 50G","50",29.5
"BARRIO FIESTA BAGOONG SPICY 50G","50",29.5
"BARRIO FIESTA BAGOONG REGULAR 50G","50",29.5
"Dona Elena Al Dente Pasta Penne Rigate | 500g","500",96.5
"DONA ELENA AL DENTE FUSILLI 500G","500",96.5
"Dona Elena Al Dente Pasta Fettucine | 500g","500",96.5
"Dona Elena Al Dente Pasta Lasagna | 500g","500",143.5
"KNORR PORK CUBES PRO PACK 600G","600",332
"KNORR CHICKEN CUBES PRO PACK 600G","600",332
"KNORR BEEF CUBES PRO PACK 600G","600",332
"KNORR LIQUID SEASONING 3.8L","3.8",1068
"KNORR OYSTER SAUCE 1KG","1",255
"HOUSEFOOD VERMONT CURRY MED HOT 230G","230",250
"HOUSEFOOD VERMONT CURRY HOT 230G","230",250
"Coco Strawberry Choco Oats Bar | 400g","400",134.5
"HOUSEFOOD JAVA CURRY HOT 185G","185",250
"UFC GREEN PEAS 400G","400",39.5
"UFC YOUNG CORN CUTS 425G","425",58.5
"Coco Energy Bar Nuts Oatmeal | 400g","400",142.5
"Coco Original Oat Choco Bar | 400g","400",134.5
"UFC Golden Sweet Corn Kernels Whole | 425g","425",43.5
"UFC WHOLE MUSHROOM 400G","400",54.5
"UFC Garden Fresh Mushroom Pieces & Stems | 400g","400",51.5
"VITA RICE BROWN HEALTHY 2KG","2",164
"VITA RICE BROWN HEALTHY 5KG","5",385
"555 TUNA ADOBO 155G","155",30
"CENTURY CHUNKY CORNED TUNA SISIG 175G","175",31.5
"CENTURY CHUNKY CORNED TUNA SISIG 85G","85",26.5
"CENTURY CHILICORNED TUNA EASY OPEN 85G","85",26
"CENTURY CORNED TUNA EASY OPEN 85G","85",25.5
"Purefoods Chinese Luncheon Meat | 165g","165",33.5
"Purefoods Star Carne Norte | 150g","150",28
"PF STAR CORNED BEEF CHUNKY CHEESE 260G","260",61
"Star Margarine Sweet Blend | 250g","250",89.5
"SM Bonus Chili Powder | 50g","50",22
"Purefoods Star Corned Beef | 150g","150",34
"Nongshim Neoguri Ramyun Spicy Seafood | 120g","120",72.5
"Nongshim Chapagetti Ramyun Olive Oil Original | 140g","140",76.5
"Harvesters Rice Long Grain | 5kg","5",370
"Dona Maria Jasponica Brown Rice | 5kg","5",583
"Del Monte Quick Easy Kare Kare Mix | 50g","50",40.5
"Del Monte Quick Easy Gravy Mix | 30g","30",25.5
"Del Monte Quick Easy Curry Mix | 40g","40",36.5
"SM Bonus Dried Fish Salted Lagao T680 | 200g","200",46.5
"SM Bonus Salted Tabagak With Scl | 200g","200",26.75
"TJ Special Salted Bolinao Small | 250g","250",65
"TJ Special Salted Sap Sap | 250g","250",52
"Ram Sweet Whole Pickles | 3700g","3700",1090
"Purefoods Corned Beef Classic | 1.8kg","1.8",895
"Mua Yu Sesame Oil | 3L","3",781.5
"Sunoil Peanut Oil | 900ml","900",646.5
"Pink Crystal Himalayan Pink Salt | 1kg","1",448
"Tai Hing Shitake Mushroom Sliced | 2840g","2840",392
"Yang Fong No Seasoning 3 Mins Ramen | 520g","520",353.5
"Sunbest Mushroom Pieces Stem | 2840g","2840",344.5
"Skinny Mamas Black Chia | 500g","500",479.5
"Skinny Mamas Tri Color Quinoa | 500g","500",357.5
"Nutrifam Magic Rice Dry Shiritake | 500g","500",320
"Sig Sel Artichoke Hearts Quartered | 390g","390",299
"Pink Crystal Himalayan Pink Salt | 450g","450",298
"Pantai Hoisin Sauce | 435ml","435",296.5
"S&B Shichimi Togarashi Spicy | 300g","300",271.5
"Sun Sea Crab Meat | 170g","170",279.5
"Ragu Robusto 6 Cheese Pasta Sauce | 680g","680",249.5
"Por Kwan Laksa Paste | 200g","200",232.5
"Pantai Sauce Oyster | 730ml","730",231.5
"Pik A Pikel Pickled Mango Spicy Sup | 350g","350",255
"Pasta Zara Spaghetti | 1kg","1",227.5
"Yamaki Seasoning | 400ml","400",227.5
"Pik A Pikel Pickled Mango Regular Sup | 350g","350",250
"TH Ersao Chili Oil | 350ml","350",220
"Takara Hon Mirin | 500ml","500",214.5
"Yamasa Tempura | 330ml","330",212.5
"Wang Red Pepper Paste Chalgo Chujang | 500g","500",229.5
"Pasta Zara Lasagne Gialle Box | 500g","500",194.5
"Nissin Curry Cup Noodle | 85g","85",184.5
"San Remo Tomato Onion Garlic Pasta Sauce | 500g","500",216.5
"San Remo Bolognese Mushroom Pasta Sauce | 500g","500",216.5
"San Remo Bolognese Pasta Sauce | 500g","500",216.5
"Pantai Satay Sauce | 227g","227",178.5
"Pfanner Apple Cider Vinegar | 1L","1",221.5
"Sig Sel Chicken Breast Chunk and Water | 127g","127",159
"Sunbest Hon Mirin | 500ml","500",172
"Sunbest Longan | 565g","565",178.5
"Seaking Bangus In Tomato Sauce | 220g","220",162.5
"Takara Mirin | 300ml","300",159.5
"Ottogi Favorites Noodle Pack | 571g","571",299
"S&B Golden Curry Sauce With Vegetables Hot | 230g","230",149.5
"S&B Golden Curry Sauce With Vegetables Medium Hot | 230g","230",149.5
"S&B Golden Curry Sauce With Vegetables Mild | 230g","230",149.5
"Sunbest Bluberries | 410g","410",143
"Ottogi Red Pepper Flavored Oil | 80ml","80",156.5
"Pasta Zara CousCous | 500g","500",142.5
"Six Fortune Vegetable Noodles | 283g","283",142.5
"Sig Sel Sloppy Joe Sauce | 425g","425",138
"Thai Heritage Sriracha Hot Chili Sauce | 450ml","450",137.5
"Shao Xing Jia Fan Wine | 600ml","600",137.5
"Pearl River Fried Dace W Slted Bean | 184g","184",127.5
"S&B Golden Curry Mix Med Hot | 92g","92",134.5
"S&B Golden Curry Mix Mild | 92g","92",134.5
"Sautao Japanese Udon | 600g","600",125.5
"Romantika Coconut Oil | 1L","1",135.5
"Thai Heritage Paste Tamarind | 220ml","220",117.5
"Pasta Zara Penne Rigate # 49 | 500g","500",114.5
"Pasta Zara Rigatoni #43 | 500g","500",114.5
"Pasta Zara Farfalle #31 Bowtie | 500g","500",114.5
"Nagatanien Fried Rice Mix With Shrimp Vegetable | 24.6g","24.6",112.5
"Navarro'S Burong Dalag | 360g","360",155
"San Marino Chili Corned Tuna With Savings | 85g 4pcs","85",112
"San Marino Corned Tuna With Savings | 85g 4pcs","85",112
"Yamaki Taste Best Bonito | 12.5g","12.5",109.5
"Pasta Zara Spirali Spiral | 500g","500",109.5
"Ocean Flavor Spanish Sardines With Calamansi | 230g","230",116.5
"Ocean Flavor Spanish Sardines With Garlic (Spicy) | 230g","230",116.5
"Ocean Flavor Spanish Sardines With Garlic | 230g","230",116.5
"Ocean Flavor Portugese Style Sardines | 230g","230",116.5
"San Remo Wholemeal Spirals | 500g","500",108.5
"San Remo Wholemeal Penne | 500g","500",108.5
"San Marino Chili Corned Tuna Save P6 | 150g 3pcs","150",106.5
"San Marino Corned Tuna Save P6 | 150g 3pcs","150",106.5
"Showa Japanese Thick Wheat Noodle | 300g","300",104.5
"Pasta Zara Linguine # 11 | 500g","500",104.5
"Pasta Zara Spaghetti 3 | 500g","500",103.5
"Rikoys Bahalina Pure Sukang Pula | 750ml","750",103.5
"Rikoys Bahalina Pure Sukang Puti | 750ml","750",103.5
"UFC Whole Mushroom With Savings | 400g 2pcs","400",101
"Sunlee Yellow Chinese Noodles | 400g","400",99.5
"Supervalu Baked Beans | 420g","420",99
"Simply Chef Pancit Canton | 400g","400",98
"Real Thai With Chili Sauce | 180ml","180",102.5
"UFC Pieces Stems Mushroom Save 8 | 400g 2pcs","400",95
"Navarro Burong Dalag (Bottle) | 227g","227",115
"Zheng Fheng Mushroom Dark Soy Sauce | 750g","750",99.5
"Sun Sea Smoked Oyster | 85g","85",104.5
"Zheng Feng Superior Light Soy Sauce | 750g","750",92.5
"Six Fortune Noodle Stick Small | 250g","250",87.5
"Tiparos Sauce Fish Spiral | 300ml","300",87.5
"Tiffany Egg Misua | 480g","480",86.5
"Tiffany Egg Noodle Round | 480g","480",86.5
"Tiffany Egg Noodle Flat | 480g","480",86.5
"Mura Sarap Bagoong | 250g","250",84.5
"Six Fortune Long Life Somen | 240g","240",84.5
"Unipak Mackerel In Natural Oil | 425g","425",83.5
"Sun Sea Scallops | 85g","85",101.5
"Sun Sea Smoked Mussels | 85g","85",81.5
"Mothers Best Spiced Vin (Sinamak) | 750ml","750",88.5
"TH Tapa King Garlic Vinegar | 375ml","375",81
"Seasons Fruit Mix | 822g","822",79.5
"Samyang Cheese Noodle Soup | 120g","120",77.5
"UFC Corn Kernels With Saving | 425g 2pcs","425",77
"Relish Bread Crumbs | 500g","500",71.5
"Sunbest Bamboo Shoots | 567g","567",68.5
"Quickchow Toyomansi Pancit Canton | 7pcs + 1pc","7",68.25
"Quickchow Chilimansi Pancit Canton | 7pcs + 1pc","7",68.25
"Paldo Lobster King Cup | 110g","110",67.5
"Nissin Seafood With free Spicy Seafood 40g | 40g 3pcs","40",64.5
"Nissin Seafood With free Spicy Seafood 59g | 40g 3pcs","59",64.5
"Star Corned Beef Save 5 | 150g 2pcs","150",63
"Star Corned Beef + Star Chunkee Save 8 | 150g","150",63
"Real Thai green Curry Paste | 50g","50",65.5
"Real Thai Tom Yum Soup Paste | 50g","50",65.5
"Real Thai Red Curry Paste | 50g","50",65.5
"Real Thai Yellow Curry Paste | 50g","50",65.5
"Tiffany Pancit Luglug | 400g","400",62.5
"Todays Mixed Fruit Stock | 432g","432",63
"Real Thai Fish Sauce | 200ml","200",62.5
"Oh Ricey Instant Noodle Pho Beef Bowl | 71g","71",57.5
"Oh Ricey Instant Noodle Pho Chicken Bowl | 71g","71",57.5
"Reno Spicy Liver Spread | 230g","230",57.5
"Tiffany Bijon | 400g","400",57
"Nissin Seafood With free Ramen Beef 55g | 55g 4pcs","55",57
"Shien Shien Paprika Powder | 100g","100",54.5
"Sarap Pinoy Arroz caldo | 113g","113",52.5
"Quickchow Mami Beef 7pcs + 1pc | 50g","7",50.75
"Quickchow Mami Chicken 7pcs + 1pc | 50g","7",50.75
"Select Soy Sauce | 1L","1",50.5
"Star Carne Norte Save 5 | 150g 2pcs","150",50
"Nissin Cup Noodles Chicken | 2.5oz 71g","71",49.5
"Nissin Cup Noodles With Shrimp | 71g","71",49.5
"Yumyum Thai Spicy Seafood Cup | 70g","70",47.5
"Top Choice Bread Crumb | 230g","230",44.5
"Temple Salted Red Bean Cured | 180g","180",44
"Tiffany Egg Noodle Round | 240g","240",43.5
"Tiffany Egg Noodle Flat | 240g","240",43.5
"Sunshine Sago Big | 250g","250",43
"Mothers Best Spiced Vin (Sinamak) | 350ml","350",46.5
"Paldo Koreno Chicken | 100g","100",41.5
"Nissin Damae Prawn Flavor | 100g","100",39.5
"Relish Bread Crumbs| 230g","230",37.5
"Mothers Best Chili Garlic Sauce | 95g","95",41.5
"Oh! Ricey Instant Noodle Pho Beef | 63g","63",34.5
"Oh! Ricey Instant Noodle Pho Chicken | 63g","63",34.5
"Shien Shien Cheese Powder | 100g","100",34.5
"UFC Banana Catsup | 100g 3pcs","100",34.5
"Mothers Best Oyster Sauce | 30g 6pcs","30",33
"Shien Shien Onion Powder | 100g","100",29.5
"Reno Spicy Liver Spread | 85g","85",27.5
"Ram Tomato Paste | 160g","160",33.5
"Nissin Cup Noodles Spicy Korean Style | 45g","45",25.75
"Wata Noodle Beef Yakiniku | 50g","50",25.5
"Wow Ulam Humba | 155g","155",25
"Silver Swan Soy Sauce | 100ml 3pcs","100",22.5
"Ram Tomato Sauce Filipino Style | 250g","250",21
"White Diamond Natural Fine Sea Salt | 500g","500",22
"Select Cane Vinegar | 350ml","350",16.75
"Vegi good Breading Mix Original | 62g","62",16.5
"Ram Tomato Sauce Filipino Style | 115g","115",13.75
"Select Cane Vinegar | 200ml","200",7.5
"Vita Rice Premium Sinandomeng | 25kg","25",1412
"Vita Rice Classic Long Grain Laon | 25kg","25",1391
"SM Bonus Organic Premium Milagrosa | 10kg","10",950
"SM Bonus Organic Rice R 64 | 10kg","10",939
"SM Bonus Organic Rice R 64 | 5kg","5",539
"SM Bonus Organic Premium Milagrosa | 5kg","5",494
"Willy Farms Brown Rice | 5kg","5",475
"Willy Farms Jasmine Rice | 5kg","5",457.5
"SM Bonus Long Grain | 5kg","5",439
"Prime Organics Adlai | 1kg","1",359.5
"SM Bonus Organic Premium Milagrosa | 2kg","2",219
"SM Bonus Organic Rice | 2kg","2",215
"SM Bonus Long grain Rice | 2kg","2",196
"Slimmers Rice | 1kg","1",185.5
"TJ Special Salted Nokus Pakas | 250g","250",184
"Rap And Rai Unsalted Danggit | 100g","100",157.5
"Sea Salt Lapad Pusit Sweet | 80g","80",154.5
"SM Bonus Dried Fish Salted Pakas | 200g","200",145
"Sea Salt Danggit | 80g","80",132.5
"SM Bonus Dried Fish Unsalted B/L Dangit | 200g","200",127
"Rap And Rai Tunsoy Lapad | 200g","200",95.5
"Sea Salt Lapad | 200g","200",94.5
"Rans Dried Salay Salay | 150g","150",82.5
"Rap And Rai Dulong | 100g","100",79.5
"Sea Salt Dilis | 100g","100",78.5
"TJ Special Salted Nokus Pakas | 100g","100",74
"Rap And Rai Malagkit | 500g","500",72
"Twin M Black Pepper Granules | 100g","100",71
"Rap And Rai Monggo | 250g","250",47
"Rans Dried Kapak | 100g","100",43.5
"SM Bonus Dried Fish Salted Lagpang | 200g","200",38
"TJ Special Salted Kasig | 250g","250",37
"Rans Dried Alamang | 50g","50",31.5
"Lal Quilla Gold Basmati Rice 507 | 5kg","5",1969.5
"Kohinoor Charminar Basmati Rice | 5kg","5",1629.5
"Goodlife Sesame Oil | 2L","2",1105
"Harvesters Short Grain | 10kg","10",785
"Molinera White Truffle Oil | 250ml","250",830.5
"Fragata Extra Virgin Olive Oil | 1L","1",1112.5
"Jolly Heart Canola | 5L","5",657
"Mega Tuna Chunks In Oil | 1700g","1700",605
"FC Hi Fiber Red Organic | 5kg","5",605
"Mega Tuna Chunks In Brine | 1700g","1700",575
"Heartlight Oil Canola | 1.89L","1.89",452.5
"Bertolli Olive Oil Extra Virgin | 500ml","500",612.5
"Bertolli Extra Lght Olive Oil | 500ml","500",533.5
"Capri Whole Peeled Tomato | 2550g","2550",408
"Coppola Chopped Tomatoes | 2500g","2500",430
"Hereford Less Sodium Corned Beef Save P20 | 12oz 2pcs","2",405
"Hereford Corned Beef Regular Save P20 | 12oz 2pcs","2",405
"Lee Kum Kee Prem Soy Sauce Save P15 | 1L 2pcs","1",389.5
"SM BONUS VINEGAR HOT & SPICED 350ML","350",29.75
"Capri Pitted Black Olives | 900g","900",363.5
"SM Bonus Vinegar Hot & Spiced | 750ml","750",59.75
"Cape H S Sweet Smoky BBQ Seasoning | 230g","230",390
"Jordan Farms Adlai | 1kg","1",297
"Capri Pomace Olive Oil | 500ml","500",322.5
"Badia Garlic Powder | 297g","297",337.5
"Ajinomoto Dashino Moto Less Salt | 120g","120",327.5
"Ox Palm Luncheon Loaf Save P15 | 340g 2pcs","340",323
"Badia Onion Powder | 269g","269",310.5
"Gallo Tortellini Carne | 500g","500",299.75
"Filippo Berio Truffle Pesto | 190g","190",319.5
"Kewpie Mayonnaise (Japan) | 450g","450",299.5
"Molinera Anchovy Fillets In Oil | 80g","80",334.5
"Fiamma Arborio Rice | 1kg","1",292.5
"Miya Koichi Spicy Yakisoba | 480g","480",289.5
"Heartlight Pure Canola Oil | 946ml","946",230.5
"Bertolli Olive Oil Extra Virgin | 250ml","250",334.5
"Fiesta Coconut Milk Powder |500g","500",278
"Deep Dips Tinapa Salsa | 250g","250",270.5
"Badia Chipotle Ground | 70g","70",269.5
"Enjuku Koji Miso Soup Fried Tofu | 150.4g","150.4",269
"Dona Elena Tuyo In Spicy Olive Oil | 228g","228",259.5
"Healthplus Canola Oil | 1L 2pcs","1",284
"Deep Dips Daing With Kamias Ev Olive Oil | 210g","210",269
"Mizkan Sushi Seasoning | 360ml","360",254.5
"Bertolli Olive Oil Classic | 50ml","50",292.5
"Cape H S Season It All Seasoning | 50g","50",255
"Cape H S Garlic Addict Seasoning | 40g","40",255
"Kings Vermicelli Prem Sotanghon | 1kg","1",229
"Bimoli Palm Oil With Savings | 1L 2pcs","1",226
"Lee Kum Kee Prem Soy Sauce Save P15 | 500ml 2pcs","500",225.25
"Hinode Terriyaki Sauce | 400ml","400",224.5
"Mitra Palm Oil Sup Save P15 | 1L 2pcs","1",218
"Ebara Sauce Spicy | 300ml","300",217.5
"Ebara Sauce Mild | 300ml","300",217.5
"Figaro Pitted Olives Black | 920g","920",215.5
"Gallo Carbonara Sauce | 330g","330",209
"Koka Instant Noodles Tomyum Flavor | 85g 5pcs","85",204.5
"Kanesu Cha Soba | 200g","200",202.5
"Kadoya goma Sesame Oil | 70g","70",199.5
"Bristol Luncheon Meat Original | 340g","340",199.5
"Mega Prime Vermicelli | 1kg","1",199
"CJ Beksul Spicy Pork BBQ Sauce | 500g","500",209.5
"CJ Beksul Beef Bulgogi BBQ Sauce | 500g","500",209.5
"Bristol Original Luncheon Loaf | 12oz 340g","340",191.5
"Bristol Luncheon Loaf Bacongrill | 340g","340",191
"Kewpie Half Cal Creamy Salad Dressing | 210g","210",189.5
"Ajumma Kimchi Seasoning | 300g","300",188.5
"Hinode Yakiniku Sauce | 220ml","220",179.5
"Lee Kum Kee Plum Sauce | 260g","260",179.5
"Gallo Spaghetti Gluten Free | 450g","450",178
"Gallo Pesto Verde Sauce | 190g","190",178
"Maruchan Cup Noodles Ika | 96g","96",177.5
"Maling Chicken Luncheon Meat | 170g 3pcs","170",177
"Heinz Easy Squeeze Tomato Catsup | 570g","570",198.5
"Fontana Formiello Couscous Med | 500g","500",174.5
"Camp Bells Cream Of Mushrm Save P20 | 298g 2pcs","298",169
"Gallo Grana Padano Tomato Sauce | 350g","350",168
"Molinera Sliced Jalapenos | 335g","335",195.5
"Germanos Chili Sauce In Olive Oil | 100g","100",163.5
"182 Casa Lontoc Sweet Spicy Cane Vinegar | 750ml","750",160
"CDO Chinese Luncheon Meat Save P10 | 350g 2pcs","350",158
"Fu Cheng Wu Longmian Noodle | 500g","500",159.5
"Gallo Pasta Tortellini Queso | 250g","250",159
"Gallo Pasta Tortellini Carne | 250g","250",159
"Caramba Sariracha Rojo | 300ml","300",157.5
"CJ Hechandle Ssamjang | 500g","500",165.5
"Dona Maria Jasponica Congee | 2kg","2",156.5
"SM Bonus Special Rice Malagkit | 1kg","1",82
"SM Bonus Premium Grade Rice California Whole Grain | 1kg","1",66
"Fiamma Whole Peeled Tomatoes | 800g","800",152.5
"Fiamma Diced Tom | 800g","800",152.5
"Badia Coriander Ground | 49g","49",152.5
"SM Bonus Special Rice Jasmine Flower | 1kg","1",68
"Del Monte Spaghetti Sauce Italian With Saving | 900g 2pcs","900",160
"McCormick Mustard Save P20 | 200g 2pcs","200",151
"SM Bonus Premium Rice Noble Star | 1kg","1",58
"Chef's Choice Chile Sauce | 200g","200",149.5
"Marca Pina Sukang Puti | 3.78L","3.78",156.5
"SM Bonus Well Milled Rice GS Supreme | 1kg","1",54
"Gallo Noqui Ambiente | 400g","400",148
"Germanos Chili Sauce In Corn Oil | 100g","100",147.5
"SM Bonus Premium Rice Commodore | 1kg","1",56
"Del Monte Spaghatti Sauce Sweet With Savings | 900g 2pcs","900",155
"Highlands Corned Beef Save P15 | 150g 3pcs","150",150
"McCormick White Pepper Ground Save P20 | 36g 2pcs","36",143
"Lucky Me Pancit Canton Kalamansi + Wonderbowl | 80g 10pcs","80",140
"Lucky Me Pancit Canton Sweet Spicy + Wonderbowl | 80g 10pcs","80",140
"Lucky Me Pancit Canton Chilimansi + Wonderbowl | 80g 10pcs","80",140
"Lucky Me Pancit Canton Hot Chili + Wonderbowl | 75g 10pcs","75",140
"Del Monte Spaghetti Sauce Filipino Style With Saving | 900g 2pcs","900",148
"Miyakoichi Chuka Ramen Soba | 180g","180",134.5
"Molinera Tomato Puree Passata | 680g","680",132.5
"CJ Beksul Spicy Pork BBQ Sauce | 290g","290",138.5
"CJ Beksul Beef Bulgogi BBQ Sauce | 290g","290",138.5
"McCormick Garlic Granule Save P20 | 36g 2pcs","36",124
"Coppola Sale Marino Italian Seasalt | 30g","30",134.5
"J&Y Red Mongo | 500g","500",121.5
"Bango Sweet Soy Sauce | 275ml","275",121.5
"Hapimi Pancit Canton | 500g","500",120
"Lou Lang Bukchon Topokki | 163g","163",118
"Gallo Pasta Disney Nemo | 350g","350",118
"Kings Vermecelli Prem Sotanghon | 500g","500",118
"Ayam Sardines In Tomato Sauce Chili & Lime | 120g","120",129.5
"Hinode Cooking Sake | 400ml","400",117.5
"SM BONUS CHINESE SOY SAUCE POUCH 1L","1",43
"Hinode Mirin Sauce | 400ml","400",117.5
"Caramba Chili Fuerte Strong Sauce | 150ml","150",126.5
"Heinz Easy Squeeze Tomato Catsup | 325g","325",126.5
"SM Bonus White Vinegar | 1L Pouch","1",32
"Cook Tok Tteokbokki Creamy Savory Spicy | 135g","135",119.5
"Cook Tok Hot Sweet Tteokbokki | 135g","135",119.5
"McCormick Spanish Paprika Save P20 | 36g 2pcs","36",113.5
"Kara Uht Coconut Cream | 500ml","500",123.5
"Fragata Pitted Black Olives | 330g","330",137.5
"McCormick Onion Granule Save P20 | 36g 2pcs","36",111
"Coconut King Coco Cream Powder | 200g","200",153.5
"AHG Lemon Chicken Suprise | 60g","60",116.5
"Indian Butter Chicken Makhani | 50g","50",116.5
"AHG Indian Chicken Curry | 50g","50",116.5
"AHG Indian Meat Curry | 50g","50",116.5
"AHG Thai Red Curry | 50g","50",116.5
"AHG Singapore Curry Spice Paste | 50g","50",116.5
"AHG Szechuan Hot Sour Soup | 50g","50",116.5
"AHG Indonesian Satay Meat Marinade | 50g","50",116.5
"AHG Singapore Black Pepper Stir Fry | 50g","50",116.5
"Gallo Spaghetti Integral | 450g","450",109
"ABC Hot Sweet Chili Sauce | 335ml","335",108
"Falcons Valley Peach Halves |822g","822",107.5
"Kamayan Bagoong Extra Hot | 250g","250",104.5
"Kamayan Chinese Bagoong | 250g","250",103.5
"Alaska Crema With Savings | 250ml 2pcs","250",113
"Kayumanggi Red Monggo Beans | 340g","340",102.5
"Century Tuna Flakes Hot Spicy | 420g","420",101
"SM Bonus Green Mongo | 250g","250",31
"Lucky Ace Brand Rice Stick Large | 375g","375",99.5
"Lucky Me Pancit Canton Sweet Spicy + Wonderbowl | 60g 10pcs","60",99
"Cabalen Bagoong Spicy | 250g","250",99
"Cabalen Bagoong Classic | 250g","250",99
"Figaro Pitted Olives Black | 160g","160",98.5
"Harvesters Black Sticky Brken Rice | 1kg","1",96
"FF Noodles Creamy Shrimp Tomyun | 60g","60",94.5
"FF Noodles Braised Chicken | 60g","60",94.5
"SM Bonus Rice Healthy Brown | 1kg","1",85
"FF Tomyum Seafood | 60g","60",94.5
"J&Y White Beans | 500g","500",94.5
"Molinera Brown Bean | 400g","400",92.5
"Canlumijiu Rice Wine | 500ml","500",99.5
"SM Bonus Rice Denorado Special | 1kg","1",65
"Doll Bowl Noodle Pepper Pork Flavor | 120g","120",93.5
"Doll Bowl Noodle Hot Spicy Soup Flavor | 120g","120",93.5
"Doll Bowl Noodle Beef Satay Flavor | 120g","120",93.5
"SM Bonus Rice Freshly Milled GS Supreme | 10kg","10",525
"Hai's Instant Singapore Laksa Paste | 230g","230",118.5
"Knorr Sinigang Gabi | 22g 6pcs","22",90
"SM Bonus Rice Premium Angelika | 10kg","10",535
"Marca Pina Spiced Vinegar | 375ml","375",90
"Campagna Linguine | 500g","500",89.5
"SM Bonus Rice Premium Angelika | 25kg","25",1320
"Gallo Mini Pajaritas Farfalle | 450g","450",88
"Gallo Spaghetti No.3 | 450g","450",88
"SM Bonus Rice Freshly Milled GS Supreme | 25kg","25",1300
"Mama Bowl Rice Noodles Beef Flavorpho Bo | 65g","65",87.5
"SM Bonus Rice Freshly Milled GS Supreme | 5kg","5",265
"Mama Instantrice Noodle Spicy Shrimp | 70g","70",87.5
"Knorr Sinigang Original | 22g 6pcs","22",87
"Century Tuna Flakes In Oil Save P5 | 180g 2pcs","180",87
"SM Bonus Rice Premium Angelika | 5kg","5",270
"JB Padas Pino | 320ml","320",86
"Knorr Cream Of Mushroom Save P22 | 62g 2pcs","62",84
"SM Bonus Rice Fragrant Jasmine | 10kg","10",630
"Argentina Giniling 2pcs Free Hunts Ts 250g | pc","2",84
"Ideal gourmet Tagliatelle | 250g","250",88.5
"SM Bonus Rice Freshly Milled Sinandomeng | 10kg","10",525
"Coppola Passata Sieved Tomatoes | 500g","500",90.5
"Mc Chinese Five Spice Singles | 3g 12pcs","3",82.5
"SM Bonus Rice Denurado Special | 10kg","10",605
"McCormick Black Pepper Ground | 70g","70",82
"CJ Hechandle Ssamjang | 170g","170",84.5
"SM Bonus Rice Denurado Special | 5kg","5",305
"McCormick Taco Mix Save P20 | 40g 2pcs","40",77.5
"Excellent Curry Pancit Canton | 240g","240",76.5
"SM Bonus Rice Fragrant Jasmine | 25kg","25",1540
"Lee Kum Kee Premium Soy Sauce | 250ml","250",74
"Golden Valley Straw Mushroom | 425g","425",71.5
"Bango Sweet Soy Sauce | 135ml","135",69.5
"American Garden Coconut Cream | 400ml","400",76.5
"SM Bonus Rice Denurado Special | 25kg","25",1480
"McCormick Kare Kare Mix Save P20 | 60g 2pcs","60",68
"3 Chefs Paste Tomato Yum | 35g","35",66.5
"3 Chefs Yellow Curry Paste | 50g","50",66.5
"3 Chefs Red Curry Paste | 50g","50",66.5
"SM Bonus Rice Freshly Milled Sinandomeng | 25kg","25",1295
"McCormick Caldereta Mix Save P20 | 50g 2pcs","50",66.25
"McCormick Cajun Mix Save P20 | 45g 2pcs","45",66.25
"Delimondo Chicken Liver Pate | 85g","85",65.5
"555 Sardines Chili | 425g","425",63.5
"Leekum Kee Lemngrs Marinade | 60g","60",65
"Hua San Mushroom | 50g","50",64.5
"La Instant Cream Of Japanese Miso Soup | 16g 3pcs","16",66.5
"La Instant Cream Of Mushroom Soup | 22g 3pcs","22",66.5
"Kayumanggi Nata De Coco Green | 340g","340",62.5
"Kayumanggi Nata De Coco White | 340g","340",62.5
"Golden Champ Egg Noodles | 400g","400",74.5
"Kings Vermicelli Prem Sotanghon | 250g","250",61.5
"McCormick Menudo Mix Save P20 | 30g 2pcs","30",61.5
"Master Mackrel In TS Red | 425g","425",66.5
"Hai's Salted Egg Butter Prawn Paste | 70g","70",76.5
"American Garden Coconut Milk | 400ml","400",66.5
"Goodluck Toasted Miki Lapad | 500g","500",64.5
"Goodluck Toasted Miki | 500g","500",64
"DJ Spice Salay | 80g","80",54.5
"Jersey Creamysada | 370ml","370",53.5
"McCormick Pesto Pasta Mix Save P20 | 30g 2pcs","30",53.5
"555 Squid Natural Ink With Chili | 155g","155",51
"Indofood Swt Soy Sauce Kecap Manis | 138ml","138",52.5
"Hunts Baked Beans Save P2 | 175g 2pcs","175",49.5
"555 Squid Natural Ink | 155g","155",50
"Lee Kumkee Panda Oyster Sauce Sup | 150g","150",49.5
"Jersey All Purpose Cream | 250ml","250",48
"Gold Seas Yellow Fin Tuna Chunks Chili | 90g","90",47
"Mega Prime Vermicelli | 250g","250",48.5
"Falcons Valley Whole Kernelcorn | 425g","425",46.5
"Imee Vegetable Noodles | 65g","65",49.5
"Imee Tom Yum Shrimp Noodles | 65g","65",49.5
"SM Bonus Hotcake Mix | 200g","200",28.5
"McCormick Sinigang Mix Save P20 | 40g 2pcs","40",45.5
"Hunts Pork Beans Save P2 | 175g 2pcs","175",45
"Golden Valley Pcs Stem Mushroom | 400g","400",42.75
"Heng Bing Egg Noodles | 250g","250",40.5
"Heng Bing Poku Mushroom | 284g","284",42.5
"Master Fried Sardines With Tausi | 155g","155",39.5
"Lasap Lechon Sauce | 330g","330",37.5
"Knorr Chicken Cubes With Free 2pcs 10g | 30g + 2pcs","2",37
"McCormick Sinigang With Rosemary Chill | 60g","60",35.5
"Ispice Star Anise | 30g","30",32.5
"DJ Spice Sibot | 20g","20",31.5
"Lasap Mix Palabok Sauce | 60g","60",31
"Ispice Banana Blossom | 50g","50",29.5
"Ispice Chili Flakes | 50g","50",29.5
"Ispice Chili Powder | 50g","50",29.5
"Lasap Mix Kaldereta Spicy Stew | 50g","50",29.5
"555 Sardines In Natural Oil | 155g","155",27.5
"Lasap Mix Kare Kare Peanut Stew | 75g","75",29
"J&Y Parmesan Cheese Powder | 30g","30",27.5
"DJ Spice Sesameseeds Black | 30g","30",26.5
"Fat Thin Star Anise | 20g","20",26.5
"JB Boneless Bagoong (Class B) | 320ml","320",24.5
"Ispice Cinnamon Powder | 50g","50",24
"Ispice Curry Powder | 50g","50",24
"Ispice Black Pepper Whole | 30g","30",24
"Ispice Black Pepper Granules | 30g","30",24
"Ispice Black Pepper Powder | 30g","30",24
"Hakone Sardines Chili Premium | 155g","155",23.25
"Arbis Spanish Paprika | 30g","30",27
"Hakone Sardines Tomato Sauce Premium | 155g","155",22.45
"Gaga 100 goreng Extrahot Fried Noodles | 88g","88",22.5
"Ispice Turmeric Powder | 50g","50",22
"Arbis Fried Minced Garlic | 50g","50",22
"Ispice Fried Garlic | 50g","50",21.5
"Ispice Atsuete Powder | 50g","50",21.5
"Lasap Hot Sauce | 100g","100",22.5
"Ispice White Pepper Powder | 30g","30",20
"Ispice Sesame Seed | 50g","50",19.5
"Ispice Tenga Ng Daga | 20g","20",19.5
"Lasap Tamarind Mix | 40g","40",18.5
"Lasap Chicken Gravy Mix | 30g","30",18
"Gaga goreng Special Fried Nodles | 75g","75",16.5
"Menu Breading Mix | 100g","100",16.5
"J&Y Whole Italian Seasoning | 10g","10",16
"Ispice Cheese Powder | 30g","30",15
"Lasap Breadng Mx garlic | 65g","65",14.5
"Happy Mie Mi Goreng Hot Spicy | 70g","70",12
"Happy Mie Mi goreng Original | 70g","70",12
"Ispice Bayleaf | 10g","10",10
"Ispice Black Pepper Whole Ties | 10pcs","10",10
"Ispice Black Pepper Granules Ties | 10pcs","10",10
"Ispice Black Pepper Powder Ties | 10pcs","10",10
"SM BONUS SOUR CREAM POWDER 50G","50",22
"Ispice Bayleaf Ties | 10pcs","10",10
"SM BONUS BLACK PEPPER WHOLE 75G","75",47
"SM BONUS CHEESE POWDER 50G","50",20
"SM BONUS BLACK PEPPER GRANULES 75G","75",47
"Special Rice Local 11 | 1000g-1200g","1000",84
"Special Rice Local 7 | 1000g-1200g","1000",115.2
"Special Rice Local 4 | 1000g-1200g","1000",103.2
"Special Rice Local 5 | 1000g-1200g","1000",82.8
"Special Rice Imported | 1000g-1200g","1000",87.6
"Special Rice Local 3 | 1000g-1200g","1000",88.2
"Special Rice Local 2 | 1000g-1200g","1000",81
"Special Rice Local 6 | 1000g-1200g","1000",97.8
"Special Rice Local 9 | 1000g-1200g","1000",80.4
"Nestum Cereal Original Pouch | 450g","450",264.5
"UFC Super Fiesta Coconut Duo Pack | 1L 2pcs","1",323
"Mama Sitas BBQ Marinade Spouch | 350ml","350",84.5
"Lorins Patis Puro Mansi | 150ml","150",39.25
"Lorins Coco Suka | 150ml","150",48.5
"UFC Cheesy Overload Sauce Sup | 200g","200",89.5
"UFC Meaty Overload Sauce Sup | 250g","250",79.5
"Hapi Fiesta Oil Canola Blend | 900ml","900",124.5
"Jolly Peach Halves | 565g","565",80.5
"Mega Squid In Soy Sauce With Chili | 155g","155",42.5
"Mega Squid In Soy Sauce | 155g","155",41.5
"Mega Corned Sard In Tomato Sauce With Chili | 155g","155",17.25
"UFC Shitake Mushroom | 198g","198",39.5
"Purefoods Corned Beef Bulgogi | 210g","210",128
"Purefoods Corned Beef Mechado | 210g","210",128
"Star Nutri Meats Ulam Kare Kare | 150g","150",34.5
"Star Nutri Meats Ulam Mechado | 150g","150",34.5
"Star Nutri Meats Ulam Caldereta | 150g","150",31.5
"Star Nutri Meats Ulam Adobo | 150g","150",31.5
"Star Nutri Meats Liver Spread | 85g","85",23.5
"Magnolia Sandwich Spreads Jar | 520ml","520",199.5
"Magnolia Chicken Spreads Jar | 520ml","520",259.5
"Unmeat Luncheon Meat Style | 175g","175",99
"Unmeat Corned Beef Style | 200g","200",99
"Nissin Pasta Cheesy Ham & Bacon | 60g","60",19
"Knorr Hot Meals Beef Goto Mix | 32g","32",19
"Knorr Hot Meals Arroz Caldo Mix Sachet | 32g","32",19
"Nestle Trix Cereal | 160g","160",132.5